[2026-06-23 11:13:44] INFO: Starting PW Defense Bot...
[2026-06-23 11:13:44] INFO: Created new database
[2026-06-23 11:13:44] INFO: All database tables ready
[2026-06-23 11:13:44] INFO: Database ready at: C:\Users\hp\Desktop\pw-bot\data\bot.db
[2026-06-23 11:13:44] INFO: ✅ Database ready
[2026-06-23 11:13:44] DEBUG: Loaded command: /config
[2026-06-23 11:13:44] DEBUG: Loaded command: /ping
[2026-06-23 11:13:44] INFO: Total commands loaded: 2
[2026-06-23 11:13:44] INFO: ✅ Commands loaded
[2026-06-23 11:13:44] DEBUG: Loaded event: interactionCreate
[2026-06-23 11:13:44] DEBUG: Loaded event: clientReady
[2026-06-23 11:13:44] INFO: ✅ Events loaded
[2026-06-23 11:13:47] INFO: ✅ Bot is online! Logged in as: TUN Defence System Bot#4166
[2026-06-23 11:13:47] INFO:    Serving 1 server(s)
[2026-06-23 11:13:47] INFO: Starting background job scheduler...
[2026-06-23 11:13:48] INFO: ✅ All scheduled jobs are running
[2026-06-23 11:13:48] INFO: ✅ Background jobs started
[2026-06-23 11:15:00] DEBUG: Running 5-minute job checks...
[2026-06-23 11:15:00] DEBUG: Running 15-minute intelligence update...
[2026-06-23 11:20:00] DEBUG: Running 5-minute job checks...
[2026-06-23 11:25:00] DEBUG: Running 5-minute job checks...
[2026-06-23 11:30:00] DEBUG: Running 5-minute job checks...
[2026-06-23 11:30:00] DEBUG: Running 15-minute intelligence update...
[2026-06-23 11:35:00] DEBUG: Running 5-minute job checks...
[2026-06-23 11:40:00] DEBUG: Running 5-minute job checks...
[2026-06-23 11:45:00] DEBUG: Running 5-minute job checks...
[2026-06-23 11:45:00] DEBUG: Running 15-minute intelligence update...
[2026-06-23 11:50:00] DEBUG: Running 5-minute job checks...
[2026-06-23 11:54:05] INFO: Bot shut down. Database saved.
[2026-06-23 11:55:48] INFO: Starting PW Defense Bot...
[2026-06-23 11:55:48] INFO: Loaded existing database from disk
[2026-06-23 11:55:48] INFO: All database tables ready
[2026-06-23 11:55:48] INFO: Database ready at: C:\Users\hp\Desktop\pw-bot\data\bot.db
[2026-06-23 11:55:48] INFO: ✅ Database ready
[2026-06-23 11:55:48] DEBUG: Loaded command: /config
[2026-06-23 11:55:48] DEBUG: Loaded command: /alerts
[2026-06-23 11:55:48] DEBUG: Loaded command: /ping
[2026-06-23 11:55:48] DEBUG: Loaded command: /beige
[2026-06-23 11:55:48] DEBUG: Loaded command: /watch
[2026-06-23 11:55:48] INFO: Total commands loaded: 5
[2026-06-23 11:55:48] INFO: ✅ Commands loaded
[2026-06-23 11:55:48] DEBUG: Loaded event: interactionCreate
[2026-06-23 11:55:48] DEBUG: Loaded event: clientReady
[2026-06-23 11:55:48] INFO: ✅ Events loaded
[2026-06-23 11:55:52] INFO: ✅ Bot is online! Logged in as: TUN Defence System Bot#4166
[2026-06-23 11:55:52] INFO:    Serving 1 server(s)
[2026-06-23 11:55:52] INFO: Starting background job scheduler...
[2026-06-23 11:55:52] INFO: ✅ Scheduler running — beige checks every 5 minutes
[2026-06-23 11:55:52] INFO: ✅ Background jobs started
[2026-06-23 11:56:02] INFO: Running initial beige check on startup...
[2026-06-23 11:56:02] DEBUG: Running beige exit check...
[2026-06-23 12:00:00] DEBUG: ⏰ Running scheduled beige check...
[2026-06-23 12:00:00] DEBUG: Running beige exit check...
[2026-06-23 12:05:00] DEBUG: ⏰ Running scheduled beige check...
[2026-06-23 12:05:00] DEBUG: Running beige exit check...
[2026-06-23 12:10:00] DEBUG: ⏰ Running scheduled beige check...
[2026-06-23 12:10:00] DEBUG: Running beige exit check...
[2026-06-23 12:13:16] INFO: Bot shut down. Database saved.
[2026-06-23 15:20:19] INFO: Starting PW Defense Bot...
[2026-06-23 15:20:19] INFO: Loaded existing database from disk
[2026-06-23 15:20:19] INFO: All database tables ready
[2026-06-23 15:20:19] INFO: Database ready at: C:\Users\hp\Desktop\pw-bot\data\bot.db
[2026-06-23 15:20:19] INFO: ✅ Database ready
[2026-06-23 15:20:19] DEBUG: Loaded command: /config
[2026-06-23 15:20:19] DEBUG: Loaded command: /alerts
[2026-06-23 15:20:19] DEBUG: Loaded command: /help
[2026-06-23 15:20:19] DEBUG: Loaded command: /ping
[2026-06-23 15:20:19] DEBUG: Loaded command: /beige
[2026-06-23 15:20:19] DEBUG: Loaded command: /watch
[2026-06-23 15:20:19] INFO: Total commands loaded: 6
[2026-06-23 15:20:19] INFO: ✅ Commands loaded
[2026-06-23 15:20:19] DEBUG: Loaded event: interactionCreate
[2026-06-23 15:20:19] DEBUG: Loaded event: clientReady
[2026-06-23 15:20:19] INFO: ✅ Events loaded
[2026-06-23 15:20:23] INFO: ✅ Bot is online! Logged in as: TUN Defence System Bot#4166
[2026-06-23 15:20:23] INFO:    Serving 1 server(s)
[2026-06-23 15:20:23] INFO: Starting background job scheduler...
[2026-06-23 15:20:23] INFO: ✅ Scheduler running — beige checks every 5 minutes
[2026-06-23 15:20:23] INFO: ✅ Background jobs started
[2026-06-23 15:20:33] INFO: Running initial beige check on startup...
[2026-06-23 15:20:33] DEBUG: Running beige exit check...
[2026-06-23 15:25:00] DEBUG: ⏰ Running scheduled beige check...
[2026-06-23 15:25:00] DEBUG: Running beige exit check...
[2026-06-23 15:30:00] DEBUG: ⏰ Running scheduled beige check...
[2026-06-23 15:30:00] DEBUG: Running beige exit check...
[2026-06-23 15:35:00] DEBUG: ⏰ Running scheduled beige check...
[2026-06-23 15:35:00] DEBUG: Running beige exit check...
[2026-06-23 15:40:00] DEBUG: ⏰ Running scheduled beige check...
[2026-06-23 15:40:00] DEBUG: Running beige exit check...
[2026-06-23 15:45:00] DEBUG: ⏰ Running scheduled beige check...
[2026-06-23 15:45:00] DEBUG: Running beige exit check...
[2026-06-23 15:50:00] DEBUG: ⏰ Running scheduled beige check...
[2026-06-23 15:50:00] DEBUG: Running beige exit check...
[2026-06-23 15:55:00] DEBUG: ⏰ Running scheduled beige check...
[2026-06-23 15:55:00] DEBUG: Running beige exit check...
[2026-06-23 16:00:00] DEBUG: ⏰ Running scheduled beige check...
[2026-06-23 16:00:00] DEBUG: Running beige exit check...
[2026-06-23 16:10:00] DEBUG: ⏰ Running scheduled beige check...
[2026-06-23 16:10:00] DEBUG: Running beige exit check...
[2026-06-23 16:30:00] DEBUG: ⏰ Running scheduled beige check...
[2026-06-23 16:30:00] DEBUG: Running beige exit check...
[2026-06-23 16:30:02] ERROR: P&W API request failed:
[2026-06-23 16:30:02] ERROR: Error fetching beige targets: write EPROTO C03A0000:error:0A00041B:SSL routines:ssl3_read_bytes:tlsv1 alert decrypt error:openssl\ssl\record\rec_layer_s3.c:916:SSL alert number 51

Error: write EPROTO C03A0000:error:0A00041B:SSL routines:ssl3_read_bytes:tlsv1 alert decrypt error:openssl\ssl\record\rec_layer_s3.c:916:SSL alert number 51

    at AxiosError.from (C:\Users\hp\Desktop\pw-bot\node_modules\axios\dist\node\axios.cjs:1355:24)
    at RedirectableRequest.handleRequestError (C:\Users\hp\Desktop\pw-bot\node_modules\axios\dist\node\axios.cjs:4082:25)
    at RedirectableRequest.emit (node:events:520:35)
    at eventHandlers.<computed> (C:\Users\hp\Desktop\pw-bot\node_modules\follow-redirects\index.js:56:24)
    at ClientRequest.emit (node:events:508:28)
    at emitErrorEvent (node:_http_client:108:11)
    at TLSSocket.socketErrorListener (node:_http_client:575:5)
    at TLSSocket.emit (node:events:520:35)
    at emitErrorNT (node:internal/streams/destroy:170:8)
    at emitErrorCloseNT (node:internal/streams/destroy:129:3)
    at Axios.request (C:\Users\hp\Desktop\pw-bot\node_modules\axios\dist\node\axios.cjs:5517:41)
    at process.processTicksAndRejections (node:internal/process/task_queues:103:5)
    at async pwQuery (C:\Users\hp\Desktop\pw-bot\src\utils\pwApi.js:20:22)
    at async getBeigeTargets (C:\Users\hp\Desktop\pw-bot\src\systems\beige\beigeTracker.js:44:18)
    at async processGuildBeige (C:\Users\hp\Desktop\pw-bot\src\jobs\beigeJob.js:37:26)
    at async checkBeigeExits (C:\Users\hp\Desktop\pw-bot\src\jobs\beigeJob.js:26:7)
    at async Task._execution (C:\Users\hp\Desktop\pw-bot\src\jobs\scheduler.js:22:5)
[2026-06-23 16:35:00] DEBUG: ⏰ Running scheduled beige check...
[2026-06-23 16:35:00] DEBUG: Running beige exit check...
[2026-06-23 16:40:00] DEBUG: ⏰ Running scheduled beige check...
[2026-06-23 16:40:00] DEBUG: Running beige exit check...
[2026-06-23 16:45:00] DEBUG: ⏰ Running scheduled beige check...
[2026-06-23 16:45:00] DEBUG: Running beige exit check...
[2026-06-23 16:50:00] DEBUG: ⏰ Running scheduled beige check...
[2026-06-23 16:50:00] DEBUG: Running beige exit check...
[2026-06-23 16:55:00] DEBUG: ⏰ Running scheduled beige check...
[2026-06-23 16:55:00] DEBUG: Running beige exit check...
[2026-06-23 17:00:00] DEBUG: ⏰ Running scheduled beige check...
[2026-06-23 17:00:00] DEBUG: Running beige exit check...
[2026-06-23 17:05:00] DEBUG: ⏰ Running scheduled beige check...
[2026-06-23 17:05:00] DEBUG: Running beige exit check...
[2026-06-23 17:10:00] DEBUG: ⏰ Running scheduled beige check...
[2026-06-23 17:10:00] DEBUG: Running beige exit check...
[2026-06-23 17:15:00] DEBUG: ⏰ Running scheduled beige check...
[2026-06-23 17:15:00] DEBUG: Running beige exit check...
[2026-06-23 17:20:00] DEBUG: ⏰ Running scheduled beige check...
[2026-06-23 17:20:00] DEBUG: Running beige exit check...
[2026-06-23 17:25:00] DEBUG: ⏰ Running scheduled beige check...
[2026-06-23 17:25:00] DEBUG: Running beige exit check...
[2026-06-23 17:30:00] DEBUG: ⏰ Running scheduled beige check...
[2026-06-23 17:30:00] DEBUG: Running beige exit check...
[2026-06-23 17:35:00] DEBUG: ⏰ Running scheduled beige check...
[2026-06-23 17:35:00] DEBUG: Running beige exit check...
[2026-06-23 17:40:00] DEBUG: ⏰ Running scheduled beige check...
[2026-06-23 17:40:00] DEBUG: Running beige exit check...
[2026-06-23 17:45:00] DEBUG: ⏰ Running scheduled beige check...
[2026-06-23 17:45:00] DEBUG: Running beige exit check...
[2026-06-23 18:20:00] DEBUG: ⏰ Running scheduled beige check...
[2026-06-23 18:20:00] DEBUG: Running beige exit check...
[2026-06-23 18:25:00] DEBUG: ⏰ Running scheduled beige check...
[2026-06-23 18:25:00] DEBUG: Running beige exit check...
[2026-06-23 18:30:00] DEBUG: ⏰ Running scheduled beige check...
[2026-06-23 18:30:00] DEBUG: Running beige exit check...
[2026-06-23 18:35:00] DEBUG: ⏰ Running scheduled beige check...
[2026-06-23 18:35:00] DEBUG: Running beige exit check...
[2026-06-23 18:40:00] DEBUG: ⏰ Running scheduled beige check...
[2026-06-23 18:40:00] DEBUG: Running beige exit check...
[2026-06-23 18:45:00] DEBUG: ⏰ Running scheduled beige check...
[2026-06-23 18:45:00] DEBUG: Running beige exit check...
[2026-06-23 18:50:00] DEBUG: ⏰ Running scheduled beige check...
[2026-06-23 18:50:00] DEBUG: Running beige exit check...
[2026-06-23 18:55:00] DEBUG: ⏰ Running scheduled beige check...
[2026-06-23 18:55:00] DEBUG: Running beige exit check...
[2026-06-23 19:00:00] DEBUG: ⏰ Running scheduled beige check...
[2026-06-23 19:00:00] DEBUG: Running beige exit check...
[2026-06-23 19:05:00] DEBUG: ⏰ Running scheduled beige check...
[2026-06-23 19:05:00] DEBUG: Running beige exit check...
[2026-06-23 19:05:11] ERROR: P&W API request failed:
[2026-06-23 19:05:11] ERROR: Error fetching beige targets: getaddrinfo ENOTFOUND api.politicsandwar.com
Error: getaddrinfo ENOTFOUND api.politicsandwar.com
    at AxiosError.from (C:\Users\hp\Desktop\pw-bot\node_modules\axios\dist\node\axios.cjs:1355:24)
    at RedirectableRequest.handleRequestError (C:\Users\hp\Desktop\pw-bot\node_modules\axios\dist\node\axios.cjs:4082:25)
    at RedirectableRequest.emit (node:events:520:35)
    at eventHandlers.<computed> (C:\Users\hp\Desktop\pw-bot\node_modules\follow-redirects\index.js:56:24)
    at ClientRequest.emit (node:events:508:28)
    at emitErrorEvent (node:_http_client:108:11)
    at TLSSocket.socketErrorListener (node:_http_client:575:5)
    at TLSSocket.emit (node:events:520:35)
    at emitErrorNT (node:internal/streams/destroy:170:8)
    at emitErrorCloseNT (node:internal/streams/destroy:129:3)
    at Axios.request (C:\Users\hp\Desktop\pw-bot\node_modules\axios\dist\node\axios.cjs:5517:41)
    at process.processTicksAndRejections (node:internal/process/task_queues:103:5)
    at async pwQuery (C:\Users\hp\Desktop\pw-bot\src\utils\pwApi.js:20:22)
    at async getBeigeTargets (C:\Users\hp\Desktop\pw-bot\src\systems\beige\beigeTracker.js:44:18)
    at async processGuildBeige (C:\Users\hp\Desktop\pw-bot\src\jobs\beigeJob.js:37:26)
    at async checkBeigeExits (C:\Users\hp\Desktop\pw-bot\src\jobs\beigeJob.js:26:7)
    at async Task._execution (C:\Users\hp\Desktop\pw-bot\src\jobs\scheduler.js:22:5)
[2026-06-23 19:10:00] DEBUG: ⏰ Running scheduled beige check...
[2026-06-23 19:10:00] DEBUG: Running beige exit check...
[2026-06-23 19:15:00] DEBUG: ⏰ Running scheduled beige check...
[2026-06-23 19:15:00] DEBUG: Running beige exit check...
[2026-06-23 19:20:00] DEBUG: ⏰ Running scheduled beige check...
[2026-06-23 19:20:00] DEBUG: Running beige exit check...
[2026-06-23 19:25:00] DEBUG: ⏰ Running scheduled beige check...
[2026-06-23 19:25:00] DEBUG: Running beige exit check...
[2026-06-23 19:30:00] DEBUG: ⏰ Running scheduled beige check...
[2026-06-23 19:30:00] DEBUG: Running beige exit check...
[2026-06-23 19:35:00] DEBUG: ⏰ Running scheduled beige check...
[2026-06-23 19:35:00] DEBUG: Running beige exit check...
[2026-06-23 19:40:00] DEBUG: ⏰ Running scheduled beige check...
[2026-06-23 19:40:00] DEBUG: Running beige exit check...
[2026-06-23 19:45:00] DEBUG: ⏰ Running scheduled beige check...
[2026-06-23 19:45:00] DEBUG: Running beige exit check...
[2026-06-23 19:50:00] DEBUG: ⏰ Running scheduled beige check...
[2026-06-23 19:50:00] DEBUG: Running beige exit check...
[2026-06-23 19:55:00] DEBUG: ⏰ Running scheduled beige check...
[2026-06-23 19:55:00] DEBUG: Running beige exit check...
[2026-06-23 20:00:00] DEBUG: ⏰ Running scheduled beige check...
[2026-06-23 20:00:00] DEBUG: Running beige exit check...
[2026-06-23 20:25:00] DEBUG: ⏰ Running scheduled beige check...
[2026-06-23 20:25:00] DEBUG: Running beige exit check...
[2026-06-23 20:25:00] ERROR: P&W API request failed:
[2026-06-23 20:25:00] ERROR: Error fetching beige targets: getaddrinfo ENOTFOUND api.politicsandwar.com
Error: getaddrinfo ENOTFOUND api.politicsandwar.com
    at AxiosError.from (C:\Users\hp\Desktop\pw-bot\node_modules\axios\dist\node\axios.cjs:1355:24)
    at RedirectableRequest.handleRequestError (C:\Users\hp\Desktop\pw-bot\node_modules\axios\dist\node\axios.cjs:4082:25)
    at RedirectableRequest.emit (node:events:520:35)
    at eventHandlers.<computed> (C:\Users\hp\Desktop\pw-bot\node_modules\follow-redirects\index.js:56:24)
    at ClientRequest.emit (node:events:508:28)
    at emitErrorEvent (node:_http_client:108:11)
    at TLSSocket.socketErrorListener (node:_http_client:575:5)
    at TLSSocket.emit (node:events:520:35)
    at emitErrorNT (node:internal/streams/destroy:170:8)
    at emitErrorCloseNT (node:internal/streams/destroy:129:3)
    at Axios.request (C:\Users\hp\Desktop\pw-bot\node_modules\axios\dist\node\axios.cjs:5517:41)
    at process.processTicksAndRejections (node:internal/process/task_queues:103:5)
    at async pwQuery (C:\Users\hp\Desktop\pw-bot\src\utils\pwApi.js:20:22)
    at async getBeigeTargets (C:\Users\hp\Desktop\pw-bot\src\systems\beige\beigeTracker.js:44:18)
    at async processGuildBeige (C:\Users\hp\Desktop\pw-bot\src\jobs\beigeJob.js:37:26)
    at async checkBeigeExits (C:\Users\hp\Desktop\pw-bot\src\jobs\beigeJob.js:26:7)
    at async Task._execution (C:\Users\hp\Desktop\pw-bot\src\jobs\scheduler.js:22:5)
[2026-06-23 20:30:00] DEBUG: ⏰ Running scheduled beige check...
[2026-06-23 20:30:00] DEBUG: Running beige exit check...
[2026-06-23 20:35:00] DEBUG: ⏰ Running scheduled beige check...
[2026-06-23 20:35:00] DEBUG: Running beige exit check...
[2026-06-23 20:40:00] DEBUG: ⏰ Running scheduled beige check...
[2026-06-23 20:40:00] DEBUG: Running beige exit check...
[2026-06-23 20:45:00] DEBUG: ⏰ Running scheduled beige check...
[2026-06-23 20:45:00] DEBUG: Running beige exit check...
[2026-06-23 20:50:00] DEBUG: ⏰ Running scheduled beige check...
[2026-06-23 20:50:00] DEBUG: Running beige exit check...
[2026-06-23 20:55:00] DEBUG: ⏰ Running scheduled beige check...
[2026-06-23 20:55:00] DEBUG: Running beige exit check...
[2026-06-23 20:55:14] INFO: Bot shut down. Database saved.
[2026-06-23 20:55:36] INFO: Starting PW Defense Bot...
[2026-06-23 20:55:36] INFO: Loaded existing database from disk
[2026-06-23 20:55:36] INFO: All database tables ready
[2026-06-23 20:55:36] INFO: Database ready at: C:\Users\hp\Desktop\pw-bot\data\bot.db
[2026-06-23 20:55:36] INFO: ✅ Database ready
[2026-06-23 20:55:36] DEBUG: Loaded command: /config
[2026-06-23 20:55:36] DEBUG: Loaded command: /alerts
[2026-06-23 20:55:36] DEBUG: Loaded command: /help
[2026-06-23 20:55:36] DEBUG: Loaded command: /ping
[2026-06-23 20:55:36] DEBUG: Loaded command: /beige
[2026-06-23 20:55:36] DEBUG: Loaded command: /watch
[2026-06-23 20:55:36] DEBUG: Loaded command: /assign
[2026-06-23 20:55:36] DEBUG: Loaded command: /hq
[2026-06-23 20:55:36] DEBUG: Loaded command: /readiness
[2026-06-23 20:55:36] DEBUG: Loaded command: /reserve
[2026-06-23 20:55:36] INFO: Total commands loaded: 10
[2026-06-23 20:55:36] INFO: ✅ Commands loaded
[2026-06-23 20:55:36] DEBUG: Loaded event: interactionCreate
[2026-06-23 20:55:36] DEBUG: Loaded event: clientReady
[2026-06-23 20:55:36] INFO: ✅ Events loaded
[2026-06-23 20:55:39] INFO: ✅ Bot is online! Logged in as: TUN Defence System Bot#4166
[2026-06-23 20:55:39] INFO:    Serving 1 server(s)
[2026-06-23 20:55:39] INFO: Starting background job scheduler...
[2026-06-23 20:55:39] INFO: ✅ Scheduler running — beige checks every 5 minutes
[2026-06-23 20:55:39] INFO: ✅ Background jobs started
[2026-06-23 20:55:49] INFO: Running initial beige check on startup...
[2026-06-23 20:55:49] DEBUG: Running beige exit check...
[2026-06-23 21:00:00] DEBUG: ⏰ Running scheduled beige check...
[2026-06-23 21:00:00] DEBUG: Running beige exit check...
[2026-06-23 21:03:22] WARN: P&W API errors:
[2026-06-23 21:03:22] WARN: P&W API errors:
[2026-06-23 21:03:23] WARN: P&W API errors:
[2026-06-23 21:04:44] WARN: P&W API errors:
[2026-06-23 21:04:45] WARN: P&W API errors:
[2026-06-23 21:04:45] WARN: P&W API errors:
[2026-06-23 21:05:00] DEBUG: ⏰ Running scheduled beige check...
[2026-06-23 21:05:00] DEBUG: Running beige exit check...
[2026-06-23 21:05:39] WARN: P&W API errors:
[2026-06-23 21:05:41] WARN: P&W API errors:
[2026-06-23 21:05:42] WARN: P&W API errors:
[2026-06-23 21:10:00] DEBUG: ⏰ Running scheduled beige check...
[2026-06-23 21:10:00] DEBUG: Running beige exit check...
[2026-06-23 21:15:00] DEBUG: ⏰ Running scheduled beige check...
[2026-06-23 21:15:00] DEBUG: Running beige exit check...
[2026-06-23 21:18:46] INFO: Bot shut down. Database saved.
[2026-06-23 21:19:04] INFO: Starting PW Defense Bot...
[2026-06-23 21:19:04] INFO: Loaded existing database from disk
[2026-06-23 21:19:04] INFO: All database tables ready
[2026-06-23 21:19:04] INFO: Database ready at: C:\Users\hp\Desktop\pw-bot\data\bot.db
[2026-06-23 21:19:04] INFO: ✅ Database ready
[2026-06-23 21:19:04] DEBUG: Loaded command: /config
[2026-06-23 21:19:04] DEBUG: Loaded command: /alerts
[2026-06-23 21:19:04] DEBUG: Loaded command: /help
[2026-06-23 21:19:04] DEBUG: Loaded command: /ping
[2026-06-23 21:19:04] DEBUG: Loaded command: /beige
[2026-06-23 21:19:04] DEBUG: Loaded command: /intel
[2026-06-23 21:19:04] DEBUG: Loaded command: /targets
[2026-06-23 21:19:04] DEBUG: Loaded command: /watch
[2026-06-23 21:19:04] DEBUG: Loaded command: /assign
[2026-06-23 21:19:04] DEBUG: Loaded command: /counter
[2026-06-23 21:19:04] DEBUG: Loaded command: /hq
[2026-06-23 21:19:04] DEBUG: Loaded command: /readiness
[2026-06-23 21:19:04] DEBUG: Loaded command: /reserve
[2026-06-23 21:19:04] INFO: Total commands loaded: 13
[2026-06-23 21:19:04] INFO: ✅ Commands loaded
[2026-06-23 21:19:04] DEBUG: Loaded event: interactionCreate
[2026-06-23 21:19:04] DEBUG: Loaded event: clientReady
[2026-06-23 21:19:04] INFO: ✅ Events loaded
[2026-06-23 21:19:08] INFO: ✅ Bot is online! Logged in as: TUN Defence System Bot#4166
[2026-06-23 21:19:08] INFO:    Serving 1 server(s)
[2026-06-23 21:19:08] INFO: Starting background job scheduler...
[2026-06-23 21:19:08] INFO: ✅ Scheduler running — beige checks every 5 minutes
[2026-06-23 21:19:08] INFO: ✅ Background jobs started
[2026-06-23 21:19:18] INFO: Running initial beige check on startup...
[2026-06-23 21:19:18] DEBUG: Running beige exit check...
[2026-06-23 21:19:52] DEBUG: Alliance 14147: 119 total nations, 87 actual members (32 applicants excluded)
[2026-06-23 21:20:00] DEBUG: ⏰ Running scheduled beige check...
[2026-06-23 21:20:00] DEBUG: Running beige exit check...
[2026-06-23 21:21:03] DEBUG: Alliance 14124: 123 total nations, 68 actual members (55 applicants excluded)
[2026-06-23 21:23:17] WARN: P&W API errors:
[2026-06-23 21:23:55] WARN: P&W API errors:
[2026-06-23 21:25:00] DEBUG: ⏰ Running scheduled beige check...
[2026-06-23 21:25:00] DEBUG: Running beige exit check...
[2026-06-23 21:30:00] DEBUG: ⏰ Running scheduled beige check...
[2026-06-23 21:30:00] DEBUG: Running beige exit check...
[2026-06-23 21:35:00] DEBUG: ⏰ Running scheduled beige check...
[2026-06-23 21:35:00] DEBUG: Running beige exit check...
[2026-06-23 21:40:00] DEBUG: ⏰ Running scheduled beige check...
[2026-06-23 21:40:00] DEBUG: Running beige exit check...
[2026-06-23 21:45:00] DEBUG: ⏰ Running scheduled beige check...
[2026-06-23 21:45:00] DEBUG: Running beige exit check...
[2026-06-23 21:50:00] DEBUG: ⏰ Running scheduled beige check...
[2026-06-23 21:50:00] DEBUG: Running beige exit check...
[2026-06-23 21:55:00] DEBUG: ⏰ Running scheduled beige check...
[2026-06-23 21:55:00] DEBUG: Running beige exit check...
[2026-06-23 22:00:00] DEBUG: ⏰ Running scheduled beige check...
[2026-06-23 22:00:00] DEBUG: Running beige exit check...
[2026-06-23 22:05:00] DEBUG: ⏰ Running scheduled beige check...
[2026-06-23 22:05:00] DEBUG: Running beige exit check...
[2026-06-23 22:10:00] DEBUG: ⏰ Running scheduled beige check...
[2026-06-23 22:10:00] DEBUG: Running beige exit check...
[2026-06-23 22:15:00] DEBUG: ⏰ Running scheduled beige check...
[2026-06-23 22:15:00] DEBUG: Running beige exit check...
[2026-06-23 22:25:00] DEBUG: ⏰ Running scheduled beige check...
[2026-06-23 22:25:00] DEBUG: Running beige exit check...
[2026-06-23 22:30:00] DEBUG: ⏰ Running scheduled beige check...
[2026-06-23 22:30:00] DEBUG: Running beige exit check...
[2026-06-23 22:35:00] DEBUG: ⏰ Running scheduled beige check...
[2026-06-23 22:35:00] DEBUG: Running beige exit check...
[2026-06-23 22:40:00] DEBUG: ⏰ Running scheduled beige check...
[2026-06-23 22:40:00] DEBUG: Running beige exit check...
[2026-06-23 22:45:00] DEBUG: ⏰ Running scheduled beige check...
[2026-06-23 22:45:00] DEBUG: Running beige exit check...
[2026-06-23 22:50:00] DEBUG: ⏰ Running scheduled beige check...
[2026-06-23 22:50:00] DEBUG: Running beige exit check...
[2026-06-23 22:55:00] DEBUG: ⏰ Running scheduled beige check...
[2026-06-23 22:55:00] DEBUG: Running beige exit check...
[2026-06-23 23:00:00] DEBUG: ⏰ Running scheduled beige check...
[2026-06-23 23:00:00] DEBUG: Running beige exit check...
[2026-06-23 23:05:00] DEBUG: ⏰ Running scheduled beige check...
[2026-06-23 23:05:00] DEBUG: Running beige exit check...
[2026-06-23 23:10:00] DEBUG: ⏰ Running scheduled beige check...
[2026-06-23 23:10:00] DEBUG: Running beige exit check...
[2026-06-23 23:15:00] DEBUG: ⏰ Running scheduled beige check...
[2026-06-23 23:15:00] DEBUG: Running beige exit check...
[2026-06-23 23:15:33] INFO: Bot shut down. Database saved.
[2026-06-24 07:57:48] INFO: Starting PW Defense Bot...
[2026-06-24 07:57:48] INFO: Loaded existing database from disk
[2026-06-24 07:57:48] INFO: All database tables ready
[2026-06-24 07:57:48] INFO: Database ready at: C:\Users\hp\Desktop\pw-bot\data\bot.db
[2026-06-24 07:57:48] INFO: ✅ Database ready
[2026-06-24 07:57:48] DEBUG: Loaded command: /config
[2026-06-24 07:57:48] DEBUG: Loaded command: /alerts
[2026-06-24 07:57:48] DEBUG: Loaded command: /help
[2026-06-24 07:57:48] DEBUG: Loaded command: /ping
[2026-06-24 07:57:48] DEBUG: Loaded command: /beige
[2026-06-24 07:57:48] DEBUG: Loaded command: /intel
[2026-06-24 07:57:48] DEBUG: Loaded command: /targets
[2026-06-24 07:57:48] DEBUG: Loaded command: /watch
[2026-06-24 07:57:48] DEBUG: Loaded command: /assign
[2026-06-24 07:57:48] DEBUG: Loaded command: /counter
[2026-06-24 07:57:48] DEBUG: Loaded command: /hq
[2026-06-24 07:57:48] DEBUG: Loaded command: /readiness
[2026-06-24 07:57:48] DEBUG: Loaded command: /reserve
[2026-06-24 07:57:48] INFO: Total commands loaded: 13
[2026-06-24 07:57:48] INFO: ✅ Commands loaded
[2026-06-24 07:57:48] DEBUG: Loaded event: interactionCreate
[2026-06-24 07:57:49] DEBUG: Loaded event: clientReady
[2026-06-24 07:57:49] INFO: ✅ Events loaded
[2026-06-24 07:57:52] INFO: ✅ Bot is online! Logged in as: TUN Defence System Bot#4166
[2026-06-24 07:57:52] INFO:    Serving 1 server(s)
[2026-06-24 07:57:52] INFO: Starting background job scheduler...
[2026-06-24 07:57:52] INFO: ✅ Scheduler running — beige checks every 5 minutes
[2026-06-24 07:57:52] INFO: ✅ Background jobs started
[2026-06-24 07:58:02] INFO: Running initial beige check on startup...
[2026-06-24 07:58:02] DEBUG: Running beige exit check...
[2026-06-24 07:58:22] WARN: P&W API errors:
[2026-06-24 07:58:39] WARN: P&W API errors:
[2026-06-24 08:00:00] DEBUG: ⏰ Running scheduled beige check...
[2026-06-24 08:00:00] DEBUG: Running beige exit check...
[2026-06-24 08:00:04] WARN: P&W API errors:
[2026-06-24 08:05:00] DEBUG: ⏰ Running scheduled beige check...
[2026-06-24 08:05:00] DEBUG: Running beige exit check...
[2026-06-24 08:06:50] INFO: Bot shut down. Database saved.
[2026-06-24 08:06:55] INFO: Starting PW Defense Bot...
[2026-06-24 08:06:55] INFO: Loaded existing database from disk
[2026-06-24 08:06:55] INFO: All database tables ready
[2026-06-24 08:06:55] INFO: Database ready at: C:\Users\hp\Desktop\pw-bot\data\bot.db
[2026-06-24 08:06:55] INFO: ✅ Database ready
[2026-06-24 08:06:55] DEBUG: Loaded command: /config
[2026-06-24 08:06:55] DEBUG: Loaded command: /alerts
[2026-06-24 08:06:55] DEBUG: Loaded command: /help
[2026-06-24 08:06:55] DEBUG: Loaded command: /ping
[2026-06-24 08:06:55] DEBUG: Loaded command: /beige
[2026-06-24 08:06:55] DEBUG: Loaded command: /intel
[2026-06-24 08:06:55] DEBUG: Loaded command: /targets
[2026-06-24 08:06:55] DEBUG: Loaded command: /watch
[2026-06-24 08:06:55] DEBUG: Loaded command: /assign
[2026-06-24 08:06:55] DEBUG: Loaded command: /counter
[2026-06-24 08:06:55] DEBUG: Loaded command: /hq
[2026-06-24 08:06:55] DEBUG: Loaded command: /readiness
[2026-06-24 08:06:55] DEBUG: Loaded command: /reserve
[2026-06-24 08:06:55] INFO: Total commands loaded: 13
[2026-06-24 08:06:55] INFO: ✅ Commands loaded
[2026-06-24 08:06:55] DEBUG: Loaded event: interactionCreate
[2026-06-24 08:06:55] DEBUG: Loaded event: clientReady
[2026-06-24 08:06:55] INFO: ✅ Events loaded
[2026-06-24 08:06:58] INFO: ✅ Bot is online! Logged in as: TUN Defence System Bot#4166
[2026-06-24 08:06:58] INFO:    Serving 1 server(s)
[2026-06-24 08:06:58] INFO: Starting background job scheduler...
[2026-06-24 08:06:58] INFO: ✅ Scheduler running — beige checks every 5 minutes
[2026-06-24 08:06:58] INFO: ✅ Background jobs started
[2026-06-24 08:07:08] INFO: Running initial beige check on startup...
[2026-06-24 08:07:08] DEBUG: Running beige exit check...
[2026-06-24 08:07:53] DEBUG: Searching alliances client-side for: "samurai"
[2026-06-24 08:07:53] DEBUG: Fetching alliance page 1...
[2026-06-24 08:07:54] WARN: P&W API errors: [
  {
    "message": "Cannot query field \"num_nations\" on type \"Alliance\". Did you mean \"nations\" or \"munitions\"?",
    "extensions": {
      "category": "graphql"
    },
    "locations": [
      {
        "line": 9,
        "column": 13
      }
    ]
  }
]
[2026-06-24 08:07:54] DEBUG: Page 1: got 0 alliances (total in DB: undefined, hasMore: undefined)
[2026-06-24 08:07:54] DEBUG: First 5 alliance names: 
[2026-06-24 08:07:54] DEBUG: No more pages — alliance not found
[2026-06-24 08:07:54] WARN: Alliance "samurai" not found after searching 1 page(s)
[2026-06-24 08:10:00] DEBUG: ⏰ Running scheduled beige check...
[2026-06-24 08:10:00] DEBUG: Running beige exit check...
[2026-06-24 08:11:51] INFO: Bot shut down. Database saved.
[2026-06-24 08:11:56] INFO: Starting PW Defense Bot...
[2026-06-24 08:11:56] INFO: Loaded existing database from disk
[2026-06-24 08:11:56] INFO: All database tables ready
[2026-06-24 08:11:56] INFO: Database ready at: C:\Users\hp\Desktop\pw-bot\data\bot.db
[2026-06-24 08:11:56] INFO: ✅ Database ready
[2026-06-24 08:11:56] DEBUG: Loaded command: /config
[2026-06-24 08:11:56] DEBUG: Loaded command: /alerts
[2026-06-24 08:11:56] DEBUG: Loaded command: /help
[2026-06-24 08:11:56] DEBUG: Loaded command: /ping
[2026-06-24 08:11:57] DEBUG: Loaded command: /beige
[2026-06-24 08:11:57] DEBUG: Loaded command: /intel
[2026-06-24 08:11:57] DEBUG: Loaded command: /targets
[2026-06-24 08:11:57] DEBUG: Loaded command: /watch
[2026-06-24 08:11:57] DEBUG: Loaded command: /assign
[2026-06-24 08:11:57] DEBUG: Loaded command: /counter
[2026-06-24 08:11:57] DEBUG: Loaded command: /hq
[2026-06-24 08:11:57] DEBUG: Loaded command: /readiness
[2026-06-24 08:11:57] DEBUG: Loaded command: /reserve
[2026-06-24 08:11:57] INFO: Total commands loaded: 13
[2026-06-24 08:11:57] INFO: ✅ Commands loaded
[2026-06-24 08:11:57] DEBUG: Loaded event: interactionCreate
[2026-06-24 08:11:57] DEBUG: Loaded event: clientReady
[2026-06-24 08:11:57] INFO: ✅ Events loaded
[2026-06-24 08:11:59] INFO: ✅ Bot is online! Logged in as: TUN Defence System Bot#4166
[2026-06-24 08:11:59] INFO:    Serving 1 server(s)
[2026-06-24 08:11:59] INFO: Starting background job scheduler...
[2026-06-24 08:11:59] INFO: ✅ Scheduler running — beige checks every 5 minutes
[2026-06-24 08:11:59] INFO: ✅ Background jobs started
[2026-06-24 08:12:09] INFO: Running initial beige check on startup...
[2026-06-24 08:12:09] DEBUG: Running beige exit check...
[2026-06-24 08:12:42] DEBUG: Searching alliances client-side for: "samurai"
[2026-06-24 08:12:42] DEBUG: Fetching alliance page 1...
[2026-06-24 08:12:43] DEBUG: Page 1: got 50 alliances (total in DB: 566, hasMore: true)
[2026-06-24 08:12:43] DEBUG: First 5 alliance names: Eclipse, Event Horizon, The Knights Radiant, Citadel, Rose
[2026-06-24 08:12:43] DEBUG: Exact match found: Samurai
[2026-06-24 08:13:10] DEBUG: Searching alliances client-side for: "leviathan"
[2026-06-24 08:13:10] DEBUG: Fetching alliance page 1...
[2026-06-24 08:13:11] DEBUG: Page 1: got 50 alliances (total in DB: 566, hasMore: true)
[2026-06-24 08:13:11] DEBUG: First 5 alliance names: Eclipse, Event Horizon, The Knights Radiant, Citadel, Rose
[2026-06-24 08:13:11] DEBUG: Exact match found: Leviathan
[2026-06-24 08:15:00] DEBUG: ⏰ Running scheduled beige check...
[2026-06-24 08:15:00] DEBUG: Running beige exit check...
[2026-06-24 08:20:00] DEBUG: ⏰ Running scheduled beige check...
[2026-06-24 08:20:00] DEBUG: Running beige exit check...
[2026-06-24 08:21:48] INFO: Bot shut down. Database saved.
[2026-06-24 09:45:11] INFO: Starting PW Defense Bot...
[2026-06-24 09:45:11] INFO: Loaded existing database from disk
[2026-06-24 09:45:11] INFO: All database tables ready
[2026-06-24 09:45:11] INFO: Database ready at: C:\Users\hp\Desktop\pw-bot\data\bot.db
[2026-06-24 09:45:11] INFO: ✅ Database ready
[2026-06-24 09:45:11] DEBUG: Loaded command: /config
[2026-06-24 09:45:11] DEBUG: Loaded command: /alerts
[2026-06-24 09:45:11] DEBUG: Loaded command: /help
[2026-06-24 09:45:11] DEBUG: Loaded command: /ping
[2026-06-24 09:45:11] DEBUG: Loaded command: /beige
[2026-06-24 09:45:11] DEBUG: Loaded command: /intel
[2026-06-24 09:45:11] DEBUG: Loaded command: /targets
[2026-06-24 09:45:11] DEBUG: Loaded command: /watch
[2026-06-24 09:45:11] DEBUG: Loaded command: /assign
[2026-06-24 09:45:11] DEBUG: Loaded command: /counter
[2026-06-24 09:45:11] DEBUG: Loaded command: /hq
[2026-06-24 09:45:11] DEBUG: Loaded command: /readiness
[2026-06-24 09:45:11] DEBUG: Loaded command: /reserve
[2026-06-24 09:45:11] INFO: Total commands loaded: 13
[2026-06-24 09:45:11] INFO: ✅ Commands loaded
[2026-06-24 09:45:11] DEBUG: Loaded event: interactionCreate
[2026-06-24 09:45:11] DEBUG: Loaded event: clientReady
[2026-06-24 09:45:11] INFO: ✅ Events loaded
[2026-06-24 09:45:14] INFO: ✅ Bot is online! Logged in as: TUN Defence System Bot#4166
[2026-06-24 09:45:14] INFO:    Serving 1 server(s)
[2026-06-24 09:45:14] INFO: Starting background job scheduler...
[2026-06-24 09:45:14] INFO: ✅ Scheduler running — beige checks every 5 minutes
[2026-06-24 09:45:14] INFO: ✅ Background jobs started
[2026-06-24 09:45:24] INFO: Running initial beige check on startup...
[2026-06-24 09:45:24] DEBUG: Running beige exit check...
[2026-06-24 09:45:32] DEBUG: Alliance 14124: 122 total nations, 67 actual members, 55 applicants excluded
[2026-06-24 09:50:00] DEBUG: ⏰ Running scheduled beige check...
[2026-06-24 09:50:00] DEBUG: Running beige exit check...
[2026-06-24 09:55:00] DEBUG: ⏰ Running scheduled beige check...
[2026-06-24 09:55:00] DEBUG: Running beige exit check...
[2026-06-24 10:00:00] DEBUG: ⏰ Running scheduled beige check...
[2026-06-24 10:00:00] DEBUG: Running beige exit check...
[2026-06-24 10:05:00] DEBUG: ⏰ Running scheduled beige check...
[2026-06-24 10:05:00] DEBUG: Running beige exit check...
[2026-06-24 10:07:22] INFO: Bot shut down. Database saved.
[2026-06-24 10:09:51] INFO: Starting PW Defense Bot...
[2026-06-24 10:09:51] INFO: Loaded existing database from disk
[2026-06-24 10:09:51] INFO: All database tables ready
[2026-06-24 10:09:51] INFO: Database ready at: C:\Users\hp\Desktop\pw-bot\data\bot.db
[2026-06-24 10:09:51] INFO: ✅ Database ready
[2026-06-24 10:09:51] DEBUG: Loaded command: /config
[2026-06-24 10:09:51] DEBUG: Loaded command: /alerts
[2026-06-24 10:09:51] DEBUG: Loaded command: /help
[2026-06-24 10:09:51] DEBUG: Loaded command: /ping
[2026-06-24 10:09:51] DEBUG: Loaded command: /beige
[2026-06-24 10:09:51] DEBUG: Loaded command: /intel
[2026-06-24 10:09:51] DEBUG: Loaded command: /targets
[2026-06-24 10:09:52] DEBUG: Loaded command: /watch
[2026-06-24 10:09:52] DEBUG: Loaded command: /assign
[2026-06-24 10:09:52] DEBUG: Loaded command: /blitz
[2026-06-24 10:09:52] DEBUG: Loaded command: /counter
[2026-06-24 10:09:52] DEBUG: Loaded command: /hq
[2026-06-24 10:09:52] DEBUG: Loaded command: /operation
[2026-06-24 10:09:52] DEBUG: Loaded command: /readiness
[2026-06-24 10:09:52] DEBUG: Loaded command: /reserve
[2026-06-24 10:09:52] DEBUG: Loaded command: /health
[2026-06-24 10:09:52] INFO: Total commands loaded: 16
[2026-06-24 10:09:52] INFO: ✅ Commands loaded
[2026-06-24 10:09:52] DEBUG: Loaded event: interactionCreate
[2026-06-24 10:09:52] DEBUG: Loaded event: clientReady
[2026-06-24 10:09:52] INFO: ✅ Events loaded
[2026-06-24 10:09:54] INFO: ✅ Bot is online! Logged in as: TUN Defence System Bot#4166
[2026-06-24 10:09:54] INFO:    Serving 1 server(s)
[2026-06-24 10:09:54] INFO: Starting background job scheduler...
[2026-06-24 10:09:54] INFO: ✅ Scheduler running — beige checks every 5 minutes
[2026-06-24 10:09:54] INFO: ✅ Background jobs started
[2026-06-24 10:10:00] DEBUG: ⏰ Running scheduled beige check...
[2026-06-24 10:10:00] DEBUG: Running beige exit check...
[2026-06-24 10:10:04] INFO: Running initial beige check on startup...
[2026-06-24 10:10:04] DEBUG: Running beige exit check...
[2026-06-24 10:15:00] DEBUG: ⏰ Running scheduled beige check...
[2026-06-24 10:15:00] DEBUG: Running beige exit check...
[2026-06-24 10:20:00] DEBUG: ⏰ Running scheduled beige check...
[2026-06-24 10:20:00] DEBUG: Running beige exit check...
[2026-06-24 10:25:00] DEBUG: ⏰ Running scheduled beige check...
[2026-06-24 10:25:00] DEBUG: Running beige exit check...
[2026-06-24 10:30:00] DEBUG: ⏰ Running scheduled beige check...
[2026-06-24 10:30:00] DEBUG: Running beige exit check...
[2026-06-24 10:30:18] ERROR: Error in /blitz: Unknown interaction
DiscordAPIError[10062]: Unknown interaction
    at handleErrors (C:\Users\hp\Desktop\pw-bot\node_modules\@discordjs\rest\dist\index.js:762:13)
    at process.processTicksAndRejections (node:internal/process/task_queues:103:5)
    at async BurstHandler.runRequest (C:\Users\hp\Desktop\pw-bot\node_modules\@discordjs\rest\dist\index.js:866:23)
    at async _REST.request (C:\Users\hp\Desktop\pw-bot\node_modules\@discordjs\rest\dist\index.js:1307:22)
    at async ChatInputCommandInteraction.reply (C:\Users\hp\Desktop\pw-bot\node_modules\discord.js\src\structures\interfaces\InteractionResponses.js:193:22)
    at async Object.execute (C:\Users\hp\Desktop\pw-bot\src\events\interactionCreate.js:28:9)
[2026-06-24 14:50:49] INFO: Starting PW Defense Bot...
[2026-06-24 14:50:49] INFO: Loaded existing database from disk
[2026-06-24 14:50:49] INFO: All database tables ready
[2026-06-24 14:50:49] INFO: Database ready at: C:\Users\hp\Desktop\pw-bot\data\bot.db
[2026-06-24 14:50:49] INFO: ✅ Database ready
[2026-06-24 14:50:49] DEBUG: Loaded command: /config
[2026-06-24 14:50:49] DEBUG: Loaded command: /alerts
[2026-06-24 14:50:49] DEBUG: Loaded command: /help
[2026-06-24 14:50:49] DEBUG: Loaded command: /ping
[2026-06-24 14:50:50] DEBUG: Loaded command: /beige
[2026-06-24 14:50:50] DEBUG: Loaded command: /intel
[2026-06-24 14:50:50] DEBUG: Loaded command: /targets
[2026-06-24 14:50:50] DEBUG: Loaded command: /watch
[2026-06-24 14:50:50] DEBUG: Loaded command: /assign
[2026-06-24 14:50:50] DEBUG: Loaded command: /blitz
[2026-06-24 14:50:50] DEBUG: Loaded command: /counter
[2026-06-24 14:50:50] DEBUG: Loaded command: /hq
[2026-06-24 14:50:50] DEBUG: Loaded command: /operation
[2026-06-24 14:50:50] DEBUG: Loaded command: /readiness
[2026-06-24 14:50:50] DEBUG: Loaded command: /reserve
[2026-06-24 14:50:50] DEBUG: Loaded command: /health
[2026-06-24 14:50:50] INFO: Total commands loaded: 16
[2026-06-24 14:50:50] INFO: ✅ Commands loaded
[2026-06-24 14:50:50] DEBUG: Loaded event: interactionCreate
[2026-06-24 14:50:50] DEBUG: Loaded event: clientReady
[2026-06-24 14:50:50] INFO: ✅ Events loaded
[2026-06-24 14:50:58] INFO: ✅ Bot is online! Logged in as: TUN Defence System Bot#4166
[2026-06-24 14:50:58] INFO:    Serving 1 server(s)
[2026-06-24 14:50:58] INFO: Starting background job scheduler...
[2026-06-24 14:50:58] INFO: ✅ Scheduler running — beige checks every 5 minutes
[2026-06-24 14:50:58] INFO: ✅ Background jobs started
[2026-06-24 14:51:08] INFO: Running initial beige check on startup...
[2026-06-24 14:51:08] DEBUG: Running beige exit check...
[2026-06-24 14:55:00] DEBUG: ⏰ Running scheduled beige check...
[2026-06-24 14:55:00] DEBUG: Running beige exit check...
[2026-06-24 15:00:00] DEBUG: ⏰ Running scheduled beige check...
[2026-06-24 15:00:00] DEBUG: Running beige exit check...
[2026-06-24 15:05:00] DEBUG: ⏰ Running scheduled beige check...
[2026-06-24 15:05:00] DEBUG: Running beige exit check...
[2026-06-24 15:10:00] DEBUG: ⏰ Running scheduled beige check...
[2026-06-24 15:10:00] DEBUG: Running beige exit check...
[2026-06-24 15:15:00] DEBUG: ⏰ Running scheduled beige check...
[2026-06-24 15:15:00] DEBUG: Running beige exit check...
[2026-06-24 15:20:00] DEBUG: ⏰ Running scheduled beige check...
[2026-06-24 15:20:00] DEBUG: Running beige exit check...
[2026-06-24 15:25:00] DEBUG: ⏰ Running scheduled beige check...
[2026-06-24 15:25:00] DEBUG: Running beige exit check...
[2026-06-24 15:30:00] DEBUG: ⏰ Running scheduled beige check...
[2026-06-24 15:30:00] DEBUG: Running beige exit check...
[2026-06-24 15:35:00] DEBUG: ⏰ Running scheduled beige check...
[2026-06-24 15:35:00] DEBUG: Running beige exit check...
[2026-06-24 15:40:00] DEBUG: ⏰ Running scheduled beige check...
[2026-06-24 15:40:00] DEBUG: Running beige exit check...
[2026-06-24 15:45:00] DEBUG: ⏰ Running scheduled beige check...
[2026-06-24 15:45:00] DEBUG: Running beige exit check...
[2026-06-24 15:50:00] DEBUG: ⏰ Running scheduled beige check...
[2026-06-24 15:50:00] DEBUG: Running beige exit check...
[2026-06-24 15:55:00] DEBUG: ⏰ Running scheduled beige check...
[2026-06-24 15:55:00] DEBUG: Running beige exit check...
[2026-06-24 16:00:00] DEBUG: ⏰ Running scheduled beige check...
[2026-06-24 16:00:00] DEBUG: Running beige exit check...
[2026-06-24 16:05:00] DEBUG: ⏰ Running scheduled beige check...
[2026-06-24 16:05:00] DEBUG: Running beige exit check...
[2026-06-24 16:10:00] DEBUG: ⏰ Running scheduled beige check...
[2026-06-24 16:10:00] DEBUG: Running beige exit check...
[2026-06-24 16:15:00] DEBUG: ⏰ Running scheduled beige check...
[2026-06-24 16:15:00] DEBUG: Running beige exit check...
[2026-06-24 16:20:00] DEBUG: ⏰ Running scheduled beige check...
[2026-06-24 16:20:00] DEBUG: Running beige exit check...
[2026-06-24 16:25:00] DEBUG: ⏰ Running scheduled beige check...
[2026-06-24 16:25:00] DEBUG: Running beige exit check...
[2026-06-24 16:30:00] DEBUG: ⏰ Running scheduled beige check...
[2026-06-24 16:30:00] DEBUG: Running beige exit check...
[2026-06-24 16:35:00] DEBUG: ⏰ Running scheduled beige check...
[2026-06-24 16:35:00] DEBUG: Running beige exit check...
[2026-06-24 16:40:00] DEBUG: ⏰ Running scheduled beige check...
[2026-06-24 16:40:00] DEBUG: Running beige exit check...
[2026-06-24 16:45:00] DEBUG: ⏰ Running scheduled beige check...
[2026-06-24 16:45:00] DEBUG: Running beige exit check...
[2026-06-24 16:50:00] DEBUG: ⏰ Running scheduled beige check...
[2026-06-24 16:50:00] DEBUG: Running beige exit check...
[2026-06-24 16:55:00] DEBUG: ⏰ Running scheduled beige check...
[2026-06-24 16:55:00] DEBUG: Running beige exit check...
[2026-06-24 17:00:00] DEBUG: ⏰ Running scheduled beige check...
[2026-06-24 17:00:00] DEBUG: Running beige exit check...
[2026-06-24 17:05:00] DEBUG: ⏰ Running scheduled beige check...
[2026-06-24 17:05:00] DEBUG: Running beige exit check...
[2026-06-24 17:10:00] DEBUG: ⏰ Running scheduled beige check...
[2026-06-24 17:10:00] DEBUG: Running beige exit check...
[2026-06-24 17:15:00] DEBUG: ⏰ Running scheduled beige check...
[2026-06-24 17:15:00] DEBUG: Running beige exit check...
[2026-06-24 17:20:00] DEBUG: ⏰ Running scheduled beige check...
[2026-06-24 17:20:00] DEBUG: Running beige exit check...
[2026-06-24 17:25:00] DEBUG: ⏰ Running scheduled beige check...
[2026-06-24 17:25:00] DEBUG: Running beige exit check...
[2026-06-24 18:40:00] DEBUG: ⏰ Running scheduled beige check...
[2026-06-24 18:40:00] DEBUG: Running beige exit check...
[2026-06-24 18:45:00] DEBUG: ⏰ Running scheduled beige check...
[2026-06-24 18:45:00] DEBUG: Running beige exit check...
[2026-06-24 18:50:00] DEBUG: ⏰ Running scheduled beige check...
[2026-06-24 18:50:00] DEBUG: Running beige exit check...
[2026-06-24 18:55:00] DEBUG: ⏰ Running scheduled beige check...
[2026-06-24 18:55:00] DEBUG: Running beige exit check...
[2026-06-24 19:00:00] DEBUG: ⏰ Running scheduled beige check...
[2026-06-24 19:00:00] DEBUG: Running beige exit check...
[2026-06-24 19:05:00] DEBUG: ⏰ Running scheduled beige check...
[2026-06-24 19:05:00] DEBUG: Running beige exit check...
[2026-06-24 19:55:00] DEBUG: ⏰ Running scheduled beige check...
[2026-06-24 19:55:00] DEBUG: Running beige exit check...
[2026-06-25 01:30:23] INFO: Starting PW Defense Bot...
[2026-06-25 01:30:23] INFO: Loaded existing database from disk
[2026-06-25 01:30:23] INFO: All database tables ready
[2026-06-25 01:30:23] INFO: Database ready at: C:\Users\hp\Desktop\pw-bot\data\bot.db
[2026-06-25 01:30:23] INFO: ✅ Database ready
[2026-06-25 01:30:23] DEBUG: Loaded command: /config
[2026-06-25 01:30:23] DEBUG: Loaded command: /alerts
[2026-06-25 01:30:23] DEBUG: Loaded command: /help
[2026-06-25 01:30:23] DEBUG: Loaded command: /ping
[2026-06-25 01:30:23] DEBUG: Loaded command: /beige
[2026-06-25 01:30:23] DEBUG: Loaded command: /intel
[2026-06-25 01:30:23] DEBUG: Loaded command: /targets
[2026-06-25 01:30:23] DEBUG: Loaded command: /watch
[2026-06-25 01:30:23] DEBUG: Loaded command: /assign
[2026-06-25 01:30:23] DEBUG: Loaded command: /blitz
[2026-06-25 01:30:23] DEBUG: Loaded command: /counter
[2026-06-25 01:30:23] DEBUG: Loaded command: /hq
[2026-06-25 01:30:23] DEBUG: Loaded command: /operation
[2026-06-25 01:30:23] DEBUG: Loaded command: /readiness
[2026-06-25 01:30:23] DEBUG: Loaded command: /reserve
[2026-06-25 01:30:23] DEBUG: Loaded command: /gov-dashboard
[2026-06-25 01:30:23] DEBUG: Loaded command: /health
[2026-06-25 01:30:23] DEBUG: Loaded command: /participation
[2026-06-25 01:30:23] DEBUG: Loaded command: /report
[2026-06-25 01:30:23] INFO: Total commands loaded: 19
[2026-06-25 01:30:23] INFO: ✅ Commands loaded
[2026-06-25 01:30:23] DEBUG: Loaded event: interactionCreate
[2026-06-25 01:30:24] DEBUG: Loaded event: clientReady
[2026-06-25 01:30:24] INFO: ✅ Events loaded
[2026-06-25 01:30:26] INFO: ✅ Bot is online! Logged in as: TUN Defence System Bot#4166
[2026-06-25 01:30:26] INFO:    Serving 1 server(s)
[2026-06-25 01:30:26] INFO: Starting background job scheduler...
[2026-06-25 01:30:26] INFO: ✅ Scheduler running — beige checks every 5min, daily reports at 08:00 UTC
[2026-06-25 01:30:26] INFO: ✅ Background jobs started
[2026-06-25 01:30:36] INFO: Running initial beige check on startup...
[2026-06-25 01:30:36] DEBUG: Running beige exit check...
[2026-06-25 01:35:00] DEBUG: ⏰ Running scheduled beige check...
[2026-06-25 01:35:00] DEBUG: Running beige exit check...
[2026-06-25 01:35:24] DEBUG: Alliance 14124: 123 total nations, 67 actual members, 56 applicants excluded
[2026-06-25 01:38:34] DEBUG: Alliance 10304: 148 total nations, 102 actual members, 46 applicants excluded
[2026-06-25 01:38:35] DEBUG: Alliance 13880: 116 total nations, 74 actual members, 42 applicants excluded
[2026-06-25 01:38:36] DEBUG: Alliance 14147: 120 total nations, 87 actual members, 33 applicants excluded
[2026-06-25 01:38:38] ERROR: Error in /gov-dashboard: Received one or more errors
Error: Received one or more errors
    at _ObjectValidator.handleIgnoreStrategy (C:\Users\hp\Desktop\pw-bot\node_modules\@sapphire\shapeshift\dist\cjs\index.cjs:2119:72)
    at _ObjectValidator.handleStrategy (C:\Users\hp\Desktop\pw-bot\node_modules\@sapphire\shapeshift\dist\cjs\index.cjs:1983:47)
    at _ObjectValidator.handle (C:\Users\hp\Desktop\pw-bot\node_modules\@sapphire\shapeshift\dist\cjs\index.cjs:2089:17)
    at _ObjectValidator.parse (C:\Users\hp\Desktop\pw-bot\node_modules\@sapphire\shapeshift\dist\cjs\index.cjs:972:90)
    at EmbedBuilder.setFooter (C:\Users\hp\Desktop\pw-bot\node_modules\@discordjs\builders\dist\index.js:350:26)
    at Object.execute (C:\Users\hp\Desktop\pw-bot\src\commands\reporting\govDashboard.js:162:12)
    at process.processTicksAndRejections (node:internal/process/task_queues:103:5)
    at async Object.execute (C:\Users\hp\Desktop\pw-bot\src\events\interactionCreate.js:28:9)
[2026-06-25 01:40:00] DEBUG: ⏰ Running scheduled beige check...
[2026-06-25 01:40:00] DEBUG: Running beige exit check...
[2026-06-25 01:45:00] DEBUG: ⏰ Running scheduled beige check...
[2026-06-25 01:45:00] DEBUG: Running beige exit check...
[2026-06-25 01:45:53] INFO: Bot shut down. Database saved.
[2026-06-25 01:47:34] INFO: Starting PW Defense Bot...
[2026-06-25 01:47:34] INFO: Loaded existing database from disk
[2026-06-25 01:47:34] INFO: All database tables ready
[2026-06-25 01:47:34] INFO: Database ready at: C:\Users\hp\Desktop\pw-bot\data\bot.db
[2026-06-25 01:47:34] INFO: ✅ Database ready
[2026-06-25 01:47:34] DEBUG: Loaded command: /config
[2026-06-25 01:47:34] DEBUG: Loaded command: /alerts
[2026-06-25 01:47:34] DEBUG: Loaded command: /help
[2026-06-25 01:47:34] DEBUG: Loaded command: /ping
[2026-06-25 01:47:35] DEBUG: Loaded command: /beige
[2026-06-25 01:47:35] DEBUG: Loaded command: /coalition
[2026-06-25 01:47:35] DEBUG: Loaded command: /intel
[2026-06-25 01:47:35] DEBUG: Loaded command: /targets
[2026-06-25 01:47:35] DEBUG: Loaded command: /watch
[2026-06-25 01:47:35] DEBUG: Loaded command: /assign
[2026-06-25 01:47:35] DEBUG: Loaded command: /blitz
[2026-06-25 01:47:35] DEBUG: Loaded command: /compliance
[2026-06-25 01:47:35] DEBUG: Loaded command: /counter
[2026-06-25 01:47:35] DEBUG: Loaded command: /hq
[2026-06-25 01:47:35] DEBUG: Loaded command: /operation
[2026-06-25 01:47:35] DEBUG: Loaded command: /readiness
[2026-06-25 01:47:35] DEBUG: Loaded command: /reserve
[2026-06-25 01:47:35] DEBUG: Loaded command: /gov-dashboard
[2026-06-25 01:47:35] DEBUG: Loaded command: /health
[2026-06-25 01:47:35] DEBUG: Loaded command: /participation
[2026-06-25 01:47:35] DEBUG: Loaded command: /report
[2026-06-25 01:47:35] INFO: Total commands loaded: 21
[2026-06-25 01:47:35] INFO: ✅ Commands loaded
[2026-06-25 01:47:35] DEBUG: Loaded event: interactionCreate
[2026-06-25 01:47:35] DEBUG: Loaded event: clientReady
[2026-06-25 01:47:35] INFO: ✅ Events loaded
[2026-06-25 01:47:37] INFO: ✅ Bot is online! Logged in as: TUN Defence System Bot#4166
[2026-06-25 01:47:37] INFO:    Serving 1 server(s)
[2026-06-25 01:47:37] INFO: Starting background job scheduler...
[2026-06-25 01:47:37] INFO: ✅ Scheduler running — beige every 5min, military checks every 15min, daily reports at 08:00 UTC
[2026-06-25 01:47:37] INFO: ✅ Background jobs started
[2026-06-25 01:47:47] INFO: Running initial beige check on startup...
[2026-06-25 01:47:47] DEBUG: Running beige exit check...
[2026-06-25 01:49:19] DEBUG: Alliance 14124: 123 total nations, 67 actual members, 56 applicants excluded
[2026-06-25 01:49:20] DEBUG: Alliance 10304: 148 total nations, 102 actual members, 46 applicants excluded
[2026-06-25 01:49:20] DEBUG: Alliance 13880: 116 total nations, 74 actual members, 42 applicants excluded
[2026-06-25 01:49:21] DEBUG: Alliance 14147: 120 total nations, 87 actual members, 33 applicants excluded
[2026-06-25 01:50:00] DEBUG: ⏰ Running beige check...
[2026-06-25 01:50:00] DEBUG: Running beige exit check...
[2026-06-25 01:55:00] DEBUG: ⏰ Running beige check...
[2026-06-25 01:55:00] DEBUG: Running beige exit check...
[2026-06-25 01:57:59] INFO: Bot shut down. Database saved.
[2026-06-25 01:58:13] INFO: Starting PW Defense Bot...
[2026-06-25 01:58:13] INFO: Loaded existing database from disk
[2026-06-25 01:58:13] INFO: All database tables ready
[2026-06-25 01:58:13] INFO: Database ready at: C:\Users\hp\Desktop\pw-bot\data\bot.db
[2026-06-25 01:58:13] INFO: ✅ Database ready
[2026-06-25 01:58:13] DEBUG: Loaded command: /config
[2026-06-25 01:58:13] DEBUG: Loaded command: /alerts
[2026-06-25 01:58:13] DEBUG: Loaded command: /help
[2026-06-25 01:58:13] DEBUG: Loaded command: /ping
[2026-06-25 01:58:13] DEBUG: Loaded command: /beige
[2026-06-25 01:58:13] DEBUG: Loaded command: /coalition
[2026-06-25 01:58:13] DEBUG: Loaded command: /intel
[2026-06-25 01:58:13] DEBUG: Loaded command: /targets
[2026-06-25 01:58:13] DEBUG: Loaded command: /watch
[2026-06-25 01:58:13] DEBUG: Loaded command: /assign
[2026-06-25 01:58:13] DEBUG: Loaded command: /blitz
[2026-06-25 01:58:13] DEBUG: Loaded command: /compliance
[2026-06-25 01:58:13] DEBUG: Loaded command: /counter
[2026-06-25 01:58:13] DEBUG: Loaded command: /hq
[2026-06-25 01:58:13] DEBUG: Loaded command: /operation
[2026-06-25 01:58:13] DEBUG: Loaded command: /readiness
[2026-06-25 01:58:13] DEBUG: Loaded command: /reserve
[2026-06-25 01:58:13] DEBUG: Loaded command: /gov-dashboard
[2026-06-25 01:58:13] DEBUG: Loaded command: /health
[2026-06-25 01:58:13] DEBUG: Loaded command: /participation
[2026-06-25 01:58:13] DEBUG: Loaded command: /report
[2026-06-25 01:58:13] INFO: Total commands loaded: 21
[2026-06-25 01:58:13] INFO: ✅ Commands loaded
[2026-06-25 01:58:13] DEBUG: Loaded event: interactionCreate
[2026-06-25 01:58:13] DEBUG: Loaded event: clientReady
[2026-06-25 01:58:13] INFO: ✅ Events loaded
[2026-06-25 01:58:15] INFO: ✅ Bot is online! Logged in as: TUN Defence System Bot#4166
[2026-06-25 01:58:15] INFO:    Serving 1 server(s)
[2026-06-25 01:58:15] INFO: Starting background job scheduler...
[2026-06-25 01:58:15] INFO: ✅ Scheduler running — beige every 5min, military checks every 15min, daily reports at 08:00 UTC
[2026-06-25 01:58:15] INFO: ✅ Background jobs started
[2026-06-25 01:58:25] INFO: Running initial beige check on startup...
[2026-06-25 01:58:25] DEBUG: Running beige exit check...
[2026-06-25 01:59:25] ERROR: P&W API HTTP error: 78330000:error:0A0003FC:SSL routines:ssl3_read_bytes:ssl/tls alert bad record mac:openssl\ssl\record\rec_layer_s3.c:916:SSL alert number 20

[2026-06-25 02:00:00] DEBUG: ⏰ Running beige check...
[2026-06-25 02:00:00] DEBUG: Running beige exit check...
[2026-06-25 02:00:00] DEBUG: 🔍 Checking military changes...
[2026-06-25 02:01:00] INFO: Bot shut down. Database saved.
[2026-06-25 02:01:13] INFO: Starting PW Defense Bot...
[2026-06-25 02:01:13] INFO: Loaded existing database from disk
[2026-06-25 02:01:13] INFO: All database tables ready
[2026-06-25 02:01:13] INFO: Database ready at: C:\Users\hp\Desktop\pw-bot\data\bot.db
[2026-06-25 02:01:13] INFO: ✅ Database ready
[2026-06-25 02:01:13] DEBUG: Loaded command: /config
[2026-06-25 02:01:13] DEBUG: Loaded command: /alerts
[2026-06-25 02:01:13] DEBUG: Loaded command: /help
[2026-06-25 02:01:13] DEBUG: Loaded command: /ping
[2026-06-25 02:01:14] DEBUG: Loaded command: /beige
[2026-06-25 02:01:14] DEBUG: Loaded command: /coalition
[2026-06-25 02:01:14] DEBUG: Loaded command: /intel
[2026-06-25 02:01:14] DEBUG: Loaded command: /targets
[2026-06-25 02:01:14] DEBUG: Loaded command: /watch
[2026-06-25 02:01:14] DEBUG: Loaded command: /assign
[2026-06-25 02:01:14] DEBUG: Loaded command: /blitz
[2026-06-25 02:01:14] DEBUG: Loaded command: /compliance
[2026-06-25 02:01:14] DEBUG: Loaded command: /counter
[2026-06-25 02:01:14] DEBUG: Loaded command: /hq
[2026-06-25 02:01:14] DEBUG: Loaded command: /operation
[2026-06-25 02:01:14] DEBUG: Loaded command: /readiness
[2026-06-25 02:01:14] DEBUG: Loaded command: /reserve
[2026-06-25 02:01:14] DEBUG: Loaded command: /gov-dashboard
[2026-06-25 02:01:14] DEBUG: Loaded command: /health
[2026-06-25 02:01:14] DEBUG: Loaded command: /participation
[2026-06-25 02:01:14] DEBUG: Loaded command: /report
[2026-06-25 02:01:14] INFO: Total commands loaded: 21
[2026-06-25 02:01:14] INFO: ✅ Commands loaded
[2026-06-25 02:01:14] DEBUG: Loaded event: interactionCreate
[2026-06-25 02:01:14] DEBUG: Loaded event: clientReady
[2026-06-25 02:01:14] INFO: ✅ Events loaded
[2026-06-25 02:01:16] INFO: ✅ Bot is online! Logged in as: TUN Defence System Bot#4166
[2026-06-25 02:01:16] INFO:    Serving 1 server(s)
[2026-06-25 02:01:16] INFO: Starting background job scheduler...
[2026-06-25 02:01:16] INFO: ✅ Scheduler running — beige every 5min, military checks every 15min, daily reports at 08:00 UTC
[2026-06-25 02:01:16] INFO: ✅ Background jobs started
[2026-06-25 02:01:26] INFO: Running initial beige check on startup...
[2026-06-25 02:01:26] DEBUG: Running beige exit check...
[2026-06-25 02:01:30] DEBUG: Alliance 14124: 123 total nations, 67 actual members, 56 applicants excluded
[2026-06-25 02:01:31] DEBUG: Alliance 10304: 148 total nations, 102 actual members, 46 applicants excluded
[2026-06-25 02:01:32] DEBUG: Alliance 13880: 116 total nations, 74 actual members, 42 applicants excluded
[2026-06-25 02:01:33] DEBUG: Alliance 14147: 120 total nations, 87 actual members, 33 applicants excluded
[2026-06-25 02:05:00] DEBUG: ⏰ Running beige check...
[2026-06-25 02:05:00] DEBUG: Running beige exit check...
[2026-06-25 02:10:00] DEBUG: ⏰ Running beige check...
[2026-06-25 02:10:00] DEBUG: Running beige exit check...
[2026-06-25 02:15:00] DEBUG: 🔍 Checking military changes...
[2026-06-25 02:15:00] DEBUG: ⏰ Running beige check...
[2026-06-25 02:15:00] DEBUG: Running beige exit check...
[2026-06-25 02:15:11] INFO: Bot shut down. Database saved.
[2026-06-25 06:57:39] INFO: Starting PW Defense Bot...
[2026-06-25 06:57:39] INFO: Loaded existing database from disk
[2026-06-25 06:57:39] INFO: All database tables ready
[2026-06-25 06:57:40] INFO: Database ready at: C:\Users\hp\Desktop\pw-bot\data\bot.db
[2026-06-25 06:57:40] INFO: ✅ Database ready
[2026-06-25 06:57:40] DEBUG: Loaded command: /config
[2026-06-25 06:57:40] DEBUG: Loaded command: /alerts
[2026-06-25 06:57:40] DEBUG: Loaded command: /help
[2026-06-25 06:57:40] DEBUG: Loaded command: /ping
[2026-06-25 06:57:40] DEBUG: Loaded command: /beige
[2026-06-25 06:57:40] DEBUG: Loaded command: /coalition
[2026-06-25 06:57:40] DEBUG: Loaded command: /intel
[2026-06-25 06:57:40] DEBUG: Loaded command: /targets
[2026-06-25 06:57:40] DEBUG: Loaded command: /watch
[2026-06-25 06:57:40] DEBUG: Loaded command: /assign
[2026-06-25 06:57:40] DEBUG: Loaded command: /blitz
[2026-06-25 06:57:40] DEBUG: Loaded command: /compliance
[2026-06-25 06:57:40] DEBUG: Loaded command: /counter
[2026-06-25 06:57:40] DEBUG: Loaded command: /hq
[2026-06-25 06:57:40] DEBUG: Loaded command: /operation
[2026-06-25 06:57:40] DEBUG: Loaded command: /readiness
[2026-06-25 06:57:40] DEBUG: Loaded command: /reserve
[2026-06-25 06:57:40] DEBUG: Loaded command: /war
[2026-06-25 06:57:40] DEBUG: Loaded command: /gov-dashboard
[2026-06-25 06:57:40] DEBUG: Loaded command: /health
[2026-06-25 06:57:40] DEBUG: Loaded command: /participation
[2026-06-25 06:57:40] DEBUG: Loaded command: /report
[2026-06-25 06:57:40] INFO: Total commands loaded: 22
[2026-06-25 06:57:40] INFO: ✅ Commands loaded
[2026-06-25 06:57:40] DEBUG: Loaded event: interactionCreate
[2026-06-25 06:57:40] DEBUG: Loaded event: clientReady
[2026-06-25 06:57:40] INFO: ✅ Events loaded
[2026-06-25 06:57:42] INFO: ✅ Bot is online! Logged in as: TUN Defence System Bot#4166
[2026-06-25 06:57:42] INFO:    Serving 1 server(s)
[2026-06-25 06:57:42] INFO: Starting background job scheduler...
[2026-06-25 06:57:42] INFO: ✅ Scheduler running — beige/defense every 5min, military every 15min, daily report at 08:00 UTC
[2026-06-25 06:57:42] INFO: ✅ Background jobs started
[2026-06-25 06:57:52] INFO: Running startup checks...
[2026-06-25 06:57:52] DEBUG: Running beige exit check...
[2026-06-25 06:57:56] WARN: P&W API errors: [
  {
    "message": "Unknown argument \"def_alliance_id\" on field \"wars\" of type \"Query\". Did you mean \"alliance_id\"?",
    "extensions": {
      "category": "graphql"
    },
    "locations": [
      {
        "line": 3,
        "column": 14
      }
    ]
  }
]
[2026-06-25 06:59:12] WARN: P&W API errors: [
  {
    "message": "Unknown argument \"def_alliance_id\" on field \"wars\" of type \"Query\". Did you mean \"alliance_id\"?",
    "extensions": {
      "category": "graphql"
    },
    "locations": [
      {
        "line": 3,
        "column": 18
      }
    ]
  }
]
[2026-06-25 06:59:12] WARN: P&W API errors: [
  {
    "message": "Unknown argument \"att_alliance_id\" on field \"wars\" of type \"Query\". Did you mean \"alliance_id\"?",
    "extensions": {
      "category": "graphql"
    },
    "locations": [
      {
        "line": 3,
        "column": 18
      }
    ]
  }
]
[2026-06-25 06:59:34] WARN: P&W API errors: [
  {
    "message": "Unknown argument \"def_alliance_id\" on field \"wars\" of type \"Query\". Did you mean \"alliance_id\"?",
    "extensions": {
      "category": "graphql"
    },
    "locations": [
      {
        "line": 3,
        "column": 16
      }
    ]
  }
]
[2026-06-25 06:59:51] WARN: P&W API errors: [
  {
    "message": "Unknown argument \"att_alliance_id\" on field \"wars\" of type \"Query\". Did you mean \"alliance_id\"?",
    "extensions": {
      "category": "graphql"
    },
    "locations": [
      {
        "line": 3,
        "column": 16
      }
    ]
  }
]
[2026-06-25 07:00:00] DEBUG: ⏰ Running beige check...
[2026-06-25 07:00:00] DEBUG: Running beige exit check...
[2026-06-25 07:00:00] DEBUG: 🛡️ Running defense check...
[2026-06-25 07:00:00] DEBUG: 🔍 Checking military changes...
[2026-06-25 07:00:01] INFO: Military change alert sent for nation 232693 in guild 1393443854514130974
[2026-06-25 07:00:03] WARN: P&W API errors: [
  {
    "message": "Unknown argument \"def_alliance_id\" on field \"wars\" of type \"Query\". Did you mean \"alliance_id\"?",
    "extensions": {
      "category": "graphql"
    },
    "locations": [
      {
        "line": 3,
        "column": 14
      }
    ]
  }
]
[2026-06-25 07:00:26] DEBUG: Searching nation by name variants: citadel of reality, CITADEL OF REALITY, Citadel Of Reality, Citadel of reality
[2026-06-25 07:00:27] DEBUG: Nation name search returned 1 results
[2026-06-25 07:00:27] WARN: P&W API errors: [
  {
    "message": "Variable \"$id\" got invalid value [\"713016\"]; Expected type Int at value[0]; Int cannot represent non-integer value: 713016",
    "extensions": {
      "category": "graphql"
    },
    "locations": [
      {
        "line": 2,
        "column": 29
      }
    ]
  }
]
[2026-06-25 07:05:00] DEBUG: ⏰ Running beige check...
[2026-06-25 07:05:00] DEBUG: Running beige exit check...
[2026-06-25 07:05:00] DEBUG: 🛡️ Running defense check...
[2026-06-25 07:05:09] WARN: P&W API errors: [
  {
    "message": "Unknown argument \"def_alliance_id\" on field \"wars\" of type \"Query\". Did you mean \"alliance_id\"?",
    "extensions": {
      "category": "graphql"
    },
    "locations": [
      {
        "line": 3,
        "column": 14
      }
    ]
  }
]
[2026-06-25 07:06:14] INFO: Bot shut down. Database saved.
[2026-06-25 07:06:24] INFO: Starting PW Defense Bot...
[2026-06-25 07:06:24] INFO: Loaded existing database from disk
[2026-06-25 07:06:24] INFO: All database tables ready
[2026-06-25 07:06:24] INFO: Database ready at: C:\Users\hp\Desktop\pw-bot\data\bot.db
[2026-06-25 07:06:24] INFO: ✅ Database ready
[2026-06-25 07:06:24] DEBUG: Loaded command: /config
[2026-06-25 07:06:24] DEBUG: Loaded command: /alerts
[2026-06-25 07:06:24] DEBUG: Loaded command: /help
[2026-06-25 07:06:24] DEBUG: Loaded command: /ping
[2026-06-25 07:06:24] DEBUG: Loaded command: /beige
[2026-06-25 07:06:24] DEBUG: Loaded command: /coalition
[2026-06-25 07:06:24] DEBUG: Loaded command: /intel
[2026-06-25 07:06:24] DEBUG: Loaded command: /targets
[2026-06-25 07:06:24] DEBUG: Loaded command: /watch
[2026-06-25 07:06:24] DEBUG: Loaded command: /assign
[2026-06-25 07:06:24] DEBUG: Loaded command: /blitz
[2026-06-25 07:06:24] DEBUG: Loaded command: /compliance
[2026-06-25 07:06:24] DEBUG: Loaded command: /counter
[2026-06-25 07:06:24] DEBUG: Loaded command: /hq
[2026-06-25 07:06:24] DEBUG: Loaded command: /operation
[2026-06-25 07:06:24] DEBUG: Loaded command: /readiness
[2026-06-25 07:06:24] DEBUG: Loaded command: /reserve
[2026-06-25 07:06:24] DEBUG: Loaded command: /war
[2026-06-25 07:06:24] DEBUG: Loaded command: /gov-dashboard
[2026-06-25 07:06:24] DEBUG: Loaded command: /health
[2026-06-25 07:06:24] DEBUG: Loaded command: /participation
[2026-06-25 07:06:24] DEBUG: Loaded command: /report
[2026-06-25 07:06:24] INFO: Total commands loaded: 22
[2026-06-25 07:06:24] INFO: ✅ Commands loaded
[2026-06-25 07:06:24] DEBUG: Loaded event: interactionCreate
[2026-06-25 07:06:24] DEBUG: Loaded event: clientReady
[2026-06-25 07:06:24] INFO: ✅ Events loaded
[2026-06-25 07:06:27] INFO: ✅ Bot is online! Logged in as: TUN Defence System Bot#4166
[2026-06-25 07:06:27] INFO:    Serving 1 server(s)
[2026-06-25 07:06:27] INFO: Starting background job scheduler...
[2026-06-25 07:06:27] INFO: ✅ Scheduler running — beige/defense every 5min, military every 15min, daily report at 08:00 UTC
[2026-06-25 07:06:27] INFO: ✅ Background jobs started
[2026-06-25 07:06:37] INFO: Running startup checks...
[2026-06-25 07:06:37] DEBUG: Running beige exit check...
[2026-06-25 07:10:00] DEBUG: ⏰ Running beige check...
[2026-06-25 07:10:00] DEBUG: Running beige exit check...
[2026-06-25 07:10:00] DEBUG: 🛡️ Running defense check...
[2026-06-25 07:12:21] INFO: Bot shut down. Database saved.
[2026-06-25 07:12:38] INFO: Starting PW Defense Bot...
[2026-06-25 07:12:38] INFO: Loaded existing database from disk
[2026-06-25 07:12:38] INFO: All database tables ready
[2026-06-25 07:12:38] INFO: Database ready at: C:\Users\hp\Desktop\pw-bot\data\bot.db
[2026-06-25 07:12:38] INFO: ✅ Database ready
[2026-06-25 07:12:38] DEBUG: Loaded command: /config
[2026-06-25 07:12:38] DEBUG: Loaded command: /alerts
[2026-06-25 07:12:38] DEBUG: Loaded command: /help
[2026-06-25 07:12:38] DEBUG: Loaded command: /ping
[2026-06-25 07:12:38] DEBUG: Loaded command: /beige
[2026-06-25 07:12:38] DEBUG: Loaded command: /coalition
[2026-06-25 07:12:38] DEBUG: Loaded command: /intel
[2026-06-25 07:12:38] DEBUG: Loaded command: /targets
[2026-06-25 07:12:38] DEBUG: Loaded command: /watch
[2026-06-25 07:12:38] DEBUG: Loaded command: /assign
[2026-06-25 07:12:38] DEBUG: Loaded command: /blitz
[2026-06-25 07:12:38] DEBUG: Loaded command: /compliance
[2026-06-25 07:12:38] DEBUG: Loaded command: /counter
[2026-06-25 07:12:38] DEBUG: Loaded command: /hq
[2026-06-25 07:12:38] DEBUG: Loaded command: /operation
[2026-06-25 07:12:38] DEBUG: Loaded command: /readiness
[2026-06-25 07:12:38] DEBUG: Loaded command: /reserve
[2026-06-25 07:12:38] DEBUG: Loaded command: /war
[2026-06-25 07:12:38] DEBUG: Loaded command: /gov-dashboard
[2026-06-25 07:12:38] DEBUG: Loaded command: /health
[2026-06-25 07:12:38] DEBUG: Loaded command: /participation
[2026-06-25 07:12:38] DEBUG: Loaded command: /report
[2026-06-25 07:12:38] INFO: Total commands loaded: 22
[2026-06-25 07:12:38] INFO: ✅ Commands loaded
[2026-06-25 07:12:38] DEBUG: Loaded event: interactionCreate
[2026-06-25 07:12:38] DEBUG: Loaded event: clientReady
[2026-06-25 07:12:38] INFO: ✅ Events loaded
[2026-06-25 07:12:41] INFO: ✅ Bot is online! Logged in as: TUN Defence System Bot#4166
[2026-06-25 07:12:41] INFO:    Serving 1 server(s)
[2026-06-25 07:12:41] INFO: Starting background job scheduler...
[2026-06-25 07:12:41] INFO: ✅ Scheduler running — beige/defense every 5min, military every 15min, daily report at 08:00 UTC
[2026-06-25 07:12:41] INFO: ✅ Background jobs started
[2026-06-25 07:12:51] INFO: Running startup checks...
[2026-06-25 07:12:51] DEBUG: Running beige exit check...
[2026-06-25 07:15:00] DEBUG: ⏰ Running beige check...
[2026-06-25 07:15:00] DEBUG: Running beige exit check...
[2026-06-25 07:15:00] DEBUG: 🛡️ Running defense check...
[2026-06-25 07:15:00] DEBUG: 🔍 Checking military changes...
[2026-06-25 07:15:01] INFO: Military change alert sent for nation 157915 in guild 1393443854514130974
[2026-06-25 07:15:02] INFO: Military change alert sent for nation 337406 in guild 1393443854514130974
[2026-06-25 07:15:03] INFO: Military change alert sent for nation 424248 in guild 1393443854514130974
[2026-06-25 07:15:03] INFO: Military change alert sent for nation 512196 in guild 1393443854514130974
[2026-06-25 07:15:04] INFO: Military change alert sent for nation 528618 in guild 1393443854514130974
[2026-06-25 07:15:04] INFO: Military change alert sent for nation 546078 in guild 1393443854514130974
[2026-06-25 07:15:05] INFO: Military change alert sent for nation 597585 in guild 1393443854514130974
[2026-06-25 07:15:05] INFO: Military change alert sent for nation 673552 in guild 1393443854514130974
[2026-06-25 07:15:10] INFO: Military change alert sent for nation 744404 in guild 1393443854514130974
[2026-06-25 07:15:11] INFO: Military change alert sent for nation 756086 in guild 1393443854514130974
[2026-06-25 07:15:11] INFO: Military change alert sent for nation 771995 in guild 1393443854514130974
[2026-06-25 07:15:12] INFO: Military change alert sent for nation 390472 in guild 1393443854514130974
[2026-06-25 07:15:12] INFO: Military change alert sent for nation 676082 in guild 1393443854514130974
[2026-06-25 07:15:13] INFO: Military change alert sent for nation 684622 in guild 1393443854514130974
[2026-06-25 07:15:13] INFO: Military change alert sent for nation 695426 in guild 1393443854514130974
[2026-06-25 07:15:13] INFO: Military change alert sent for nation 739084 in guild 1393443854514130974
[2026-06-25 07:15:19] INFO: Military change alert sent for nation 769007 in guild 1393443854514130974
[2026-06-25 07:15:20] INFO: Military change alert sent for nation 773680 in guild 1393443854514130974
[2026-06-25 07:15:20] INFO: Military change alert sent for nation 713066 in guild 1393443854514130974
[2026-06-25 07:15:21] INFO: Military change alert sent for nation 743020 in guild 1393443854514130974
[2026-06-25 07:15:21] INFO: Military change alert sent for nation 748300 in guild 1393443854514130974
[2026-06-25 07:15:22] INFO: Military change alert sent for nation 753926 in guild 1393443854514130974
[2026-06-25 07:15:22] INFO: Military change alert sent for nation 772343 in guild 1393443854514130974
[2026-06-25 07:15:23] INFO: Military change alert sent for nation 774496 in guild 1393443854514130974
[2026-06-25 07:17:21] INFO: Bot shut down. Database saved.
[2026-06-25 07:17:38] INFO: Starting PW Defense Bot...
[2026-06-25 07:17:38] INFO: Loaded existing database from disk
[2026-06-25 07:17:38] INFO: All database tables ready
[2026-06-25 07:17:38] INFO: Database ready at: C:\Users\hp\Desktop\pw-bot\data\bot.db
[2026-06-25 07:17:38] INFO: ✅ Database ready
[2026-06-25 07:17:38] DEBUG: Loaded command: /config
[2026-06-25 07:17:38] DEBUG: Loaded command: /alerts
[2026-06-25 07:17:38] DEBUG: Loaded command: /help
[2026-06-25 07:17:38] DEBUG: Loaded command: /ping
[2026-06-25 07:17:38] DEBUG: Loaded command: /beige
[2026-06-25 07:17:38] DEBUG: Loaded command: /coalition
[2026-06-25 07:17:38] DEBUG: Loaded command: /intel
[2026-06-25 07:17:38] DEBUG: Loaded command: /targets
[2026-06-25 07:17:38] DEBUG: Loaded command: /watch
[2026-06-25 07:17:38] DEBUG: Loaded command: /assign
[2026-06-25 07:17:38] DEBUG: Loaded command: /blitz
[2026-06-25 07:17:38] DEBUG: Loaded command: /compliance
[2026-06-25 07:17:38] DEBUG: Loaded command: /counter
[2026-06-25 07:17:38] DEBUG: Loaded command: /hq
[2026-06-25 07:17:38] DEBUG: Loaded command: /operation
[2026-06-25 07:17:38] DEBUG: Loaded command: /readiness
[2026-06-25 07:17:38] DEBUG: Loaded command: /reserve
[2026-06-25 07:17:38] DEBUG: Loaded command: /war
[2026-06-25 07:17:38] DEBUG: Loaded command: /gov-dashboard
[2026-06-25 07:17:38] DEBUG: Loaded command: /health
[2026-06-25 07:17:38] DEBUG: Loaded command: /participation
[2026-06-25 07:17:38] DEBUG: Loaded command: /report
[2026-06-25 07:17:38] INFO: Total commands loaded: 22
[2026-06-25 07:17:38] INFO: ✅ Commands loaded
[2026-06-25 07:17:38] DEBUG: Loaded event: interactionCreate
[2026-06-25 07:17:38] DEBUG: Loaded event: clientReady
[2026-06-25 07:17:38] INFO: ✅ Events loaded
[2026-06-25 07:17:40] INFO: ✅ Bot is online! Logged in as: TUN Defence System Bot#4166
[2026-06-25 07:17:41] INFO:    Serving 1 server(s)
[2026-06-25 07:17:41] INFO: Starting background job scheduler...
[2026-06-25 07:17:41] INFO: ✅ Scheduler running — beige/defense every 5min, military every 15min, daily report at 08:00 UTC
[2026-06-25 07:17:41] INFO: ✅ Background jobs started
[2026-06-25 07:17:51] INFO: Running startup checks...
[2026-06-25 07:17:51] DEBUG: Running beige exit check...
[2026-06-25 07:17:54] ERROR: P&W API HTTP error: 3C3A0000:error:0A0003FC:SSL routines:ssl3_read_bytes:ssl/tls alert bad record mac:openssl\ssl\record\rec_layer_s3.c:916:SSL alert number 20

[2026-06-25 07:17:54] ERROR: Defense monitor error for guild 1393443854514130974: 3C3A0000:error:0A0003FC:SSL routines:ssl3_read_bytes:ssl/tls alert bad record mac:openssl\ssl\record\rec_layer_s3.c:916:SSL alert number 20

[2026-06-25 07:19:34] ERROR: Error in /war: Received one or more errors
Error: Received one or more errors
    at _ArrayValidator.handle (C:\Users\hp\Desktop\pw-bot\node_modules\@sapphire\shapeshift\dist\cjs\index.cjs:1254:70)
    at _ArrayValidator.parse (C:\Users\hp\Desktop\pw-bot\node_modules\@sapphire\shapeshift\dist\cjs\index.cjs:972:90)
    at EmbedBuilder.addFields (C:\Users\hp\Desktop\pw-bot\node_modules\@discordjs\builders\dist\index.js:246:31)
    at Object.execute (C:\Users\hp\Desktop\pw-bot\src\commands\military\war.js:91:10)
    at process.processTicksAndRejections (node:internal/process/task_queues:103:5)
    at async Object.execute (C:\Users\hp\Desktop\pw-bot\src\events\interactionCreate.js:28:9)
[2026-06-25 07:20:00] DEBUG: ⏰ Running beige check...
[2026-06-25 07:20:00] DEBUG: Running beige exit check...
[2026-06-25 07:20:00] DEBUG: 🛡️ Running defense check...
[2026-06-25 07:20:02] ERROR: Failed to send mass attack alert: Received one or more errors
[2026-06-25 07:20:39] ERROR: Error in /war: Received one or more errors
Error: Received one or more errors
    at _ArrayValidator.handle (C:\Users\hp\Desktop\pw-bot\node_modules\@sapphire\shapeshift\dist\cjs\index.cjs:1254:70)
    at _ArrayValidator.parse (C:\Users\hp\Desktop\pw-bot\node_modules\@sapphire\shapeshift\dist\cjs\index.cjs:972:90)
    at EmbedBuilder.addFields (C:\Users\hp\Desktop\pw-bot\node_modules\@discordjs\builders\dist\index.js:246:31)
    at Object.execute (C:\Users\hp\Desktop\pw-bot\src\commands\military\war.js:91:10)
    at process.processTicksAndRejections (node:internal/process/task_queues:103:5)
    at async Object.execute (C:\Users\hp\Desktop\pw-bot\src\events\interactionCreate.js:28:9)
[2026-06-25 07:25:00] DEBUG: ⏰ Running beige check...
[2026-06-25 07:25:00] DEBUG: Running beige exit check...
[2026-06-25 07:25:00] DEBUG: 🛡️ Running defense check...
[2026-06-25 07:30:00] DEBUG: ⏰ Running beige check...
[2026-06-25 07:30:00] DEBUG: Running beige exit check...
[2026-06-25 07:30:00] DEBUG: 🛡️ Running defense check...
[2026-06-25 07:30:00] DEBUG: 🔍 Checking military changes...
[2026-06-25 07:30:01] INFO: Military change alert sent for nation 673552 in guild 1393443854514130974
[2026-06-25 07:30:03] INFO: Military change alert sent for nation 716214 in guild 1393443854514130974
[2026-06-25 07:30:03] INFO: Military change alert sent for nation 676082 in guild 1393443854514130974
[2026-06-25 07:30:04] INFO: Military change alert sent for nation 753926 in guild 1393443854514130974
[2026-06-25 07:35:00] DEBUG: ⏰ Running beige check...
[2026-06-25 07:35:00] DEBUG: Running beige exit check...
[2026-06-25 07:35:00] DEBUG: 🛡️ Running defense check...
[2026-06-25 07:40:00] DEBUG: ⏰ Running beige check...
[2026-06-25 07:40:00] DEBUG: Running beige exit check...
[2026-06-25 07:40:00] DEBUG: 🛡️ Running defense check...
[2026-06-25 07:45:00] DEBUG: ⏰ Running beige check...
[2026-06-25 07:45:00] DEBUG: Running beige exit check...
[2026-06-25 07:45:00] DEBUG: 🛡️ Running defense check...
[2026-06-25 07:45:00] DEBUG: 🔍 Checking military changes...
[2026-06-25 07:45:01] INFO: Military change alert sent for nation 424248 in guild 1393443854514130974
[2026-06-25 07:45:02] INFO: Military change alert sent for nation 512196 in guild 1393443854514130974
[2026-06-25 07:45:02] INFO: Military change alert sent for nation 595922 in guild 1393443854514130974
[2026-06-25 07:50:00] DEBUG: ⏰ Running beige check...
[2026-06-25 07:50:00] DEBUG: Running beige exit check...
[2026-06-25 07:50:00] DEBUG: 🛡️ Running defense check...
[2026-06-25 07:55:00] DEBUG: ⏰ Running beige check...
[2026-06-25 07:55:00] DEBUG: Running beige exit check...
[2026-06-25 07:55:00] DEBUG: 🛡️ Running defense check...
[2026-06-25 08:00:00] INFO: 📅 Sending daily reports...
[2026-06-25 08:00:00] INFO: Generating daily reports...
[2026-06-25 08:00:00] DEBUG: ⏰ Running beige check...
[2026-06-25 08:00:00] DEBUG: Running beige exit check...
[2026-06-25 08:00:00] DEBUG: 🛡️ Running defense check...
[2026-06-25 08:00:00] DEBUG: 🔍 Checking military changes...
[2026-06-25 08:00:05] DEBUG: Alliance 14124: 123 total nations, 67 actual members, 56 applicants excluded
[2026-06-25 08:00:08] INFO: Daily report sent for guild 1393443854514130974
[2026-06-25 08:05:00] DEBUG: ⏰ Running beige check...
[2026-06-25 08:05:00] DEBUG: Running beige exit check...
[2026-06-25 08:05:00] DEBUG: 🛡️ Running defense check...
[2026-06-25 08:05:04] INFO: Defense alert sent for war 2648751
[2026-06-25 08:10:00] DEBUG: ⏰ Running beige check...
[2026-06-25 08:10:00] DEBUG: Running beige exit check...
[2026-06-25 08:10:00] DEBUG: 🛡️ Running defense check...
[2026-06-25 08:14:11] ERROR: Error in /war: Received one or more errors
Error: Received one or more errors
    at _UnionValidator.handle (C:\Users\hp\Desktop\pw-bot\node_modules\@sapphire\shapeshift\dist\cjs\index.cjs:1965:23)
    at _UnionValidator.parse (C:\Users\hp\Desktop\pw-bot\node_modules\@sapphire\shapeshift\dist\cjs\index.cjs:972:90)
    at EmbedBuilder.setDescription (C:\Users\hp\Desktop\pw-bot\node_modules\@discordjs\builders\dist\index.js:336:26)
    at Object.execute (C:\Users\hp\Desktop\pw-bot\src\commands\military\war.js:149:10)
    at process.processTicksAndRejections (node:internal/process/task_queues:103:5)
    at async Object.execute (C:\Users\hp\Desktop\pw-bot\src\events\interactionCreate.js:28:9)
[2026-06-25 08:15:00] DEBUG: ⏰ Running beige check...
[2026-06-25 08:15:00] DEBUG: Running beige exit check...
[2026-06-25 08:15:00] DEBUG: 🛡️ Running defense check...
[2026-06-25 08:15:00] DEBUG: 🔍 Checking military changes...
[2026-06-25 08:15:07] INFO: Defense alert sent for war 2648763
[2026-06-25 08:15:42] DEBUG: Searching nation by name variants: citadel of reality, CITADEL OF REALITY, Citadel Of Reality, Citadel of reality
[2026-06-25 08:15:43] DEBUG: Nation name search returned 1 results
[2026-06-25 08:20:00] DEBUG: ⏰ Running beige check...
[2026-06-25 08:20:00] DEBUG: Running beige exit check...
[2026-06-25 08:20:00] DEBUG: 🛡️ Running defense check...
[2026-06-25 08:25:00] DEBUG: ⏰ Running beige check...
[2026-06-25 08:25:00] DEBUG: Running beige exit check...
[2026-06-25 08:25:00] DEBUG: 🛡️ Running defense check...
[2026-06-25 08:30:00] DEBUG: ⏰ Running beige check...
[2026-06-25 08:30:00] DEBUG: Running beige exit check...
[2026-06-25 08:30:00] DEBUG: 🛡️ Running defense check...
[2026-06-25 08:30:00] DEBUG: 🔍 Checking military changes...
[2026-06-25 08:35:00] DEBUG: ⏰ Running beige check...
[2026-06-25 08:35:00] DEBUG: Running beige exit check...
[2026-06-25 08:35:00] DEBUG: 🛡️ Running defense check...
[2026-06-25 08:40:00] DEBUG: ⏰ Running beige check...
[2026-06-25 08:40:00] DEBUG: Running beige exit check...
[2026-06-25 08:40:00] DEBUG: 🛡️ Running defense check...
[2026-06-25 08:43:31] INFO: Bot shut down. Database saved.
[2026-06-25 09:38:16] INFO: Starting PW Defense Bot...
[2026-06-25 09:38:16] INFO: Loaded existing database from disk
[2026-06-25 09:38:16] INFO: All database tables ready
[2026-06-25 09:38:16] INFO: Database ready at: C:\Users\hp\Desktop\pw-bot\data\bot.db
[2026-06-25 09:38:16] INFO: ✅ Database ready
[2026-06-25 09:38:16] DEBUG: Loaded command: /config
[2026-06-25 09:38:16] DEBUG: Loaded command: /alerts
[2026-06-25 09:38:16] DEBUG: Loaded command: /help
[2026-06-25 09:38:16] DEBUG: Loaded command: /ping
[2026-06-25 09:38:17] DEBUG: Loaded command: /beige
[2026-06-25 09:38:17] DEBUG: Loaded command: /coalition
[2026-06-25 09:38:17] DEBUG: Loaded command: /intel
[2026-06-25 09:38:17] DEBUG: Loaded command: /targets
[2026-06-25 09:38:17] DEBUG: Loaded command: /watch
[2026-06-25 09:38:17] DEBUG: Loaded command: /assign
[2026-06-25 09:38:17] DEBUG: Loaded command: /blitz
[2026-06-25 09:38:17] DEBUG: Loaded command: /compliance
[2026-06-25 09:38:17] DEBUG: Loaded command: /counter
[2026-06-25 09:38:17] DEBUG: Loaded command: /hq
[2026-06-25 09:38:17] DEBUG: Loaded command: /operation
[2026-06-25 09:38:17] DEBUG: Loaded command: /readiness
[2026-06-25 09:38:17] DEBUG: Loaded command: /reserve
[2026-06-25 09:38:17] DEBUG: Loaded command: /war
[2026-06-25 09:38:17] DEBUG: Loaded command: /gov-dashboard
[2026-06-25 09:38:17] DEBUG: Loaded command: /health
[2026-06-25 09:38:17] DEBUG: Loaded command: /participation
[2026-06-25 09:38:17] DEBUG: Loaded command: /report
[2026-06-25 09:38:17] INFO: Total commands loaded: 22
[2026-06-25 09:38:17] INFO: ✅ Commands loaded
[2026-06-25 09:38:17] DEBUG: Loaded event: interactionCreate
[2026-06-25 09:38:17] DEBUG: Loaded event: clientReady
[2026-06-25 09:38:17] INFO: ✅ Events loaded
[2026-06-25 09:38:20] INFO: ✅ Bot is online! Logged in as: TUN Defence System Bot#4166
[2026-06-25 09:38:20] INFO:    Serving 2 server(s)
[2026-06-25 09:38:20] INFO: Starting background job scheduler...
[2026-06-25 09:38:20] INFO: ✅ Scheduler running — beige/defense every 5min, military every 15min, daily report at 08:00 UTC
[2026-06-25 09:38:20] INFO: ✅ Background jobs started
[2026-06-25 09:38:30] INFO: Running startup checks...
[2026-06-25 09:38:30] DEBUG: Running beige exit check...
[2026-06-25 09:40:00] DEBUG: ⏰ Running beige check...
[2026-06-25 09:40:00] DEBUG: Running beige exit check...
[2026-06-25 09:40:00] DEBUG: 🛡️ Running defense check...
[2026-06-25 09:40:03] INFO: Defense alert sent for war 2648812
[2026-06-25 09:45:00] DEBUG: ⏰ Running beige check...
[2026-06-25 09:45:00] DEBUG: Running beige exit check...
[2026-06-25 09:45:00] DEBUG: 🛡️ Running defense check...
[2026-06-25 09:45:00] DEBUG: 🔍 Checking military changes...
[2026-06-25 09:45:01] INFO: Military change alert sent for nation 769741 in guild 1393443854514130974
[2026-06-25 09:47:00] INFO: Bot shut down. Database saved.
[2026-06-25 09:48:29] INFO: Starting PW Defense Bot...
[2026-06-25 09:48:29] INFO: Loaded existing database from disk
[2026-06-25 09:48:29] INFO: All database tables ready
[2026-06-25 09:48:29] INFO: Database ready at: C:\Users\hp\Desktop\pw-bot\data\bot.db
[2026-06-25 09:48:29] INFO: ✅ Database ready
[2026-06-25 09:48:30] DEBUG: Loaded command: /config
[2026-06-25 09:48:30] DEBUG: Loaded command: /alerts
[2026-06-25 09:48:30] DEBUG: Loaded command: /help
[2026-06-25 09:48:30] DEBUG: Loaded command: /ping
[2026-06-25 09:48:30] DEBUG: Loaded command: /beige
[2026-06-25 09:48:30] DEBUG: Loaded command: /coalition
[2026-06-25 09:48:30] DEBUG: Loaded command: /intel
[2026-06-25 09:48:30] DEBUG: Loaded command: /targets
[2026-06-25 09:48:30] DEBUG: Loaded command: /watch
[2026-06-25 09:48:30] DEBUG: Loaded command: /assign
[2026-06-25 09:48:30] DEBUG: Loaded command: /blitz
[2026-06-25 09:48:30] DEBUG: Loaded command: /compliance
[2026-06-25 09:48:30] DEBUG: Loaded command: /counter
[2026-06-25 09:48:30] DEBUG: Loaded command: /hq
[2026-06-25 09:48:30] DEBUG: Loaded command: /operation
[2026-06-25 09:48:30] DEBUG: Loaded command: /readiness
[2026-06-25 09:48:30] DEBUG: Loaded command: /reserve
[2026-06-25 09:48:30] DEBUG: Loaded command: /war
[2026-06-25 09:48:30] DEBUG: Loaded command: /gov-dashboard
[2026-06-25 09:48:30] DEBUG: Loaded command: /health
[2026-06-25 09:48:30] DEBUG: Loaded command: /participation
[2026-06-25 09:48:30] DEBUG: Loaded command: /report
[2026-06-25 09:48:30] INFO: Total commands loaded: 22
[2026-06-25 09:48:30] INFO: ✅ Commands loaded
[2026-06-25 09:48:30] DEBUG: Loaded event: interactionCreate
[2026-06-25 09:48:30] DEBUG: Loaded event: clientReady
[2026-06-25 09:48:30] INFO: ✅ Events loaded
[2026-06-25 09:48:33] INFO: ✅ Bot is online! Logged in as: TUN Defence System Bot#4166
[2026-06-25 09:48:33] INFO:    Serving 2 server(s)
[2026-06-25 09:48:33] INFO: Starting background job scheduler...
[2026-06-25 09:48:33] INFO: ✅ Scheduler running — beige/defense every 5min, military every 15min, daily report at 08:00 UTC
[2026-06-25 09:48:33] INFO: ✅ Background jobs started
[2026-06-25 09:48:43] INFO: Running startup checks...
[2026-06-25 09:48:43] DEBUG: Running beige exit check...
[2026-06-25 09:50:00] DEBUG: ⏰ Running beige check...
[2026-06-25 09:50:00] DEBUG: Running beige exit check...
[2026-06-25 09:50:00] DEBUG: 🛡️ Running defense check...
[2026-06-25 09:50:31] ERROR: Error in /war: Received one or more errors
Error: Received one or more errors
    at _ArrayValidator.handle (C:\Users\hp\Desktop\pw-bot\node_modules\@sapphire\shapeshift\dist\cjs\index.cjs:1254:70)
    at _ArrayValidator.parse (C:\Users\hp\Desktop\pw-bot\node_modules\@sapphire\shapeshift\dist\cjs\index.cjs:972:90)
    at EmbedBuilder.addFields (C:\Users\hp\Desktop\pw-bot\node_modules\@discordjs\builders\dist\index.js:246:31)
    at Object.execute (C:\Users\hp\Desktop\pw-bot\src\commands\military\war.js:91:10)
    at process.processTicksAndRejections (node:internal/process/task_queues:103:5)
    at async Object.execute (C:\Users\hp\Desktop\pw-bot\src\events\interactionCreate.js:28:9)
[2026-06-25 09:55:00] DEBUG: ⏰ Running beige check...
[2026-06-25 09:55:00] DEBUG: Running beige exit check...
[2026-06-25 09:55:00] DEBUG: 🛡️ Running defense check...
[2026-06-25 09:58:33] INFO: Bot shut down. Database saved.
[2026-06-25 09:58:58] INFO: Starting PW Defense Bot...
[2026-06-25 09:58:58] INFO: Loaded existing database from disk
[2026-06-25 09:58:58] INFO: All database tables ready
[2026-06-25 09:58:58] INFO: Database ready at: C:\Users\hp\Desktop\pw-bot\data\bot.db
[2026-06-25 09:58:58] INFO: ✅ Database ready
[2026-06-25 09:58:58] DEBUG: Loaded command: /config
[2026-06-25 09:58:58] DEBUG: Loaded command: /alerts
[2026-06-25 09:58:58] DEBUG: Loaded command: /help
[2026-06-25 09:58:58] DEBUG: Loaded command: /ping
[2026-06-25 09:58:58] DEBUG: Loaded command: /beige
[2026-06-25 09:58:58] DEBUG: Loaded command: /coalition
[2026-06-25 09:58:58] DEBUG: Loaded command: /intel
[2026-06-25 09:58:58] DEBUG: Loaded command: /targets
[2026-06-25 09:58:58] DEBUG: Loaded command: /watch
[2026-06-25 09:58:58] DEBUG: Loaded command: /assign
[2026-06-25 09:58:58] DEBUG: Loaded command: /blitz
[2026-06-25 09:58:58] DEBUG: Loaded command: /compliance
[2026-06-25 09:58:58] DEBUG: Loaded command: /counter
[2026-06-25 09:58:58] DEBUG: Loaded command: /hq
[2026-06-25 09:58:58] DEBUG: Loaded command: /operation
[2026-06-25 09:58:58] DEBUG: Loaded command: /readiness
[2026-06-25 09:58:58] DEBUG: Loaded command: /reserve
[2026-06-25 09:58:58] DEBUG: Loaded command: /war
[2026-06-25 09:58:58] DEBUG: Loaded command: /gov-dashboard
[2026-06-25 09:58:58] DEBUG: Loaded command: /health
[2026-06-25 09:58:58] DEBUG: Loaded command: /participation
[2026-06-25 09:58:58] DEBUG: Loaded command: /report
[2026-06-25 09:58:58] INFO: Total commands loaded: 22
[2026-06-25 09:58:58] INFO: ✅ Commands loaded
[2026-06-25 09:58:58] DEBUG: Loaded event: interactionCreate
[2026-06-25 09:58:58] DEBUG: Loaded event: clientReady
[2026-06-25 09:58:58] INFO: ✅ Events loaded
[2026-06-25 09:59:00] INFO: ✅ Bot is online! Logged in as: TUN Defence System Bot#4166
[2026-06-25 09:59:00] INFO:    Serving 1 server(s)
[2026-06-25 09:59:00] INFO: Starting background job scheduler...
[2026-06-25 09:59:00] INFO: ✅ Scheduler running — beige/defense every 5min, military every 15min, daily report at 08:00 UTC
[2026-06-25 09:59:00] INFO: ✅ Background jobs started
[2026-06-25 09:59:10] INFO: Running startup checks...
[2026-06-25 09:59:10] DEBUG: Running beige exit check...
[2026-06-25 10:00:00] DEBUG: ⏰ Running beige check...
[2026-06-25 10:00:00] DEBUG: Running beige exit check...
[2026-06-25 10:00:00] DEBUG: 🛡️ Running defense check...
[2026-06-25 10:00:00] DEBUG: 🔍 Checking military changes...
[2026-06-25 10:05:00] DEBUG: ⏰ Running beige check...
[2026-06-25 10:05:00] DEBUG: Running beige exit check...
[2026-06-25 10:05:00] DEBUG: 🛡️ Running defense check...
[2026-06-25 10:05:02] ERROR: Failed to send mass attack alert: Received one or more errors
[2026-06-25 10:07:50] DEBUG: Searching alliances client-side for: "eternal pheonix"
[2026-06-25 10:07:50] DEBUG: Fetching alliance page 1...
[2026-06-25 10:07:51] DEBUG: Page 1: got 50 alliances (total in DB: 568, hasMore: true)
[2026-06-25 10:07:51] DEBUG: First 5 alliance names: Eclipse, Event Horizon, The Knights Radiant, Citadel, Rose
[2026-06-25 10:07:51] DEBUG: Fetching alliance page 2...
[2026-06-25 10:07:52] DEBUG: Page 2: got 50 alliances (total in DB: 568, hasMore: true)
[2026-06-25 10:07:52] DEBUG: Fetching alliance page 3...
[2026-06-25 10:07:52] DEBUG: Page 3: got 50 alliances (total in DB: 568, hasMore: true)
[2026-06-25 10:07:52] DEBUG: Fetching alliance page 4...
[2026-06-25 10:07:52] DEBUG: Page 4: got 50 alliances (total in DB: 568, hasMore: true)
[2026-06-25 10:07:52] WARN: Alliance "eternal pheonix" not found after searching 5 page(s)
[2026-06-25 10:08:58] DEBUG: Searching alliances client-side for: "eternal phoenix"
[2026-06-25 10:08:58] DEBUG: Fetching alliance page 1...
[2026-06-25 10:08:59] DEBUG: Page 1: got 50 alliances (total in DB: 568, hasMore: true)
[2026-06-25 10:08:59] DEBUG: First 5 alliance names: Eclipse, Event Horizon, The Knights Radiant, Citadel, Rose
[2026-06-25 10:08:59] DEBUG: Exact match found: Eternal Phoenix
[2026-06-25 10:10:00] DEBUG: ⏰ Running beige check...
[2026-06-25 10:10:00] DEBUG: Running beige exit check...
[2026-06-25 10:10:00] DEBUG: 🛡️ Running defense check...
[2026-06-25 10:15:00] DEBUG: ⏰ Running beige check...
[2026-06-25 10:15:00] DEBUG: Running beige exit check...
[2026-06-25 10:15:00] DEBUG: 🛡️ Running defense check...
[2026-06-25 10:15:00] DEBUG: 🔍 Checking military changes...
[2026-06-25 10:15:01] INFO: Military change alert sent for nation 603255 in guild 1394283356459503737
[2026-06-25 10:15:02] INFO: Military change alert sent for nation 713066 in guild 1394283356459503737
[2026-06-25 10:20:00] DEBUG: ⏰ Running beige check...
[2026-06-25 10:20:00] DEBUG: Running beige exit check...
[2026-06-25 10:20:00] DEBUG: 🛡️ Running defense check...
[2026-06-25 10:25:00] DEBUG: ⏰ Running beige check...
[2026-06-25 10:25:00] DEBUG: Running beige exit check...
[2026-06-25 10:25:00] DEBUG: 🛡️ Running defense check...
[2026-06-25 10:30:00] DEBUG: ⏰ Running beige check...
[2026-06-25 10:30:00] DEBUG: Running beige exit check...
[2026-06-25 10:30:00] DEBUG: 🛡️ Running defense check...
[2026-06-25 10:30:00] DEBUG: 🔍 Checking military changes...
[2026-06-25 10:30:01] INFO: Military change alert sent for nation 603255 in guild 1394283356459503737
[2026-06-25 10:33:46] DEBUG: Searching nation by name variants: algland, ALGLAND, Algland
[2026-06-25 10:33:47] DEBUG: Nation name search returned 1 results
[2026-06-25 10:35:00] DEBUG: ⏰ Running beige check...
[2026-06-25 10:35:00] DEBUG: Running beige exit check...
[2026-06-25 10:35:00] DEBUG: 🛡️ Running defense check...
[2026-06-25 10:40:00] DEBUG: ⏰ Running beige check...
[2026-06-25 10:40:00] DEBUG: Running beige exit check...
[2026-06-25 10:40:00] DEBUG: 🛡️ Running defense check...
[2026-06-25 10:42:36] DEBUG: Searching nation by name variants: algland, ALGLAND, Algland
[2026-06-25 10:42:36] DEBUG: Nation name search returned 1 results
[2026-06-25 10:45:00] DEBUG: ⏰ Running beige check...
[2026-06-25 10:45:00] DEBUG: Running beige exit check...
[2026-06-25 10:45:00] DEBUG: 🛡️ Running defense check...
[2026-06-25 10:45:00] DEBUG: 🔍 Checking military changes...
[2026-06-25 10:45:00] ERROR: Military monitor error for guild 1394283356459503737: D8070000:error:0A00041B:SSL routines:ssl3_read_bytes:tlsv1 alert decrypt error:openssl\ssl\record\rec_layer_s3.c:916:SSL alert number 51

[2026-06-25 10:48:44] DEBUG: Searching nation by name variants: algland, ALGLAND, Algland
[2026-06-25 10:48:46] DEBUG: Nation name search returned 1 results
[2026-06-25 10:50:00] DEBUG: ⏰ Running beige check...
[2026-06-25 10:50:00] DEBUG: Running beige exit check...
[2026-06-25 10:50:00] DEBUG: 🛡️ Running defense check...
[2026-06-25 10:55:00] DEBUG: ⏰ Running beige check...
[2026-06-25 10:55:00] DEBUG: Running beige exit check...
[2026-06-25 10:55:00] DEBUG: 🛡️ Running defense check...
[2026-06-25 11:00:00] DEBUG: ⏰ Running beige check...
[2026-06-25 11:00:00] DEBUG: Running beige exit check...
[2026-06-25 11:00:00] DEBUG: 🛡️ Running defense check...
[2026-06-25 11:00:00] DEBUG: 🔍 Checking military changes...
[2026-06-25 11:00:02] INFO: Military change alert sent for nation 603255 in guild 1394283356459503737
[2026-06-25 11:05:00] DEBUG: ⏰ Running beige check...
[2026-06-25 11:05:00] DEBUG: Running beige exit check...
[2026-06-25 11:05:00] DEBUG: 🛡️ Running defense check...
[2026-06-25 11:10:00] DEBUG: ⏰ Running beige check...
[2026-06-25 11:10:00] DEBUG: Running beige exit check...
[2026-06-25 11:10:00] DEBUG: 🛡️ Running defense check...
[2026-06-25 11:15:00] DEBUG: ⏰ Running beige check...
[2026-06-25 11:15:00] DEBUG: Running beige exit check...
[2026-06-25 11:15:00] DEBUG: 🛡️ Running defense check...
[2026-06-25 11:15:00] DEBUG: 🔍 Checking military changes...
[2026-06-25 11:15:01] INFO: Military change alert sent for nation 603255 in guild 1394283356459503737
[2026-06-25 11:15:03] INFO: Military change alert sent for nation 721894 in guild 1394283356459503737
[2026-06-25 11:20:00] DEBUG: ⏰ Running beige check...
[2026-06-25 11:20:00] DEBUG: Running beige exit check...
[2026-06-25 11:20:00] DEBUG: 🛡️ Running defense check...
[2026-06-26 00:06:00] INFO: Starting PW Defense Bot...
[2026-06-26 00:06:22] INFO: Starting PW Defense Bot...
[2026-06-26 00:08:50] INFO: Starting PW Defense Bot...
[2026-06-26 00:08:50] INFO: Created new database
[2026-06-26 00:08:50] INFO: All database tables ready
[2026-06-26 00:08:50] INFO: Database ready at: C:\Users\hp\Desktop\pw-bot\data\bot.db
[2026-06-26 00:08:50] INFO: ✅ Database ready
[2026-06-26 00:08:50] DEBUG: Loaded command: /config
[2026-06-26 00:08:50] DEBUG: Loaded command: /alerts
[2026-06-26 00:08:50] DEBUG: Loaded command: /help
[2026-06-26 00:08:50] DEBUG: Loaded command: /ping
[2026-06-26 00:08:51] DEBUG: Loaded command: /beige
[2026-06-26 00:08:51] DEBUG: Loaded command: /coalition
[2026-06-26 00:08:51] DEBUG: Loaded command: /intel
[2026-06-26 00:08:51] DEBUG: Loaded command: /targets
[2026-06-26 00:08:51] DEBUG: Loaded command: /watch
[2026-06-26 00:08:51] DEBUG: Loaded command: /assign
[2026-06-26 00:08:51] DEBUG: Loaded command: /blitz
[2026-06-26 00:08:51] DEBUG: Loaded command: /compliance
[2026-06-26 00:08:51] DEBUG: Loaded command: /counter
[2026-06-26 00:08:51] DEBUG: Loaded command: /hq
[2026-06-26 00:08:51] DEBUG: Loaded command: /operation
[2026-06-26 00:08:51] DEBUG: Loaded command: /readiness
[2026-06-26 00:08:51] DEBUG: Loaded command: /reserve
[2026-06-26 00:08:51] DEBUG: Loaded command: /war
[2026-06-26 00:08:51] DEBUG: Loaded command: /gov-dashboard
[2026-06-26 00:08:51] DEBUG: Loaded command: /health
[2026-06-26 00:08:51] DEBUG: Loaded command: /participation
[2026-06-26 00:08:51] DEBUG: Loaded command: /report
[2026-06-26 00:08:51] INFO: Total commands loaded: 22
[2026-06-26 00:08:51] INFO: ✅ Commands loaded
[2026-06-26 00:08:51] DEBUG: Loaded event: interactionCreate
[2026-06-26 00:08:51] DEBUG: Loaded event: clientReady
[2026-06-26 00:08:51] INFO: ✅ Events loaded
[2026-06-26 00:08:53] INFO: ✅ Bot is online! Logged in as: TUN Defence System Bot#4166
[2026-06-26 00:08:53] INFO:    Serving 1 server(s)
[2026-06-26 00:08:53] INFO: Starting background job scheduler...
[2026-06-26 00:08:53] INFO: ✅ Scheduler running — beige/defense every 5min, military every 15min, daily report at 08:00 UTC
[2026-06-26 00:08:53] INFO: ✅ Background jobs started
[2026-06-26 00:09:03] INFO: Running startup checks...
[2026-06-26 00:09:03] DEBUG: Running beige exit check...
[2026-06-26 00:10:00] DEBUG: ⏰ Running beige check...
[2026-06-26 00:10:00] DEBUG: Running beige exit check...
[2026-06-26 00:10:00] DEBUG: 🛡️ Running defense check...
[2026-06-26 00:12:15] ERROR: Error in /war: Received one or more errors
Error: Received one or more errors
    at _ArrayValidator.handle (C:\Users\hp\Desktop\pw-bot\node_modules\@sapphire\shapeshift\dist\cjs\index.cjs:1254:70)
    at _ArrayValidator.parse (C:\Users\hp\Desktop\pw-bot\node_modules\@sapphire\shapeshift\dist\cjs\index.cjs:972:90)
    at EmbedBuilder.addFields (C:\Users\hp\Desktop\pw-bot\node_modules\@discordjs\builders\dist\index.js:246:31)
    at Object.execute (C:\Users\hp\Desktop\pw-bot\src\commands\military\war.js:108:10)
    at process.processTicksAndRejections (node:internal/process/task_queues:103:5)
    at async Object.execute (C:\Users\hp\Desktop\pw-bot\src\events\interactionCreate.js:28:9)
[2026-06-26 00:15:00] DEBUG: ⏰ Running beige check...
[2026-06-26 00:15:00] DEBUG: Running beige exit check...
[2026-06-26 00:15:00] DEBUG: 🛡️ Running defense check...
[2026-06-26 00:15:00] DEBUG: 🔍 Checking military changes...
[2026-06-26 07:55:00] DEBUG: ⏰ Running beige check...
[2026-06-26 07:55:00] DEBUG: Running beige exit check...
[2026-06-26 07:55:00] DEBUG: 🛡️ Running defense check...
[2026-06-26 08:00:00] DEBUG: 🔍 Checking military changes...
[2026-06-26 08:00:00] INFO: 📅 Sending daily reports...
[2026-06-26 08:00:00] INFO: Generating daily reports...
[2026-06-26 08:00:00] WARN: Daily report: no channel for guild 1394283356459503737
[2026-06-26 08:00:00] DEBUG: ⏰ Running beige check...
[2026-06-26 08:00:00] DEBUG: Running beige exit check...
[2026-06-26 08:00:00] DEBUG: 🛡️ Running defense check...
[2026-06-26 08:05:00] DEBUG: ⏰ Running beige check...
[2026-06-26 08:05:00] DEBUG: Running beige exit check...
[2026-06-26 08:05:00] DEBUG: 🛡️ Running defense check...
[2026-06-26 08:10:00] DEBUG: ⏰ Running beige check...
[2026-06-26 08:10:00] DEBUG: Running beige exit check...
[2026-06-26 08:10:00] DEBUG: 🛡️ Running defense check...
[2026-06-26 08:15:00] DEBUG: 🔍 Checking military changes...
[2026-06-26 08:15:00] DEBUG: ⏰ Running beige check...
[2026-06-26 08:15:00] DEBUG: Running beige exit check...
[2026-06-26 08:15:00] DEBUG: 🛡️ Running defense check...
[2026-06-26 08:20:00] DEBUG: ⏰ Running beige check...
[2026-06-26 08:20:00] DEBUG: Running beige exit check...
[2026-06-26 08:20:00] DEBUG: 🛡️ Running defense check...
[2026-06-26 08:25:00] DEBUG: ⏰ Running beige check...
[2026-06-26 08:25:00] DEBUG: Running beige exit check...
[2026-06-26 08:25:00] DEBUG: 🛡️ Running defense check...
[2026-06-26 08:25:15] INFO: Bot shut down. Database saved.
[2026-06-26 08:26:15] INFO: Starting PW Defense Bot...
[2026-06-26 08:26:15] INFO: Loaded existing database from disk
[2026-06-26 08:26:15] INFO: All database tables ready
[2026-06-26 08:26:15] INFO: Database ready at: C:\Users\hp\Desktop\pw-bot\data\bot.db
[2026-06-26 08:26:15] INFO: ✅ Database ready
[2026-06-26 08:26:15] DEBUG: Loaded command: /config
[2026-06-26 08:26:15] DEBUG: Loaded command: /alerts
[2026-06-26 08:26:15] DEBUG: Loaded command: /help
[2026-06-26 08:26:15] DEBUG: Loaded command: /ping
[2026-06-26 08:26:15] DEBUG: Loaded command: /beige
[2026-06-26 08:26:15] DEBUG: Loaded command: /coalition
[2026-06-26 08:26:15] DEBUG: Loaded command: /intel
[2026-06-26 08:26:15] DEBUG: Loaded command: /targets
[2026-06-26 08:26:15] DEBUG: Loaded command: /watch
[2026-06-26 08:26:15] DEBUG: Loaded command: /assign
[2026-06-26 08:26:15] DEBUG: Loaded command: /blitz
[2026-06-26 08:26:15] DEBUG: Loaded command: /compliance
[2026-06-26 08:26:15] DEBUG: Loaded command: /counter
[2026-06-26 08:26:15] DEBUG: Loaded command: /hq
[2026-06-26 08:26:15] DEBUG: Loaded command: /operation
[2026-06-26 08:26:15] DEBUG: Loaded command: /readiness
[2026-06-26 08:26:15] DEBUG: Loaded command: /reserve
[2026-06-26 08:26:15] DEBUG: Loaded command: /war
[2026-06-26 08:26:15] DEBUG: Loaded command: /gov-dashboard
[2026-06-26 08:26:15] DEBUG: Loaded command: /health
[2026-06-26 08:26:15] DEBUG: Loaded command: /participation
[2026-06-26 08:26:15] DEBUG: Loaded command: /report
[2026-06-26 08:26:15] INFO: Total commands loaded: 22
[2026-06-26 08:26:15] INFO: ✅ Commands loaded
[2026-06-26 08:26:15] DEBUG: Loaded event: interactionCreate
[2026-06-26 08:26:15] DEBUG: Loaded event: clientReady
[2026-06-26 08:26:15] INFO: ✅ Events loaded
[2026-06-26 08:26:17] INFO: ✅ Bot is online! Logged in as: TUN Defence System Bot#4166
[2026-06-26 08:26:17] INFO:    Serving 1 server(s)
[2026-06-26 08:26:17] INFO: Starting background job scheduler...
[2026-06-26 08:26:17] INFO: ✅ Scheduler running — beige/defense every 5min, military every 15min, daily report at 08:00 UTC
[2026-06-26 08:26:17] INFO: ✅ Background jobs started
[2026-06-26 08:26:27] INFO: Running startup checks...
[2026-06-26 08:26:27] DEBUG: Running beige exit check...
[2026-06-26 08:30:00] DEBUG: ⏰ Running beige check...
[2026-06-26 08:30:00] DEBUG: Running beige exit check...
[2026-06-26 08:30:00] DEBUG: 🛡️ Running defense check...
[2026-06-26 08:30:00] DEBUG: 🔍 Checking military changes...
[2026-06-26 08:30:03] ERROR: Failed to send mass attack alert: Received one or more errors
[2026-06-26 08:34:43] DEBUG: Searching alliances client-side for: "eternal phoenix"
[2026-06-26 08:34:43] DEBUG: Fetching alliance page 1...
[2026-06-26 08:34:44] DEBUG: Page 1: got 50 alliances (total in DB: 568, hasMore: true)
[2026-06-26 08:34:44] DEBUG: First 5 alliance names: Eclipse, Event Horizon, The Knights Radiant, Citadel, Rose
[2026-06-26 08:34:44] DEBUG: Exact match found: Eternal Phoenix
[2026-06-26 08:35:00] DEBUG: ⏰ Running beige check...
[2026-06-26 08:35:00] DEBUG: Running beige exit check...
[2026-06-26 08:35:00] DEBUG: 🛡️ Running defense check...
[2026-06-26 08:35:59] DEBUG: Searching alliances client-side for: "leviathan"
[2026-06-26 08:35:59] DEBUG: Fetching alliance page 1...
[2026-06-26 08:36:00] DEBUG: Page 1: got 50 alliances (total in DB: 568, hasMore: true)
[2026-06-26 08:36:00] DEBUG: First 5 alliance names: Eclipse, Event Horizon, The Knights Radiant, Citadel, Rose
[2026-06-26 08:36:00] DEBUG: Exact match found: Leviathan
[2026-06-26 08:37:01] ERROR: Error in /war: Received one or more errors
Error: Received one or more errors
    at _ArrayValidator.handle (C:\Users\hp\Desktop\pw-bot\node_modules\@sapphire\shapeshift\dist\cjs\index.cjs:1254:70)
    at _ArrayValidator.parse (C:\Users\hp\Desktop\pw-bot\node_modules\@sapphire\shapeshift\dist\cjs\index.cjs:972:90)
    at EmbedBuilder.addFields (C:\Users\hp\Desktop\pw-bot\node_modules\@discordjs\builders\dist\index.js:246:31)
    at Object.execute (C:\Users\hp\Desktop\pw-bot\src\commands\military\war.js:108:10)
    at process.processTicksAndRejections (node:internal/process/task_queues:103:5)
    at async Object.execute (C:\Users\hp\Desktop\pw-bot\src\events\interactionCreate.js:28:9)
[2026-06-26 08:40:00] DEBUG: ⏰ Running beige check...
[2026-06-26 08:40:00] DEBUG: Running beige exit check...
[2026-06-26 08:40:00] DEBUG: 🛡️ Running defense check...
[2026-06-26 08:40:45] INFO: Bot shut down. Database saved.
[2026-06-26 08:40:53] INFO: Starting PW Defense Bot...
[2026-06-26 08:40:53] INFO: Loaded existing database from disk
[2026-06-26 08:40:53] INFO: All database tables ready
[2026-06-26 08:40:53] INFO: Database ready at: C:\Users\hp\Desktop\pw-bot\data\bot.db
[2026-06-26 08:40:53] INFO: ✅ Database ready
[2026-06-26 08:40:53] DEBUG: Loaded command: /config
[2026-06-26 08:40:53] DEBUG: Loaded command: /alerts
[2026-06-26 08:40:53] DEBUG: Loaded command: /help
[2026-06-26 08:40:53] DEBUG: Loaded command: /ping
[2026-06-26 08:40:53] DEBUG: Loaded command: /beige
[2026-06-26 08:40:53] DEBUG: Loaded command: /coalition
[2026-06-26 08:40:53] DEBUG: Loaded command: /intel
[2026-06-26 08:40:53] DEBUG: Loaded command: /targets
[2026-06-26 08:40:53] DEBUG: Loaded command: /watch
[2026-06-26 08:40:53] DEBUG: Loaded command: /assign
[2026-06-26 08:40:53] DEBUG: Loaded command: /blitz
[2026-06-26 08:40:53] DEBUG: Loaded command: /compliance
[2026-06-26 08:40:53] DEBUG: Loaded command: /counter
[2026-06-26 08:40:53] DEBUG: Loaded command: /hq
[2026-06-26 08:40:54] DEBUG: Loaded command: /operation
[2026-06-26 08:40:54] DEBUG: Loaded command: /readiness
[2026-06-26 08:40:54] DEBUG: Loaded command: /reserve
[2026-06-26 08:40:54] DEBUG: Loaded command: /war
[2026-06-26 08:40:54] DEBUG: Loaded command: /gov-dashboard
[2026-06-26 08:40:54] DEBUG: Loaded command: /health
[2026-06-26 08:40:54] DEBUG: Loaded command: /participation
[2026-06-26 08:40:54] DEBUG: Loaded command: /report
[2026-06-26 08:40:54] INFO: Total commands loaded: 22
[2026-06-26 08:40:54] INFO: ✅ Commands loaded
[2026-06-26 08:40:54] DEBUG: Loaded event: interactionCreate
[2026-06-26 08:40:54] DEBUG: Loaded event: clientReady
[2026-06-26 08:40:54] INFO: ✅ Events loaded
[2026-06-26 08:40:55] INFO: ✅ Bot is online! Logged in as: TUN Defence System Bot#4166
[2026-06-26 08:40:55] INFO:    Serving 1 server(s)
[2026-06-26 08:40:55] INFO: Starting background job scheduler...
[2026-06-26 08:40:55] INFO: ✅ Scheduler running — beige/defense every 5min, military every 15min, daily report at 08:00 UTC
[2026-06-26 08:40:55] INFO: ✅ Background jobs started
[2026-06-26 08:41:05] INFO: Running startup checks...
[2026-06-26 08:41:05] DEBUG: Running beige exit check...
[2026-06-26 08:45:00] DEBUG: ⏰ Running beige check...
[2026-06-26 08:45:00] DEBUG: Running beige exit check...
[2026-06-26 08:45:00] DEBUG: 🛡️ Running defense check...
[2026-06-26 08:45:00] DEBUG: 🔍 Checking military changes...
[2026-06-26 08:50:00] DEBUG: ⏰ Running beige check...
[2026-06-26 08:50:00] DEBUG: Running beige exit check...
[2026-06-26 08:50:00] DEBUG: 🛡️ Running defense check...
[2026-06-26 08:55:00] DEBUG: ⏰ Running beige check...
[2026-06-26 08:55:00] DEBUG: Running beige exit check...
[2026-06-26 08:55:00] DEBUG: 🛡️ Running defense check...
[2026-06-26 09:00:00] DEBUG: ⏰ Running beige check...
[2026-06-26 09:00:00] DEBUG: Running beige exit check...
[2026-06-26 09:00:00] DEBUG: 🛡️ Running defense check...
[2026-06-26 09:00:00] DEBUG: 🔍 Checking military changes...
[2026-06-26 09:05:00] DEBUG: ⏰ Running beige check...
[2026-06-26 09:05:00] DEBUG: Running beige exit check...
[2026-06-26 09:05:00] DEBUG: 🛡️ Running defense check...
[2026-06-26 09:10:00] DEBUG: ⏰ Running beige check...
[2026-06-26 09:10:00] DEBUG: Running beige exit check...
[2026-06-26 09:10:00] DEBUG: 🛡️ Running defense check...
[2026-06-26 09:15:00] DEBUG: ⏰ Running beige check...
[2026-06-26 09:15:00] DEBUG: Running beige exit check...
[2026-06-26 09:15:00] DEBUG: 🛡️ Running defense check...
[2026-06-26 09:15:00] DEBUG: 🔍 Checking military changes...
[2026-06-26 09:20:00] DEBUG: ⏰ Running beige check...
[2026-06-26 09:20:00] DEBUG: Running beige exit check...
[2026-06-26 09:20:00] DEBUG: 🛡️ Running defense check...
[2026-06-26 09:25:00] DEBUG: ⏰ Running beige check...
[2026-06-26 09:25:00] DEBUG: Running beige exit check...
[2026-06-26 09:25:00] DEBUG: 🛡️ Running defense check...
[2026-06-26 09:30:00] DEBUG: ⏰ Running beige check...
[2026-06-26 09:30:00] DEBUG: Running beige exit check...
[2026-06-26 09:30:00] DEBUG: 🛡️ Running defense check...
[2026-06-26 09:30:00] DEBUG: 🔍 Checking military changes...
[2026-06-26 09:35:00] DEBUG: ⏰ Running beige check...
[2026-06-26 09:35:00] DEBUG: Running beige exit check...
[2026-06-26 09:35:00] DEBUG: 🛡️ Running defense check...
[2026-06-26 09:40:00] DEBUG: ⏰ Running beige check...
[2026-06-26 09:40:00] DEBUG: Running beige exit check...
[2026-06-26 09:40:00] DEBUG: 🛡️ Running defense check...
[2026-06-26 09:45:00] DEBUG: 🔍 Checking military changes...
[2026-06-26 09:45:00] DEBUG: ⏰ Running beige check...
[2026-06-26 09:45:00] DEBUG: Running beige exit check...
[2026-06-26 09:45:00] DEBUG: 🛡️ Running defense check...
[2026-06-26 09:50:00] DEBUG: ⏰ Running beige check...
[2026-06-26 09:50:00] DEBUG: Running beige exit check...
[2026-06-26 09:50:00] DEBUG: 🛡️ Running defense check...
[2026-06-26 09:55:00] DEBUG: ⏰ Running beige check...
[2026-06-26 09:55:00] DEBUG: Running beige exit check...
[2026-06-26 09:55:00] DEBUG: 🛡️ Running defense check...
[2026-06-26 10:00:00] DEBUG: ⏰ Running beige check...
[2026-06-26 10:00:00] DEBUG: Running beige exit check...
[2026-06-26 10:00:00] DEBUG: 🛡️ Running defense check...
[2026-06-26 10:00:00] DEBUG: 🔍 Checking military changes...
[2026-06-26 10:00:01] INFO: Military change alert sent for nation 777317 in guild 1394283356459503737
[2026-06-26 10:05:00] DEBUG: ⏰ Running beige check...
[2026-06-26 10:05:00] DEBUG: Running beige exit check...
[2026-06-26 10:05:00] DEBUG: 🛡️ Running defense check...
[2026-06-26 10:10:00] DEBUG: ⏰ Running beige check...
[2026-06-26 10:10:00] DEBUG: Running beige exit check...
[2026-06-26 10:10:00] DEBUG: 🛡️ Running defense check...
[2026-06-26 10:15:00] DEBUG: ⏰ Running beige check...
[2026-06-26 10:15:00] DEBUG: Running beige exit check...
[2026-06-26 10:15:00] DEBUG: 🛡️ Running defense check...
[2026-06-26 10:15:00] DEBUG: 🔍 Checking military changes...
[2026-06-26 10:20:00] DEBUG: ⏰ Running beige check...
[2026-06-26 10:20:00] DEBUG: Running beige exit check...
[2026-06-26 10:20:00] DEBUG: 🛡️ Running defense check...
[2026-06-26 10:25:00] DEBUG: ⏰ Running beige check...
[2026-06-26 10:25:00] DEBUG: Running beige exit check...
[2026-06-26 10:25:00] DEBUG: 🛡️ Running defense check...
[2026-06-26 10:30:00] DEBUG: ⏰ Running beige check...
[2026-06-26 10:30:00] DEBUG: Running beige exit check...
[2026-06-26 10:30:00] DEBUG: 🛡️ Running defense check...
[2026-06-26 10:30:00] DEBUG: 🔍 Checking military changes...
[2026-06-26 10:30:01] INFO: Military change alert sent for nation 764676 in guild 1394283356459503737
[2026-06-26 10:35:00] DEBUG: ⏰ Running beige check...
[2026-06-26 10:35:00] DEBUG: Running beige exit check...
[2026-06-26 10:35:00] DEBUG: 🛡️ Running defense check...
[2026-06-26 10:40:00] DEBUG: ⏰ Running beige check...
[2026-06-26 10:40:00] DEBUG: Running beige exit check...
[2026-06-26 10:40:00] DEBUG: 🛡️ Running defense check...
[2026-06-26 10:45:00] DEBUG: ⏰ Running beige check...
[2026-06-26 10:45:00] DEBUG: Running beige exit check...
[2026-06-26 10:45:00] DEBUG: 🛡️ Running defense check...
[2026-06-26 10:45:00] DEBUG: 🔍 Checking military changes...
[2026-06-26 10:45:02] INFO: Military change alert sent for nation 769007 in guild 1394283356459503737
[2026-06-26 10:45:03] INFO: Military change alert sent for nation 776114 in guild 1394283356459503737
[2026-06-26 10:50:00] DEBUG: ⏰ Running beige check...
[2026-06-26 10:50:00] DEBUG: Running beige exit check...
[2026-06-26 10:50:00] DEBUG: 🛡️ Running defense check...
[2026-06-26 10:55:00] DEBUG: ⏰ Running beige check...
[2026-06-26 10:55:00] DEBUG: Running beige exit check...
[2026-06-26 10:55:00] DEBUG: 🛡️ Running defense check...
[2026-06-26 10:57:50] INFO: Bot shut down. Database saved.
[2026-06-27 07:52:18] INFO: Starting PW Defense Bot...
[2026-06-27 07:52:18] INFO: Loaded existing database from disk
[2026-06-27 07:52:18] INFO: All database tables ready
[2026-06-27 07:52:18] INFO: Database ready at: C:\Users\hp\Desktop\pw-bot\data\bot.db
[2026-06-27 07:52:18] INFO: ✅ Database ready
[2026-06-27 07:52:18] DEBUG: Loaded command: /config
[2026-06-27 07:52:18] DEBUG: Loaded command: /alerts
[2026-06-27 07:52:18] DEBUG: Loaded command: /help
[2026-06-27 07:52:18] DEBUG: Loaded command: /ping
[2026-06-27 07:52:18] DEBUG: Loaded command: /beige
[2026-06-27 07:52:18] DEBUG: Loaded command: /coalition
[2026-06-27 07:52:18] DEBUG: Loaded command: /intel
[2026-06-27 07:52:18] DEBUG: Loaded command: /targets
[2026-06-27 07:52:18] DEBUG: Loaded command: /watch
[2026-06-27 07:52:18] DEBUG: Loaded command: /assign
[2026-06-27 07:52:18] DEBUG: Loaded command: /blitz
[2026-06-27 07:52:18] DEBUG: Loaded command: /compliance
[2026-06-27 07:52:18] DEBUG: Loaded command: /counter
[2026-06-27 07:52:18] DEBUG: Loaded command: /hq
[2026-06-27 07:52:18] DEBUG: Loaded command: /operation
[2026-06-27 07:52:18] DEBUG: Loaded command: /readiness
[2026-06-27 07:52:18] DEBUG: Loaded command: /reserve
[2026-06-27 07:52:18] DEBUG: Loaded command: /war
[2026-06-27 07:52:18] DEBUG: Loaded command: /gov-dashboard
[2026-06-27 07:52:18] DEBUG: Loaded command: /health
[2026-06-27 07:52:18] DEBUG: Loaded command: /participation
[2026-06-27 07:52:19] DEBUG: Loaded command: /report
[2026-06-27 07:52:19] INFO: Total commands loaded: 22
[2026-06-27 07:52:19] INFO: ✅ Commands loaded
[2026-06-27 07:52:19] DEBUG: Loaded event: interactionCreate
[2026-06-27 07:52:19] DEBUG: Loaded event: clientReady
[2026-06-27 07:52:19] INFO: ✅ Events loaded
[2026-06-27 07:52:21] INFO: ✅ Bot is online! Logged in as: TUN Defence System Bot#4166
[2026-06-27 07:52:21] INFO:    Serving 1 server(s)
[2026-06-27 07:52:21] INFO: Starting background job scheduler...
[2026-06-27 07:52:21] INFO: ✅ Scheduler — defense every 60s, beige every 5min, military every 15min, daily at 08:00 UTC
[2026-06-27 07:52:21] INFO: ✅ Background jobs started
[2026-06-27 07:52:31] INFO: Running startup checks...
[2026-06-27 07:52:31] DEBUG: Running beige exit check...
[2026-06-27 07:52:35] INFO: Defense alert sent for war 2650069
[2026-06-27 07:52:36] INFO: Defense alert sent for war 2649919
[2026-06-27 07:55:00] DEBUG: ⏰ Running beige check...
[2026-06-27 07:55:00] DEBUG: Running beige exit check...
[2026-06-27 07:59:15] ERROR: P&W API HTTP error: timeout of 15000ms exceeded
[2026-06-27 07:59:15] ERROR: Defense monitor error for guild 1394283356459503737: timeout of 15000ms exceeded
[2026-06-27 08:00:00] DEBUG: ⏰ Running beige check...
[2026-06-27 08:00:00] DEBUG: Running beige exit check...
[2026-06-27 08:00:00] DEBUG: 🔍 Checking military changes...
[2026-06-27 08:00:15] ERROR: P&W API HTTP error: timeout of 15000ms exceeded
[2026-06-27 08:00:15] ERROR: Defense monitor error for guild 1394283356459503737: timeout of 15000ms exceeded
[2026-06-27 08:00:15] ERROR: P&W API HTTP error: timeout of 15000ms exceeded
[2026-06-27 08:00:15] ERROR: Error fetching beige targets: timeout of 15000ms exceeded
AxiosError: timeout of 15000ms exceeded
    at createTimeoutError (C:\Users\hp\Desktop\pw-bot\node_modules\axios\dist\node\axios.cjs:3612:14)
    at RedirectableRequest.handleTimeout (C:\Users\hp\Desktop\pw-bot\node_modules\axios\dist\node\axios.cjs:4140:15)
    at RedirectableRequest.emit (node:events:508:28)
    at Timeout._onTimeout (C:\Users\hp\Desktop\pw-bot\node_modules\follow-redirects\index.js:233:12)
    at listOnTimeout (node:internal/timers:605:17)
    at process.processTimers (node:internal/timers:541:7)
    at Axios.request (C:\Users\hp\Desktop\pw-bot\node_modules\axios\dist\node\axios.cjs:5517:41)
    at process.processTicksAndRejections (node:internal/process/task_queues:103:5)
    at async pwQuery (C:\Users\hp\Desktop\pw-bot\src\utils\pwApi.js:23:17)
    at async getBeigeTargets (C:\Users\hp\Desktop\pw-bot\src\systems\beige\beigeTracker.js:34:18)
    at async processGuildBeige (C:\Users\hp\Desktop\pw-bot\src\jobs\beigeJob.js:37:26)
    at async checkBeigeExits (C:\Users\hp\Desktop\pw-bot\src\jobs\beigeJob.js:26:7)
    at async Task._execution (C:\Users\hp\Desktop\pw-bot\src\jobs\scheduler.js:32:5)
[2026-06-27 08:00:16] ERROR: P&W API HTTP error: timeout of 15000ms exceeded
[2026-06-27 08:00:16] ERROR: Military monitor error for guild 1394283356459503737: timeout of 15000ms exceeded
[2026-06-27 08:01:15] ERROR: P&W API HTTP error: timeout of 15000ms exceeded
[2026-06-27 08:01:15] ERROR: Defense monitor error for guild 1394283356459503737: timeout of 15000ms exceeded
[2026-06-27 08:02:15] ERROR: P&W API HTTP error: timeout of 15000ms exceeded
[2026-06-27 08:02:15] ERROR: Defense monitor error for guild 1394283356459503737: timeout of 15000ms exceeded
[2026-06-27 08:03:15] ERROR: P&W API HTTP error: timeout of 15000ms exceeded
[2026-06-27 08:03:15] ERROR: Defense monitor error for guild 1394283356459503737: timeout of 15000ms exceeded
[2026-06-27 08:04:15] ERROR: P&W API HTTP error: timeout of 15000ms exceeded
[2026-06-27 08:04:15] ERROR: Defense monitor error for guild 1394283356459503737: timeout of 15000ms exceeded
[2026-06-27 08:05:00] DEBUG: ⏰ Running beige check...
[2026-06-27 08:05:00] DEBUG: Running beige exit check...
[2026-06-27 08:05:00] ERROR: P&W API HTTP error: getaddrinfo ENOTFOUND api.politicsandwar.com
[2026-06-27 08:05:00] ERROR: Defense monitor error for guild 1394283356459503737: getaddrinfo ENOTFOUND api.politicsandwar.com
[2026-06-27 08:05:00] ERROR: P&W API HTTP error: getaddrinfo ENOTFOUND api.politicsandwar.com
[2026-06-27 08:05:00] ERROR: Error fetching beige targets: getaddrinfo ENOTFOUND api.politicsandwar.com
Error: getaddrinfo ENOTFOUND api.politicsandwar.com
    at AxiosError.from (C:\Users\hp\Desktop\pw-bot\node_modules\axios\dist\node\axios.cjs:1355:24)
    at RedirectableRequest.handleRequestError (C:\Users\hp\Desktop\pw-bot\node_modules\axios\dist\node\axios.cjs:4082:25)
    at RedirectableRequest.emit (node:events:520:35)
    at eventHandlers.<computed> (C:\Users\hp\Desktop\pw-bot\node_modules\follow-redirects\index.js:56:24)
    at ClientRequest.emit (node:events:508:28)
    at emitErrorEvent (node:_http_client:108:11)
    at TLSSocket.socketErrorListener (node:_http_client:575:5)
    at TLSSocket.emit (node:events:520:35)
    at emitErrorNT (node:internal/streams/destroy:170:8)
    at emitErrorCloseNT (node:internal/streams/destroy:129:3)
    at Axios.request (C:\Users\hp\Desktop\pw-bot\node_modules\axios\dist\node\axios.cjs:5517:41)
    at process.processTicksAndRejections (node:internal/process/task_queues:103:5)
    at async pwQuery (C:\Users\hp\Desktop\pw-bot\src\utils\pwApi.js:23:17)
    at async getBeigeTargets (C:\Users\hp\Desktop\pw-bot\src\systems\beige\beigeTracker.js:34:18)
    at async processGuildBeige (C:\Users\hp\Desktop\pw-bot\src\jobs\beigeJob.js:37:26)
    at async checkBeigeExits (C:\Users\hp\Desktop\pw-bot\src\jobs\beigeJob.js:26:7)
    at async Task._execution (C:\Users\hp\Desktop\pw-bot\src\jobs\scheduler.js:32:5)
[2026-06-27 08:06:00] ERROR: P&W API HTTP error: getaddrinfo ENOTFOUND api.politicsandwar.com
[2026-06-27 08:06:00] ERROR: Defense monitor error for guild 1394283356459503737: getaddrinfo ENOTFOUND api.politicsandwar.com
[2026-06-27 08:07:00] ERROR: P&W API HTTP error: getaddrinfo ENOTFOUND api.politicsandwar.com
[2026-06-27 08:07:00] ERROR: Defense monitor error for guild 1394283356459503737: getaddrinfo ENOTFOUND api.politicsandwar.com
[2026-06-27 08:08:00] ERROR: P&W API HTTP error: getaddrinfo ENOTFOUND api.politicsandwar.com
[2026-06-27 08:08:00] ERROR: Defense monitor error for guild 1394283356459503737: getaddrinfo ENOTFOUND api.politicsandwar.com
[2026-06-27 08:09:00] ERROR: P&W API HTTP error: getaddrinfo ENOTFOUND api.politicsandwar.com
[2026-06-27 08:09:00] ERROR: Defense monitor error for guild 1394283356459503737: getaddrinfo ENOTFOUND api.politicsandwar.com
[2026-06-27 08:10:00] DEBUG: ⏰ Running beige check...
[2026-06-27 08:10:00] DEBUG: Running beige exit check...
[2026-06-27 08:10:00] ERROR: P&W API HTTP error: getaddrinfo ENOTFOUND api.politicsandwar.com
[2026-06-27 08:10:00] ERROR: Defense monitor error for guild 1394283356459503737: getaddrinfo ENOTFOUND api.politicsandwar.com
[2026-06-27 08:10:00] ERROR: P&W API HTTP error: getaddrinfo ENOTFOUND api.politicsandwar.com
[2026-06-27 08:10:00] ERROR: Error fetching beige targets: getaddrinfo ENOTFOUND api.politicsandwar.com
Error: getaddrinfo ENOTFOUND api.politicsandwar.com
    at AxiosError.from (C:\Users\hp\Desktop\pw-bot\node_modules\axios\dist\node\axios.cjs:1355:24)
    at RedirectableRequest.handleRequestError (C:\Users\hp\Desktop\pw-bot\node_modules\axios\dist\node\axios.cjs:4082:25)
    at RedirectableRequest.emit (node:events:520:35)
    at eventHandlers.<computed> (C:\Users\hp\Desktop\pw-bot\node_modules\follow-redirects\index.js:56:24)
    at ClientRequest.emit (node:events:508:28)
    at emitErrorEvent (node:_http_client:108:11)
    at TLSSocket.socketErrorListener (node:_http_client:575:5)
    at TLSSocket.emit (node:events:520:35)
    at emitErrorNT (node:internal/streams/destroy:170:8)
    at emitErrorCloseNT (node:internal/streams/destroy:129:3)
    at Axios.request (C:\Users\hp\Desktop\pw-bot\node_modules\axios\dist\node\axios.cjs:5517:41)
    at process.processTicksAndRejections (node:internal/process/task_queues:103:5)
    at async pwQuery (C:\Users\hp\Desktop\pw-bot\src\utils\pwApi.js:23:17)
    at async getBeigeTargets (C:\Users\hp\Desktop\pw-bot\src\systems\beige\beigeTracker.js:34:18)
    at async processGuildBeige (C:\Users\hp\Desktop\pw-bot\src\jobs\beigeJob.js:37:26)
    at async checkBeigeExits (C:\Users\hp\Desktop\pw-bot\src\jobs\beigeJob.js:26:7)
    at async Task._execution (C:\Users\hp\Desktop\pw-bot\src\jobs\scheduler.js:32:5)
[2026-06-27 08:11:00] ERROR: P&W API HTTP error: getaddrinfo ENOTFOUND api.politicsandwar.com
[2026-06-27 08:11:00] ERROR: Defense monitor error for guild 1394283356459503737: getaddrinfo ENOTFOUND api.politicsandwar.com
[2026-06-27 08:12:00] ERROR: P&W API HTTP error: getaddrinfo ENOTFOUND api.politicsandwar.com
[2026-06-27 08:12:00] ERROR: Defense monitor error for guild 1394283356459503737: getaddrinfo ENOTFOUND api.politicsandwar.com
[2026-06-27 08:13:29] ERROR: Error in /war: Invalid Form Body
embeds[MAX_EMBED_SIZE_EXCEEDED]: Embed size exceeds maximum size of 6000 Invalid Form Body
embeds[MAX_EMBED_SIZE_EXCEEDED]: Embed size exceeds maximum size of 6000
DiscordAPIError[50035]: Invalid Form Body
embeds[MAX_EMBED_SIZE_EXCEEDED]: Embed size exceeds maximum size of 6000
    at handleErrors (C:\Users\hp\Desktop\pw-bot\node_modules\@discordjs\rest\dist\index.js:762:13)
    at process.processTicksAndRejections (node:internal/process/task_queues:103:5)
    at async SequentialHandler.runRequest (C:\Users\hp\Desktop\pw-bot\node_modules\@discordjs\rest\dist\index.js:1163:23)
    at async SequentialHandler.queueRequest (C:\Users\hp\Desktop\pw-bot\node_modules\@discordjs\rest\dist\index.js:994:14)
    at async _REST.request (C:\Users\hp\Desktop\pw-bot\node_modules\@discordjs\rest\dist\index.js:1307:22)
    at async InteractionWebhook.editMessage (C:\Users\hp\Desktop\pw-bot\node_modules\discord.js\src\structures\Webhook.js:351:15)
    at async ChatInputCommandInteraction.editReply (C:\Users\hp\Desktop\pw-bot\node_modules\discord.js\src\structures\interfaces\InteractionResponses.js:247:17)
    at async Object.execute (C:\Users\hp\Desktop\pw-bot\src\commands\military\war.js:157:7)
    at async Object.execute (C:\Users\hp\Desktop\pw-bot\src\events\interactionCreate.js:33:9)
[2026-06-27 08:13:39] INFO: Bot shut down. Database saved.
[2026-06-27 08:13:45] INFO: Starting PW Defense Bot...
[2026-06-27 08:13:45] INFO: Loaded existing database from disk
[2026-06-27 08:13:45] INFO: All database tables ready
[2026-06-27 08:13:45] INFO: Database ready at: C:\Users\hp\Desktop\pw-bot\data\bot.db
[2026-06-27 08:13:45] INFO: ✅ Database ready
[2026-06-27 08:13:45] DEBUG: Loaded command: /config
[2026-06-27 08:13:45] DEBUG: Loaded command: /alerts
[2026-06-27 08:13:45] DEBUG: Loaded command: /help
[2026-06-27 08:13:45] DEBUG: Loaded command: /ping
[2026-06-27 08:13:45] DEBUG: Loaded command: /beige
[2026-06-27 08:13:45] DEBUG: Loaded command: /coalition
[2026-06-27 08:13:45] DEBUG: Loaded command: /intel
[2026-06-27 08:13:45] DEBUG: Loaded command: /targets
[2026-06-27 08:13:45] DEBUG: Loaded command: /watch
[2026-06-27 08:13:45] DEBUG: Loaded command: /assign
[2026-06-27 08:13:45] DEBUG: Loaded command: /blitz
[2026-06-27 08:13:45] DEBUG: Loaded command: /compliance
[2026-06-27 08:13:45] DEBUG: Loaded command: /counter
[2026-06-27 08:13:45] DEBUG: Loaded command: /hq
[2026-06-27 08:13:45] DEBUG: Loaded command: /operation
[2026-06-27 08:13:45] DEBUG: Loaded command: /readiness
[2026-06-27 08:13:45] DEBUG: Loaded command: /reserve
[2026-06-27 08:13:45] DEBUG: Loaded command: /war
[2026-06-27 08:13:45] DEBUG: Loaded command: /gov-dashboard
[2026-06-27 08:13:45] DEBUG: Loaded command: /health
[2026-06-27 08:13:45] DEBUG: Loaded command: /participation
[2026-06-27 08:13:45] DEBUG: Loaded command: /report
[2026-06-27 08:13:45] INFO: Total commands loaded: 22
[2026-06-27 08:13:45] INFO: ✅ Commands loaded
[2026-06-27 08:13:45] DEBUG: Loaded event: interactionCreate
[2026-06-27 08:13:45] DEBUG: Loaded event: clientReady
[2026-06-27 08:13:45] INFO: ✅ Events loaded
[2026-06-27 08:13:50] INFO: ✅ Bot is online! Logged in as: TUN Defence System Bot#4166
[2026-06-27 08:13:50] INFO:    Serving 1 server(s)
[2026-06-27 08:13:50] INFO: Starting background job scheduler...
[2026-06-27 08:13:50] INFO: ✅ Scheduler — defense every 60s, beige every 5min, military every 15min, daily at 08:00 UTC
[2026-06-27 08:13:50] INFO: ✅ Background jobs started
[2026-06-27 08:13:58] ERROR: Error in /war: Invalid Form Body
embeds[MAX_EMBED_SIZE_EXCEEDED]: Embed size exceeds maximum size of 6000 Invalid Form Body
embeds[MAX_EMBED_SIZE_EXCEEDED]: Embed size exceeds maximum size of 6000
DiscordAPIError[50035]: Invalid Form Body
embeds[MAX_EMBED_SIZE_EXCEEDED]: Embed size exceeds maximum size of 6000
    at handleErrors (C:\Users\hp\Desktop\pw-bot\node_modules\@discordjs\rest\dist\index.js:762:13)
    at process.processTicksAndRejections (node:internal/process/task_queues:103:5)
    at async SequentialHandler.runRequest (C:\Users\hp\Desktop\pw-bot\node_modules\@discordjs\rest\dist\index.js:1163:23)
    at async SequentialHandler.queueRequest (C:\Users\hp\Desktop\pw-bot\node_modules\@discordjs\rest\dist\index.js:994:14)
    at async _REST.request (C:\Users\hp\Desktop\pw-bot\node_modules\@discordjs\rest\dist\index.js:1307:22)
    at async InteractionWebhook.editMessage (C:\Users\hp\Desktop\pw-bot\node_modules\discord.js\src\structures\Webhook.js:351:15)
    at async ChatInputCommandInteraction.editReply (C:\Users\hp\Desktop\pw-bot\node_modules\discord.js\src\structures\interfaces\InteractionResponses.js:247:17)
    at async Object.execute (C:\Users\hp\Desktop\pw-bot\src\commands\military\war.js:157:7)
    at async Object.execute (C:\Users\hp\Desktop\pw-bot\src\events\interactionCreate.js:33:9)
[2026-06-27 08:14:00] INFO: Running startup checks...
[2026-06-27 08:14:00] DEBUG: Running beige exit check...
[2026-06-27 08:15:00] DEBUG: ⏰ Running beige check...
[2026-06-27 08:15:00] DEBUG: Running beige exit check...
[2026-06-27 08:15:00] DEBUG: 🔍 Checking military changes...
[2026-06-27 08:20:00] DEBUG: ⏰ Running beige check...
[2026-06-27 08:20:00] DEBUG: Running beige exit check...
[2026-06-27 08:25:00] DEBUG: ⏰ Running beige check...
[2026-06-27 08:25:00] DEBUG: Running beige exit check...
[2026-06-27 08:29:25] INFO: Bot shut down. Database saved.
[2026-06-27 08:29:42] INFO: Starting PW Defense Bot...
[2026-06-27 08:29:42] INFO: Loaded existing database from disk
[2026-06-27 08:29:42] INFO: All database tables ready
[2026-06-27 08:29:42] INFO: Database ready at: C:\Users\hp\Desktop\pw-bot\data\bot.db
[2026-06-27 08:29:42] INFO: ✅ Database ready
[2026-06-27 08:29:42] DEBUG: Loaded command: /config
[2026-06-27 08:29:42] DEBUG: Loaded command: /alerts
[2026-06-27 08:29:42] DEBUG: Loaded command: /help
[2026-06-27 08:29:42] DEBUG: Loaded command: /ping
[2026-06-27 08:29:42] DEBUG: Loaded command: /beige
[2026-06-27 08:29:42] DEBUG: Loaded command: /coalition
[2026-06-27 08:29:42] DEBUG: Loaded command: /intel
[2026-06-27 08:29:42] DEBUG: Loaded command: /targets
[2026-06-27 08:29:42] DEBUG: Loaded command: /watch
[2026-06-27 08:29:42] DEBUG: Loaded command: /assign
[2026-06-27 08:29:42] DEBUG: Loaded command: /blitz
[2026-06-27 08:29:42] DEBUG: Loaded command: /compliance
[2026-06-27 08:29:42] DEBUG: Loaded command: /counter
[2026-06-27 08:29:42] DEBUG: Loaded command: /hq
[2026-06-27 08:29:42] DEBUG: Loaded command: /operation
[2026-06-27 08:29:42] DEBUG: Loaded command: /readiness
[2026-06-27 08:29:42] DEBUG: Loaded command: /reserve
[2026-06-27 08:29:42] DEBUG: Loaded command: /war
[2026-06-27 08:29:42] DEBUG: Loaded command: /gov-dashboard
[2026-06-27 08:29:42] DEBUG: Loaded command: /health
[2026-06-27 08:29:42] DEBUG: Loaded command: /participation
[2026-06-27 08:29:42] DEBUG: Loaded command: /report
[2026-06-27 08:29:42] INFO: Total commands loaded: 22
[2026-06-27 08:29:42] INFO: ✅ Commands loaded
[2026-06-27 08:29:42] DEBUG: Loaded event: interactionCreate
[2026-06-27 08:29:42] DEBUG: Loaded event: clientReady
[2026-06-27 08:29:42] INFO: ✅ Events loaded
[2026-06-27 08:29:45] INFO: ✅ Bot is online! Logged in as: TUN Defence System Bot#4166
[2026-06-27 08:29:45] INFO:    Serving 1 server(s)
[2026-06-27 08:29:45] INFO: Starting background job scheduler...
[2026-06-27 08:29:45] INFO: ✅ Scheduler — defense every 60s, beige every 5min, military every 15min, daily at 08:00 UTC
[2026-06-27 08:29:45] INFO: ✅ Background jobs started
[2026-06-27 08:29:55] INFO: Running startup checks...
[2026-06-27 08:29:55] DEBUG: Running beige exit check...
[2026-06-27 08:30:00] DEBUG: ⏰ Running beige check...
[2026-06-27 08:30:00] DEBUG: Running beige exit check...
[2026-06-27 08:30:00] DEBUG: 🔍 Checking military changes...
[2026-06-27 08:30:00] INFO: Military change alert sent for nation 627586 in guild 1394283356459503737
[2026-06-27 08:30:02] INFO: Military change alert sent for nation 686131 in guild 1394283356459503737
[2026-06-27 08:30:02] INFO: Military change alert sent for nation 720476 in guild 1394283356459503737
[2026-06-27 08:30:03] INFO: Military change alert sent for nation 738894 in guild 1394283356459503737
[2026-06-27 08:30:03] INFO: Military change alert sent for nation 765726 in guild 1394283356459503737
[2026-06-27 08:30:04] INFO: Military change alert sent for nation 773282 in guild 1394283356459503737
[2026-06-27 08:30:04] INFO: Military change alert sent for nation 773680 in guild 1394283356459503737
[2026-06-27 08:30:05] INFO: Military change alert sent for nation 778029 in guild 1394283356459503737
[2026-06-27 08:30:05] INFO: Military change alert sent for nation 605742 in guild 1394283356459503737
[2026-06-27 08:30:10] INFO: Military change alert sent for nation 671312 in guild 1394283356459503737
[2026-06-27 08:30:11] INFO: Military change alert sent for nation 721894 in guild 1394283356459503737
[2026-06-27 08:30:11] INFO: Military change alert sent for nation 728800 in guild 1394283356459503737
[2026-06-27 08:30:13] INFO: Military change alert sent for nation 748300 in guild 1394283356459503737
[2026-06-27 08:30:13] INFO: Military change alert sent for nation 753926 in guild 1394283356459503737
[2026-06-27 08:30:14] INFO: Military change alert sent for nation 764676 in guild 1394283356459503737
[2026-06-27 08:30:14] INFO: Military change alert sent for nation 765356 in guild 1394283356459503737
[2026-06-27 08:30:15] INFO: Military change alert sent for nation 765397 in guild 1394283356459503737
[2026-06-27 08:30:15] INFO: Military change alert sent for nation 766550 in guild 1394283356459503737
[2026-06-27 08:30:20] INFO: Military change alert sent for nation 774496 in guild 1394283356459503737
[2026-06-27 08:30:21] INFO: Military change alert sent for nation 774782 in guild 1394283356459503737
[2026-06-27 08:30:21] INFO: Military change alert sent for nation 775349 in guild 1394283356459503737
[2026-06-27 08:30:22] INFO: Military change alert sent for nation 776169 in guild 1394283356459503737
[2026-06-27 08:31:39] INFO: Bot shut down. Database saved.
[2026-06-27 08:31:51] INFO: Starting PW Defense Bot...
[2026-06-27 08:31:51] INFO: Loaded existing database from disk
[2026-06-27 08:31:51] INFO: All database tables ready
[2026-06-27 08:31:51] INFO: Database ready at: C:\Users\hp\Desktop\pw-bot\data\bot.db
[2026-06-27 08:31:51] INFO: ✅ Database ready
[2026-06-27 08:31:52] DEBUG: Loaded command: /config
[2026-06-27 08:31:52] DEBUG: Loaded command: /alerts
[2026-06-27 08:31:52] DEBUG: Loaded command: /help
[2026-06-27 08:31:52] DEBUG: Loaded command: /ping
[2026-06-27 08:31:52] DEBUG: Loaded command: /beige
[2026-06-27 08:31:52] DEBUG: Loaded command: /coalition
[2026-06-27 08:31:52] DEBUG: Loaded command: /intel
[2026-06-27 08:31:52] DEBUG: Loaded command: /targets
[2026-06-27 08:31:52] DEBUG: Loaded command: /watch
[2026-06-27 08:31:52] DEBUG: Loaded command: /assign
[2026-06-27 08:31:52] DEBUG: Loaded command: /blitz
[2026-06-27 08:31:52] DEBUG: Loaded command: /compliance
[2026-06-27 08:31:52] DEBUG: Loaded command: /counter
[2026-06-27 08:31:52] DEBUG: Loaded command: /hq
[2026-06-27 08:31:52] DEBUG: Loaded command: /operation
[2026-06-27 08:31:52] DEBUG: Loaded command: /readiness
[2026-06-27 08:31:52] DEBUG: Loaded command: /reserve
[2026-06-27 08:31:52] DEBUG: Loaded command: /war
[2026-06-27 08:31:52] DEBUG: Loaded command: /gov-dashboard
[2026-06-27 08:31:52] DEBUG: Loaded command: /health
[2026-06-27 08:31:52] DEBUG: Loaded command: /participation
[2026-06-27 08:31:52] DEBUG: Loaded command: /report
[2026-06-27 08:31:52] INFO: Total commands loaded: 22
[2026-06-27 08:31:52] INFO: ✅ Commands loaded
[2026-06-27 08:31:52] DEBUG: Loaded event: interactionCreate
[2026-06-27 08:31:52] DEBUG: Loaded event: clientReady
[2026-06-27 08:31:52] INFO: ✅ Events loaded
[2026-06-27 08:31:54] INFO: ✅ Bot is online! Logged in as: TUN Defence System Bot#4166
[2026-06-27 08:31:54] INFO:    Serving 1 server(s)
[2026-06-27 08:31:54] INFO: Starting background job scheduler...
[2026-06-27 08:31:54] INFO: ✅ Scheduler — defense every 60s, beige every 5min, military every 15min, daily at 08:00 UTC
[2026-06-27 08:31:54] INFO: ✅ Background jobs started
[2026-06-27 08:32:04] INFO: Running startup checks...
[2026-06-27 08:32:04] DEBUG: Running beige exit check...
[2026-06-27 08:32:37] DEBUG: Searching nation by name variants: the big one, THE BIG ONE, The Big One, The big one
[2026-06-27 08:32:37] DEBUG: Nation name search returned 1 results
[2026-06-27 08:35:00] DEBUG: ⏰ Running beige check...
[2026-06-27 08:35:00] DEBUG: Running beige exit check...
[2026-06-27 08:35:02] ERROR: P&W API HTTP error: write EPROTO BC250000:error:0A00041B:SSL routines:ssl3_read_bytes:tlsv1 alert decrypt error:openssl\ssl\record\rec_layer_s3.c:916:SSL alert number 51

[2026-06-27 08:35:03] ERROR: Defense monitor error for guild 1394283356459503737: write EPROTO BC250000:error:0A00041B:SSL routines:ssl3_read_bytes:tlsv1 alert decrypt error:openssl\ssl\record\rec_layer_s3.c:916:SSL alert number 51

[2026-06-27 08:36:47] INFO: Bot shut down. Database saved.
[2026-06-27 08:36:52] INFO: Starting PW Defense Bot...
[2026-06-27 08:36:52] INFO: Loaded existing database from disk
[2026-06-27 08:36:52] INFO: All database tables ready
[2026-06-27 08:36:52] INFO: Database ready at: C:\Users\hp\Desktop\pw-bot\data\bot.db
[2026-06-27 08:36:52] INFO: ✅ Database ready
[2026-06-27 08:36:52] DEBUG: Loaded command: /config
[2026-06-27 08:36:52] DEBUG: Loaded command: /alerts
[2026-06-27 08:36:52] DEBUG: Loaded command: /help
[2026-06-27 08:36:52] DEBUG: Loaded command: /ping
[2026-06-27 08:36:52] DEBUG: Loaded command: /beige
[2026-06-27 08:36:52] DEBUG: Loaded command: /coalition
[2026-06-27 08:36:52] DEBUG: Loaded command: /intel
[2026-06-27 08:36:52] DEBUG: Loaded command: /targets
[2026-06-27 08:36:52] DEBUG: Loaded command: /watch
[2026-06-27 08:36:52] DEBUG: Loaded command: /assign
[2026-06-27 08:36:52] DEBUG: Loaded command: /blitz
[2026-06-27 08:36:52] DEBUG: Loaded command: /compliance
[2026-06-27 08:36:52] DEBUG: Loaded command: /counter
[2026-06-27 08:36:52] DEBUG: Loaded command: /hq
[2026-06-27 08:36:52] DEBUG: Loaded command: /operation
[2026-06-27 08:36:52] DEBUG: Loaded command: /readiness
[2026-06-27 08:36:52] DEBUG: Loaded command: /reserve
[2026-06-27 08:36:52] DEBUG: Loaded command: /war
[2026-06-27 08:36:52] DEBUG: Loaded command: /gov-dashboard
[2026-06-27 08:36:52] DEBUG: Loaded command: /health
[2026-06-27 08:36:52] DEBUG: Loaded command: /participation
[2026-06-27 08:36:52] DEBUG: Loaded command: /report
[2026-06-27 08:36:52] INFO: Total commands loaded: 22
[2026-06-27 08:36:52] INFO: ✅ Commands loaded
[2026-06-27 08:36:52] DEBUG: Loaded event: interactionCreate
[2026-06-27 08:36:52] DEBUG: Loaded event: clientReady
[2026-06-27 08:36:52] INFO: ✅ Events loaded
[2026-06-27 08:36:55] INFO: ✅ Bot is online! Logged in as: TUN Defence System Bot#4166
[2026-06-27 08:36:55] INFO:    Serving 1 server(s)
[2026-06-27 08:36:55] INFO: Starting background job scheduler...
[2026-06-27 08:36:55] INFO: ✅ Scheduler — defense every 60s, beige every 5min, military every 15min, daily at 08:00 UTC
[2026-06-27 08:36:55] INFO: ✅ Background jobs started
[2026-06-27 08:37:05] INFO: Running startup checks...
[2026-06-27 08:37:05] DEBUG: Running beige exit check...
[2026-06-27 08:38:07] DEBUG: Searching nation by name variants: the big one, THE BIG ONE, The Big One, The big one
[2026-06-27 08:38:08] DEBUG: Nation name search returned 1 results
[2026-06-27 08:38:46] INFO: Assignment #2 declined by joe4.real
[2026-06-27 08:40:00] DEBUG: ⏰ Running beige check...
[2026-06-27 08:40:00] DEBUG: Running beige exit check...
[2026-06-27 08:40:01] INFO: Assignment #3 accepted by joe4.real
[2026-06-27 08:40:39] INFO: Assignment #3 declined by joe4.real
[2026-06-27 08:41:01] ERROR: P&W API HTTP error: 3C3C0000:error:0A0003FC:SSL routines:ssl3_read_bytes:ssl/tls alert bad record mac:openssl\ssl\record\rec_layer_s3.c:916:SSL alert number 20

[2026-06-27 08:41:01] ERROR: Defense monitor error for guild 1394283356459503737: 3C3C0000:error:0A0003FC:SSL routines:ssl3_read_bytes:ssl/tls alert bad record mac:openssl\ssl\record\rec_layer_s3.c:916:SSL alert number 20

[2026-06-27 08:41:34] INFO: Assignment #4 accepted by joe4.real
[2026-06-27 08:45:00] DEBUG: ⏰ Running beige check...
[2026-06-27 08:45:00] DEBUG: Running beige exit check...
[2026-06-27 08:45:00] DEBUG: 🔍 Checking military changes...
[2026-06-27 08:50:00] DEBUG: ⏰ Running beige check...
[2026-06-27 08:50:00] DEBUG: Running beige exit check...
[2026-06-27 08:55:00] DEBUG: ⏰ Running beige check...
[2026-06-27 08:55:00] DEBUG: Running beige exit check...
[2026-06-27 09:00:00] DEBUG: ⏰ Running beige check...
[2026-06-27 09:00:00] DEBUG: Running beige exit check...
[2026-06-27 09:00:00] DEBUG: 🔍 Checking military changes...
[2026-06-27 09:00:01] INFO: Military change alert sent for nation 774496 in guild 1394283356459503737
[2026-06-27 09:00:02] INFO: Military change alert sent for nation 776169 in guild 1394283356459503737
[2026-06-27 09:05:00] DEBUG: ⏰ Running beige check...
[2026-06-27 09:05:00] DEBUG: Running beige exit check...
[2026-06-27 09:10:00] DEBUG: ⏰ Running beige check...
[2026-06-27 09:10:00] DEBUG: Running beige exit check...
[2026-06-27 09:15:00] DEBUG: 🔍 Checking military changes...
[2026-06-27 09:15:00] DEBUG: ⏰ Running beige check...
[2026-06-27 09:15:00] DEBUG: Running beige exit check...
[2026-06-27 09:20:00] DEBUG: ⏰ Running beige check...
[2026-06-27 09:20:00] DEBUG: Running beige exit check...
[2026-06-27 09:25:00] DEBUG: ⏰ Running beige check...
[2026-06-27 09:25:00] DEBUG: Running beige exit check...
[2026-06-27 09:29:25] DEBUG: Searching nation by name variants: the big one, THE BIG ONE, The Big One, The big one
[2026-06-27 09:29:26] DEBUG: Nation name search returned 1 results
[2026-06-27 09:29:35] INFO: Assignment #5 accepted by joe4.real
[2026-06-27 09:30:00] DEBUG: 🔍 Checking military changes...
[2026-06-27 09:30:00] DEBUG: ⏰ Running beige check...
[2026-06-27 09:30:00] DEBUG: Running beige exit check...
[2026-06-27 09:30:02] INFO: Military change alert sent for nation 676082 in guild 1394283356459503737
[2026-06-27 09:30:04] INFO: Military change alert sent for nation 774314 in guild 1394283356459503737
[2026-06-27 09:35:00] DEBUG: ⏰ Running beige check...
[2026-06-27 09:35:00] DEBUG: Running beige exit check...
[2026-06-27 09:37:10] INFO: Bot shut down. Database saved.
[2026-06-30 08:57:29] INFO: Starting PW Defense Bot...
[2026-06-30 08:57:29] INFO: Loaded existing database from disk
[2026-06-30 08:57:29] INFO: All database tables ready
[2026-06-30 08:57:29] INFO: Database ready at: C:\Users\hp\Desktop\pw-bot\data\bot.db
[2026-06-30 08:57:29] INFO: ✅ Database ready
[2026-06-30 08:57:29] DEBUG: Loaded command: /config
[2026-06-30 08:57:29] DEBUG: Loaded command: /alerts
[2026-06-30 08:57:29] DEBUG: Loaded command: /help
[2026-06-30 08:57:29] DEBUG: Loaded command: /ping
[2026-06-30 08:57:30] DEBUG: Loaded command: /beige
[2026-06-30 08:57:30] DEBUG: Loaded command: /coalition
[2026-06-30 08:57:30] DEBUG: Loaded command: /enemy
[2026-06-30 08:57:30] DEBUG: Loaded command: /intel
[2026-06-30 08:57:30] DEBUG: Loaded command: /nation
[2026-06-30 08:57:30] DEBUG: Loaded command: /targets
[2026-06-30 08:57:30] DEBUG: Loaded command: /treaty
[2026-06-30 08:57:30] DEBUG: Loaded command: /watch
[2026-06-30 08:57:30] DEBUG: Loaded command: /assign
[2026-06-30 08:57:30] DEBUG: Loaded command: /blitz
[2026-06-30 08:57:30] DEBUG: Loaded command: /blitzplan
[2026-06-30 08:57:30] DEBUG: Loaded command: /compliance
[2026-06-30 08:57:30] DEBUG: Loaded command: /counter
[2026-06-30 08:57:30] DEBUG: Loaded command: /hq
[2026-06-30 08:57:30] DEBUG: Loaded command: /operation
[2026-06-30 08:57:30] DEBUG: Loaded command: /readiness
[2026-06-30 08:57:30] DEBUG: Loaded command: /reserve
[2026-06-30 08:57:30] DEBUG: Loaded command: /war
[2026-06-30 08:57:30] DEBUG: Loaded command: /gov-dashboard
[2026-06-30 08:57:30] DEBUG: Loaded command: /health
[2026-06-30 08:57:30] DEBUG: Loaded command: /participation
[2026-06-30 08:57:30] DEBUG: Loaded command: /report
[2026-06-30 08:57:30] INFO: Total commands loaded: 26
[2026-06-30 08:57:30] INFO: ✅ Commands loaded
[2026-06-30 08:57:30] DEBUG: Loaded event: interactionCreate
[2026-06-30 08:57:30] DEBUG: Loaded event: clientReady
[2026-06-30 08:57:30] INFO: ✅ Events loaded
[2026-06-30 08:57:32] INFO: ✅ Bot is online! Logged in as: TUN Defence System Bot#4166
[2026-06-30 08:57:32] INFO:    Serving 1 server(s)
[2026-06-30 08:57:32] INFO: Starting background job scheduler...
[2026-06-30 08:57:32] INFO: ✅ Scheduler — defense every 60s, beige every 5min, military every 15min, daily at 08:00 UTC
[2026-06-30 08:57:32] INFO: ✅ Background jobs started
[2026-06-30 08:57:42] INFO: Running startup checks...
[2026-06-30 08:57:42] DEBUG: Running beige exit check...
[2026-06-30 08:57:46] ERROR: Failed to send mass attack alert: Received one or more errors
[2026-06-30 08:58:39] ERROR: Error in /help: Invalid Form Body
embeds[MAX_EMBED_SIZE_EXCEEDED]: Embed size exceeds maximum size of 6000 Invalid Form Body
embeds[MAX_EMBED_SIZE_EXCEEDED]: Embed size exceeds maximum size of 6000
DiscordAPIError[50035]: Invalid Form Body
embeds[MAX_EMBED_SIZE_EXCEEDED]: Embed size exceeds maximum size of 6000
    at handleErrors (C:\Users\hp\Desktop\pw-bot\node_modules\@discordjs\rest\dist\index.js:762:13)
    at process.processTicksAndRejections (node:internal/process/task_queues:103:5)
    at async BurstHandler.runRequest (C:\Users\hp\Desktop\pw-bot\node_modules\@discordjs\rest\dist\index.js:866:23)
    at async _REST.request (C:\Users\hp\Desktop\pw-bot\node_modules\@discordjs\rest\dist\index.js:1307:22)
    at async ChatInputCommandInteraction.reply (C:\Users\hp\Desktop\pw-bot\node_modules\discord.js\src\structures\interfaces\InteractionResponses.js:193:22)
    at async Object.execute (C:\Users\hp\Desktop\pw-bot\src\events\interactionCreate.js:32:9)
[2026-06-30 09:00:00] DEBUG: ⏰ Running beige check...
[2026-06-30 09:00:00] DEBUG: Running beige exit check...
[2026-06-30 09:00:00] DEBUG: 🔍 Checking military changes...
[2026-06-30 09:00:29] ERROR: Failed to create war room: other side closed
[2026-06-30 09:03:19] INFO: War room created for operation #1: Pretty Crush
[2026-06-30 09:04:44] INFO: War room deleted for operation #1
[2026-06-30 09:05:00] DEBUG: ⏰ Running beige check...
[2026-06-30 09:05:00] DEBUG: Running beige exit check...
[2026-06-30 09:05:24] DEBUG: Searching alliances client-side for: "samurai"
[2026-06-30 09:05:24] DEBUG: Fetching alliance page 1...
[2026-06-30 09:05:31] DEBUG: Page 1: got 50 alliances (total in DB: 568, hasMore: true)
[2026-06-30 09:05:31] DEBUG: First 5 alliance names: Eclipse, Event Horizon, The Knights Radiant, Citadel, Rose
[2026-06-30 09:05:31] DEBUG: Exact match found: Samurai
[2026-06-30 09:06:45] INFO: Bot shut down. Database saved.
[2026-06-30 09:06:52] INFO: Starting PW Defense Bot...
[2026-06-30 09:06:52] INFO: Loaded existing database from disk
[2026-06-30 09:06:52] INFO: All database tables ready
[2026-06-30 09:06:52] INFO: Database ready at: C:\Users\hp\Desktop\pw-bot\data\bot.db
[2026-06-30 09:06:52] INFO: ✅ Database ready
[2026-06-30 09:06:52] DEBUG: Loaded command: /config
[2026-06-30 09:06:52] DEBUG: Loaded command: /alerts
[2026-06-30 09:06:52] DEBUG: Loaded command: /help
[2026-06-30 09:06:52] DEBUG: Loaded command: /ping
[2026-06-30 09:06:53] DEBUG: Loaded command: /beige
[2026-06-30 09:06:53] DEBUG: Loaded command: /coalition
[2026-06-30 09:06:53] DEBUG: Loaded command: /enemy
[2026-06-30 09:06:53] DEBUG: Loaded command: /intel
[2026-06-30 09:06:53] DEBUG: Loaded command: /nation
[2026-06-30 09:06:53] DEBUG: Loaded command: /targets
[2026-06-30 09:06:53] DEBUG: Loaded command: /treaty
[2026-06-30 09:06:53] DEBUG: Loaded command: /watch
[2026-06-30 09:06:53] DEBUG: Loaded command: /assign
[2026-06-30 09:06:53] DEBUG: Loaded command: /blitz
[2026-06-30 09:06:53] DEBUG: Loaded command: /blitzplan
[2026-06-30 09:06:53] DEBUG: Loaded command: /compliance
[2026-06-30 09:06:53] DEBUG: Loaded command: /counter
[2026-06-30 09:06:53] DEBUG: Loaded command: /hq
[2026-06-30 09:06:53] DEBUG: Loaded command: /operation
[2026-06-30 09:06:53] DEBUG: Loaded command: /readiness
[2026-06-30 09:06:53] DEBUG: Loaded command: /reserve
[2026-06-30 09:06:53] DEBUG: Loaded command: /war
[2026-06-30 09:06:53] DEBUG: Loaded command: /gov-dashboard
[2026-06-30 09:06:53] DEBUG: Loaded command: /health
[2026-06-30 09:06:53] DEBUG: Loaded command: /participation
[2026-06-30 09:06:53] DEBUG: Loaded command: /report
[2026-06-30 09:06:53] INFO: Total commands loaded: 26
[2026-06-30 09:06:53] INFO: ✅ Commands loaded
[2026-06-30 09:06:53] DEBUG: Loaded event: interactionCreate
[2026-06-30 09:06:53] DEBUG: Loaded event: clientReady
[2026-06-30 09:06:53] INFO: ✅ Events loaded
[2026-06-30 09:06:55] INFO: ✅ Bot is online! Logged in as: TUN Defence System Bot#4166
[2026-06-30 09:06:55] INFO:    Serving 1 server(s)
[2026-06-30 09:06:55] INFO: Starting background job scheduler...
[2026-06-30 09:06:55] INFO: ✅ Scheduler — defense every 60s, beige every 5min, military every 15min, daily at 08:00 UTC
[2026-06-30 09:06:55] INFO: ✅ Background jobs started
[2026-06-30 09:07:05] INFO: Running startup checks...
[2026-06-30 09:07:05] DEBUG: Running beige exit check...
[2026-06-30 09:07:12] ERROR: Error in /help: Invalid Form Body
embeds[MAX_EMBED_SIZE_EXCEEDED]: Embed size exceeds maximum size of 6000 Invalid Form Body
embeds[MAX_EMBED_SIZE_EXCEEDED]: Embed size exceeds maximum size of 6000
DiscordAPIError[50035]: Invalid Form Body
embeds[MAX_EMBED_SIZE_EXCEEDED]: Embed size exceeds maximum size of 6000
    at handleErrors (C:\Users\hp\Desktop\pw-bot\node_modules\@discordjs\rest\dist\index.js:762:13)
    at process.processTicksAndRejections (node:internal/process/task_queues:103:5)
    at async BurstHandler.runRequest (C:\Users\hp\Desktop\pw-bot\node_modules\@discordjs\rest\dist\index.js:866:23)
    at async _REST.request (C:\Users\hp\Desktop\pw-bot\node_modules\@discordjs\rest\dist\index.js:1307:22)
    at async ChatInputCommandInteraction.reply (C:\Users\hp\Desktop\pw-bot\node_modules\discord.js\src\structures\interfaces\InteractionResponses.js:193:22)
    at async Object.execute (C:\Users\hp\Desktop\pw-bot\src\events\interactionCreate.js:32:9)
[2026-06-30 09:10:00] DEBUG: ⏰ Running beige check...
[2026-06-30 09:10:00] DEBUG: Running beige exit check...
[2026-06-30 09:15:00] DEBUG: ⏰ Running beige check...
[2026-06-30 09:15:00] DEBUG: Running beige exit check...
[2026-06-30 09:15:00] DEBUG: 🔍 Checking military changes...
[2026-06-30 09:15:01] INFO: Military change alert sent for nation 390472 in guild 1394283356459503737
[2026-06-30 09:15:03] INFO: Military change alert sent for nation 627586 in guild 1394283356459503737
[2026-06-30 09:15:03] INFO: Military change alert sent for nation 641995 in guild 1394283356459503737
[2026-06-30 09:15:04] INFO: Military change alert sent for nation 667197 in guild 1394283356459503737
[2026-06-30 09:15:04] INFO: Military change alert sent for nation 676082 in guild 1394283356459503737
[2026-06-30 09:15:05] INFO: Military change alert sent for nation 677070 in guild 1394283356459503737
[2026-06-30 09:15:05] INFO: Military change alert sent for nation 686131 in guild 1394283356459503737
[2026-06-30 09:15:06] INFO: Military change alert sent for nation 690666 in guild 1394283356459503737
[2026-06-30 09:15:11] INFO: Military change alert sent for nation 697838 in guild 1394283356459503737
[2026-06-30 09:15:12] INFO: Military change alert sent for nation 703458 in guild 1394283356459503737
[2026-06-30 09:15:12] INFO: Military change alert sent for nation 722690 in guild 1394283356459503737
[2026-06-30 09:15:12] INFO: Military change alert sent for nation 729278 in guild 1394283356459503737
[2026-06-30 09:15:13] INFO: Military change alert sent for nation 738894 in guild 1394283356459503737
[2026-06-30 09:15:13] INFO: Military change alert sent for nation 739084 in guild 1394283356459503737
[2026-06-30 09:15:14] INFO: Military change alert sent for nation 765726 in guild 1394283356459503737
[2026-06-30 09:15:14] INFO: Military change alert sent for nation 769007 in guild 1394283356459503737
[2026-06-30 09:15:19] INFO: Military change alert sent for nation 774314 in guild 1394283356459503737
[2026-06-30 09:15:20] INFO: Military change alert sent for nation 777795 in guild 1394283356459503737
[2026-06-30 09:15:20] INFO: Military change alert sent for nation 561588 in guild 1394283356459503737
[2026-06-30 09:15:21] INFO: Military change alert sent for nation 605742 in guild 1394283356459503737
[2026-06-30 09:15:21] INFO: Military change alert sent for nation 615511 in guild 1394283356459503737
[2026-06-30 09:15:22] INFO: Military change alert sent for nation 671312 in guild 1394283356459503737
[2026-06-30 09:15:22] INFO: Military change alert sent for nation 681401 in guild 1394283356459503737
[2026-06-30 09:15:27] INFO: Military change alert sent for nation 700897 in guild 1394283356459503737
[2026-06-30 09:15:28] INFO: Military change alert sent for nation 708909 in guild 1394283356459503737
[2026-06-30 09:15:29] INFO: Military change alert sent for nation 713066 in guild 1394283356459503737
[2026-06-30 09:15:29] INFO: Military change alert sent for nation 719375 in guild 1394283356459503737
[2026-06-30 09:15:29] INFO: Military change alert sent for nation 721894 in guild 1394283356459503737
[2026-06-30 09:15:30] INFO: Military change alert sent for nation 728579 in guild 1394283356459503737
[2026-06-30 09:15:30] INFO: Military change alert sent for nation 728800 in guild 1394283356459503737
[2026-06-30 09:15:35] INFO: Military change alert sent for nation 737470 in guild 1394283356459503737
[2026-06-30 09:15:36] INFO: Military change alert sent for nation 748300 in guild 1394283356459503737
[2026-06-30 09:15:37] INFO: Military change alert sent for nation 749844 in guild 1394283356459503737
[2026-06-30 09:15:37] INFO: Military change alert sent for nation 753926 in guild 1394283356459503737
[2026-06-30 09:15:37] INFO: Military change alert sent for nation 757889 in guild 1394283356459503737
[2026-06-30 09:15:38] INFO: Military change alert sent for nation 765397 in guild 1394283356459503737
[2026-06-30 09:15:38] INFO: Military change alert sent for nation 766441 in guild 1394283356459503737
[2026-06-30 09:15:39] INFO: Military change alert sent for nation 766550 in guild 1394283356459503737
[2026-06-30 09:15:44] INFO: Military change alert sent for nation 769741 in guild 1394283356459503737
[2026-06-30 09:15:45] INFO: Military change alert sent for nation 771345 in guild 1394283356459503737
[2026-06-30 09:15:45] INFO: Military change alert sent for nation 771431 in guild 1394283356459503737
[2026-06-30 09:15:46] INFO: Military change alert sent for nation 772343 in guild 1394283356459503737
[2026-06-30 09:15:46] INFO: Military change alert sent for nation 773749 in guild 1394283356459503737
[2026-06-30 09:15:46] INFO: Military change alert sent for nation 774496 in guild 1394283356459503737
[2026-06-30 09:15:47] INFO: Military change alert sent for nation 774782 in guild 1394283356459503737
[2026-06-30 09:15:52] INFO: Military change alert sent for nation 775349 in guild 1394283356459503737
[2026-06-30 09:15:52] INFO: Military change alert sent for nation 775839 in guild 1394283356459503737
[2026-06-30 09:15:53] INFO: Military change alert sent for nation 776114 in guild 1394283356459503737
[2026-06-30 09:15:53] INFO: Military change alert sent for nation 776169 in guild 1394283356459503737
[2026-06-30 09:15:54] INFO: Military change alert sent for nation 776393 in guild 1394283356459503737
[2026-06-30 09:20:00] DEBUG: ⏰ Running beige check...
[2026-06-30 09:20:00] DEBUG: Running beige exit check...
[2026-06-30 09:23:14] INFO: Bot shut down. Database saved.
[2026-08-26 02:57:55] INFO: Starting PW Defense Bot...
[2026-08-26 02:57:55] INFO: Loaded existing database from disk
[2026-08-26 02:57:55] INFO: All database tables ready
[2026-08-26 02:57:55] INFO: Database ready at: C:\Users\hp\Desktop\pw-bot\data\bot.db
[2026-08-26 02:57:55] INFO: ✅ Database ready
[2026-08-26 02:57:55] DEBUG: Loaded command: /backup
[2026-08-26 02:57:55] DEBUG: Loaded command: /config
[2026-08-26 02:57:55] DEBUG: Loaded command: /alerts
[2026-08-26 02:57:55] DEBUG: Loaded command: /help
[2026-08-26 02:57:55] DEBUG: Loaded command: /ping
[2026-08-26 02:57:55] DEBUG: Loaded command: /beige
[2026-08-26 02:57:55] DEBUG: Loaded command: /coalition
[2026-08-26 02:57:55] DEBUG: Loaded command: /dnr
[2026-08-26 02:57:55] DEBUG: Loaded command: /enemy
[2026-08-26 02:57:55] DEBUG: Loaded command: /intel
[2026-08-26 02:57:55] DEBUG: Loaded command: /nation
[2026-08-26 02:57:55] DEBUG: Loaded command: /targets
[2026-08-26 02:57:55] DEBUG: Loaded command: /treaty
[2026-08-26 02:57:55] DEBUG: Loaded command: /watch
[2026-08-26 02:57:55] DEBUG: Loaded command: /assign
[2026-08-26 02:57:55] DEBUG: Loaded command: /blitz
[2026-08-26 02:57:56] DEBUG: Loaded command: /blitzplan
[2026-08-26 02:57:56] DEBUG: Loaded command: /compliance
[2026-08-26 02:57:56] DEBUG: Loaded command: /counter
[2026-08-26 02:57:56] DEBUG: Loaded command: /hq
[2026-08-26 02:57:56] DEBUG: Loaded command: /operation
[2026-08-26 02:57:56] DEBUG: Loaded command: /readiness
[2026-08-26 02:57:56] DEBUG: Loaded command: /reserve
[2026-08-26 02:57:56] DEBUG: Loaded command: /war
[2026-08-26 02:57:56] DEBUG: Loaded command: /warroom
[2026-08-26 02:57:56] DEBUG: Loaded command: /gov-dashboard
[2026-08-26 02:57:56] DEBUG: Loaded command: /health
[2026-08-26 02:57:56] DEBUG: Loaded command: /participation
[2026-08-26 02:57:56] DEBUG: Loaded command: /report
[2026-08-26 02:57:56] DEBUG: Loaded command: /link
[2026-08-26 02:57:56] INFO: Total commands loaded: 30
[2026-08-26 02:57:56] INFO: ✅ Commands loaded
[2026-08-26 02:57:56] DEBUG: Loaded event: interactionCreate
[2026-08-26 02:57:56] DEBUG: Loaded event: clientReady
[2026-08-26 02:57:56] INFO: ✅ Events loaded
[2026-08-26 02:57:57] ERROR: ❌ Failed to start bot: B02E0000:error:0A0003FC:SSL routines:ssl3_read_bytes:ssl/tls alert bad record mac:c:\ws\deps\openssl\openssl\ssl\record\rec_layer_s3.c:918:SSL alert number 20

Error: B02E0000:error:0A0003FC:SSL routines:ssl3_read_bytes:ssl/tls alert bad record mac:c:\ws\deps\openssl\openssl\ssl\record\rec_layer_s3.c:918:SSL alert number 20

[2026-08-26 02:59:10] INFO: Starting PW Defense Bot...
[2026-08-26 02:59:10] INFO: Loaded existing database from disk
[2026-08-26 02:59:10] INFO: All database tables ready
[2026-08-26 02:59:10] INFO: Database ready at: C:\Users\hp\Desktop\pw-bot\data\bot.db
[2026-08-26 02:59:10] INFO: ✅ Database ready
[2026-08-26 02:59:10] DEBUG: Loaded command: /backup
[2026-08-26 02:59:10] DEBUG: Loaded command: /config
[2026-08-26 02:59:10] DEBUG: Loaded command: /alerts
[2026-08-26 02:59:10] DEBUG: Loaded command: /help
[2026-08-26 02:59:10] DEBUG: Loaded command: /ping
[2026-08-26 02:59:10] DEBUG: Loaded command: /beige
[2026-08-26 02:59:10] DEBUG: Loaded command: /coalition
[2026-08-26 02:59:10] DEBUG: Loaded command: /dnr
[2026-08-26 02:59:10] DEBUG: Loaded command: /enemy
[2026-08-26 02:59:10] DEBUG: Loaded command: /intel
[2026-08-26 02:59:10] DEBUG: Loaded command: /nation
[2026-08-26 02:59:10] DEBUG: Loaded command: /targets
[2026-08-26 02:59:10] DEBUG: Loaded command: /treaty
[2026-08-26 02:59:10] DEBUG: Loaded command: /watch
[2026-08-26 02:59:10] DEBUG: Loaded command: /assign
[2026-08-26 02:59:10] DEBUG: Loaded command: /blitz
[2026-08-26 02:59:10] DEBUG: Loaded command: /blitzplan
[2026-08-26 02:59:10] DEBUG: Loaded command: /compliance
[2026-08-26 02:59:10] DEBUG: Loaded command: /counter
[2026-08-26 02:59:10] DEBUG: Loaded command: /hq
[2026-08-26 02:59:10] DEBUG: Loaded command: /operation
[2026-08-26 02:59:10] DEBUG: Loaded command: /readiness
[2026-08-26 02:59:10] DEBUG: Loaded command: /reserve
[2026-08-26 02:59:10] DEBUG: Loaded command: /war
[2026-08-26 02:59:10] DEBUG: Loaded command: /warroom
[2026-08-26 02:59:10] DEBUG: Loaded command: /gov-dashboard
[2026-08-26 02:59:10] DEBUG: Loaded command: /health
[2026-08-26 02:59:10] DEBUG: Loaded command: /participation
[2026-08-26 02:59:10] DEBUG: Loaded command: /report
[2026-08-26 02:59:11] DEBUG: Loaded command: /link
[2026-08-26 02:59:11] INFO: Total commands loaded: 30
[2026-08-26 02:59:11] INFO: ✅ Commands loaded
[2026-08-26 02:59:11] DEBUG: Loaded event: interactionCreate
[2026-08-26 02:59:11] DEBUG: Loaded event: clientReady
[2026-08-26 02:59:11] INFO: ✅ Events loaded
[2026-08-26 02:59:13] INFO: ✅ Bot is online! Logged in as: TUN Defence System Bot#4166
[2026-08-26 02:59:13] INFO:    Serving 1 server(s)
[2026-08-26 02:59:13] INFO: Starting background job scheduler...
[2026-08-26 02:59:13] INFO: ✅ Scheduler — defense 60s | DNR 3min | beige 5min | military/vacation 15min | expiry 30min | backup 6h | daily 08:00 UTC
[2026-08-26 02:59:13] INFO: ✅ Background jobs started
[2026-08-26 02:59:23] INFO: Running startup checks...
[2026-08-26 02:59:23] DEBUG: Running beige exit check...
[2026-08-26 02:59:27] DEBUG: Beige: 118 total, 8 in beige
[2026-08-26 02:59:27] DEBUG: Beige check guild 1394283356459503737: 8 in beige, intervals: 60,30,15,5
[2026-08-26 02:59:27] DEBUG:   Niyandhuru: 2760min remaining
[2026-08-26 02:59:27] DEBUG:   Respublik ow Wehlen: 720min remaining
[2026-08-26 02:59:27] DEBUG:   Nexus Elite: 2880min remaining
[2026-08-26 02:59:27] DEBUG:   Das Neue Kaiserreich: 2640min remaining
[2026-08-26 02:59:27] DEBUG:   Gurdhensia: 2880min remaining
[2026-08-26 02:59:27] DEBUG:   United Afrikaan Republic: 9840min remaining
[2026-08-26 02:59:27] DEBUG:   Independent Kwelder Republic: 18960min remaining
[2026-08-26 02:59:27] DEBUG:   Svea Imperie: 19800min remaining
[2026-08-26 02:59:27] ERROR: P&W API HTTP error: 94230000:error:0A0003FC:SSL routines:ssl3_read_bytes:ssl/tls alert bad record mac:c:\ws\deps\openssl\openssl\ssl\record\rec_layer_s3.c:918:SSL alert number 20

[2026-08-26 02:59:27] ERROR: Treaty sync error: 94230000:error:0A0003FC:SSL routines:ssl3_read_bytes:ssl/tls alert bad record mac:c:\ws\deps\openssl\openssl\ssl\record\rec_layer_s3.c:918:SSL alert number 20

[2026-08-26 02:59:29] DEBUG: Alliance 14124: 69 total nations, 51 actual members, 18 applicants excluded
[2026-08-26 02:59:29] WARN: No war room category for guild 1394283356459503737 — run /warroom setup
[2026-08-26 02:59:30] WARN: No war room category for guild 1394283356459503737 — run /warroom setup
[2026-08-26 02:59:31] WARN: No war room category for guild 1394283356459503737 — run /warroom setup
[2026-08-26 02:59:32] WARN: No war room category for guild 1394283356459503737 — run /warroom setup
[2026-08-26 02:59:33] WARN: No war room category for guild 1394283356459503737 — run /warroom setup
[2026-08-26 02:59:34] WARN: No war room category for guild 1394283356459503737 — run /warroom setup
[2026-08-26 02:59:35] WARN: No war room category for guild 1394283356459503737 — run /warroom setup
[2026-08-26 02:59:36] WARN: No war room category for guild 1394283356459503737 — run /warroom setup
[2026-08-26 02:59:36] WARN: No war room category for guild 1394283356459503737 — run /warroom setup
[2026-08-26 02:59:37] WARN: No war room category for guild 1394283356459503737 — run /warroom setup
[2026-08-26 02:59:37] WARN: No war room category for guild 1394283356459503737 — run /warroom setup
[2026-08-26 02:59:37] WARN: No war room category for guild 1394283356459503737 — run /warroom setup
[2026-08-26 02:59:38] WARN: No war room category for guild 1394283356459503737 — run /warroom setup
[2026-08-26 02:59:38] WARN: No war room category for guild 1394283356459503737 — run /warroom setup
[2026-08-26 02:59:39] WARN: No war room category for guild 1394283356459503737 — run /warroom setup
[2026-08-26 02:59:39] WARN: No war room category for guild 1394283356459503737 — run /warroom setup
[2026-08-26 02:59:39] WARN: No war room category for guild 1394283356459503737 — run /warroom setup
[2026-08-26 02:59:40] WARN: No war room category for guild 1394283356459503737 — run /warroom setup
[2026-08-26 02:59:40] WARN: No war room category for guild 1394283356459503737 — run /warroom setup
[2026-08-26 02:59:40] WARN: No war room category for guild 1394283356459503737 — run /warroom setup
[2026-08-26 02:59:41] WARN: No war room category for guild 1394283356459503737 — run /warroom setup
[2026-08-26 02:59:41] WARN: No war room category for guild 1394283356459503737 — run /warroom setup
[2026-08-26 02:59:42] WARN: No war room category for guild 1394283356459503737 — run /warroom setup
[2026-08-26 02:59:43] WARN: No war room category for guild 1394283356459503737 — run /warroom setup
[2026-08-26 02:59:43] WARN: No war room category for guild 1394283356459503737 — run /warroom setup
[2026-08-26 02:59:43] WARN: No war room category for guild 1394283356459503737 — run /warroom setup
[2026-08-26 02:59:44] WARN: No war room category for guild 1394283356459503737 — run /warroom setup
[2026-08-26 02:59:44] WARN: No war room category for guild 1394283356459503737 — run /warroom setup
[2026-08-26 03:00:00] DEBUG: 🚫 Checking DNR violations...
[2026-08-26 03:00:00] DEBUG: ⏰ Running beige check...
[2026-08-26 03:00:00] DEBUG: Running beige exit check...
[2026-08-26 03:00:00] DEBUG: 🔍 Checking military changes...
[2026-08-26 03:00:00] DEBUG: 🏖️ Checking vacation mode changes...
[2026-08-26 03:00:00] DEBUG: ⏰ Checking war expiry...
[2026-08-26 03:00:02] DEBUG: Treaty sync: 10 treaties for 14124
[2026-08-26 03:00:03] DEBUG: Beige: 118 total, 8 in beige
[2026-08-26 03:00:03] DEBUG: Beige check guild 1394283356459503737: 8 in beige, intervals: 60,30,15,5
[2026-08-26 03:00:03] DEBUG:   Niyandhuru: 2760min remaining
[2026-08-26 03:00:03] DEBUG:   Respublik ow Wehlen: 720min remaining
[2026-08-26 03:00:03] DEBUG:   Nexus Elite: 2880min remaining
[2026-08-26 03:00:03] DEBUG:   Das Neue Kaiserreich: 2640min remaining
[2026-08-26 03:00:03] DEBUG:   Gurdhensia: 2880min remaining
[2026-08-26 03:00:03] DEBUG:   United Afrikaan Republic: 9840min remaining
[2026-08-26 03:00:03] DEBUG:   Independent Kwelder Republic: 18960min remaining
[2026-08-26 03:00:03] DEBUG:   Svea Imperie: 19800min remaining
[2026-08-26 03:01:02] DEBUG: Treaty sync: 10 treaties for 14124
[2026-08-26 03:02:01] DEBUG: Treaty sync: 10 treaties for 14124
[2026-08-26 03:02:18] ERROR: Error in /backup: other side closed other side closed
SocketError: other side closed
    at TLSSocket.<anonymous> (C:\Users\hp\Desktop\pw-bot\node_modules\undici\lib\dispatcher\client-h1.js:701:24)
    at TLSSocket.emit (node:events:531:35)
    at endReadableNT (node:internal/streams/readable:1698:12)
    at process.processTicksAndRejections (node:internal/process/task_queues:89:21)
[2026-08-26 03:03:03] DEBUG: Treaty sync: 10 treaties for 14124
[2026-08-26 03:04:02] DEBUG: Treaty sync: 10 treaties for 14124
[2026-08-26 03:04:25] INFO: Bot shut down. Database saved.
[2026-08-26 03:27:13] INFO: Starting PW Defense Bot...
[2026-08-26 03:27:13] INFO: Loaded existing database from disk
[2026-08-26 03:27:13] INFO: All database tables ready
[2026-08-26 03:27:13] INFO: Database ready at: C:\Users\hp\Desktop\pw-bot\data\bot.db
[2026-08-26 03:27:13] INFO: ✅ Database ready
[2026-08-26 03:27:13] DEBUG: Loaded command: /backup
[2026-08-26 03:27:13] DEBUG: Loaded command: /config
[2026-08-26 03:27:13] DEBUG: Loaded command: /alerts
[2026-08-26 03:27:13] DEBUG: Loaded command: /help
[2026-08-26 03:27:13] DEBUG: Loaded command: /ping
[2026-08-26 03:27:13] DEBUG: Loaded command: /beige
[2026-08-26 03:27:13] DEBUG: Loaded command: /coalition
[2026-08-26 03:27:13] DEBUG: Loaded command: /dnr
[2026-08-26 03:27:13] DEBUG: Loaded command: /enemy
[2026-08-26 03:27:13] DEBUG: Loaded command: /intel
[2026-08-26 03:27:13] DEBUG: Loaded command: /nation
[2026-08-26 03:27:13] DEBUG: Loaded command: /targets
[2026-08-26 03:27:13] DEBUG: Loaded command: /treaty
[2026-08-26 03:27:13] DEBUG: Loaded command: /watch
[2026-08-26 03:27:13] DEBUG: Loaded command: /assign
[2026-08-26 03:27:13] DEBUG: Loaded command: /blitz
[2026-08-26 03:27:13] DEBUG: Loaded command: /blitzplan
[2026-08-26 03:27:13] DEBUG: Loaded command: /compliance
[2026-08-26 03:27:13] DEBUG: Loaded command: /counter
[2026-08-26 03:27:14] DEBUG: Loaded command: /hq
[2026-08-26 03:27:14] DEBUG: Loaded command: /operation
[2026-08-26 03:27:14] DEBUG: Loaded command: /readiness
[2026-08-26 03:27:14] DEBUG: Loaded command: /reserve
[2026-08-26 03:27:14] DEBUG: Loaded command: /war
[2026-08-26 03:27:14] DEBUG: Loaded command: /warroom
[2026-08-26 03:27:14] DEBUG: Loaded command: /gov-dashboard
[2026-08-26 03:27:14] DEBUG: Loaded command: /health
[2026-08-26 03:27:14] DEBUG: Loaded command: /participation
[2026-08-26 03:27:14] DEBUG: Loaded command: /report
[2026-08-26 03:27:14] DEBUG: Loaded command: /link
[2026-08-26 03:27:14] INFO: Total commands loaded: 30
[2026-08-26 03:27:14] INFO: ✅ Commands loaded
[2026-08-26 03:27:14] DEBUG: Loaded event: interactionCreate
[2026-08-26 03:27:14] DEBUG: Loaded event: clientReady
[2026-08-26 03:27:14] INFO: ✅ Events loaded
[2026-08-26 03:27:20] INFO: ✅ Bot is online! Logged in as: TUN Defence System Bot#4166
[2026-08-26 03:27:20] INFO:    Serving 1 server(s)
[2026-08-26 03:27:20] INFO: Starting background job scheduler...
[2026-08-26 03:27:20] INFO: ✅ Scheduler — defense 60s | DNR 3min | beige 5min | military/vacation 15min | expiry 30min | backup 6h | daily 08:00 UTC
[2026-08-26 03:27:20] INFO: ✅ Background jobs started
[2026-08-26 03:27:30] INFO: Running startup checks...
[2026-08-26 03:27:30] DEBUG: Running beige exit check...
[2026-08-26 03:27:32] DEBUG: Beige: 118 total, 8 in beige
[2026-08-26 03:27:32] DEBUG: Beige check guild 1394283356459503737: 8 in beige, intervals: 60,30,15,5
[2026-08-26 03:27:32] DEBUG:   Niyandhuru: 2640min remaining
[2026-08-26 03:27:32] DEBUG:   Respublik ow Wehlen: 600min remaining
[2026-08-26 03:27:32] DEBUG:   Nexus Elite: 2760min remaining
[2026-08-26 03:27:32] DEBUG:   Das Neue Kaiserreich: 2520min remaining
[2026-08-26 03:27:32] DEBUG:   Gurdhensia: 2760min remaining
[2026-08-26 03:27:32] DEBUG:   United Afrikaan Republic: 9720min remaining
[2026-08-26 03:27:32] DEBUG:   Independent Kwelder Republic: 18840min remaining
[2026-08-26 03:27:32] DEBUG:   Svea Imperie: 19680min remaining
[2026-08-26 03:27:33] DEBUG: Treaty sync: 10 treaties for 14124
[2026-08-26 03:27:35] DEBUG: Alliance 14124: 69 total nations, 51 actual members, 18 applicants excluded
[2026-08-26 03:27:35] DEBUG: War rooms not configured for guild 1394283356459503737 — skipping room creation (run /warroom setup to enable)
[2026-08-26 03:28:01] DEBUG: Treaty sync: 10 treaties for 14124
[2026-08-26 03:28:02] DEBUG: War rooms not configured for guild 1394283356459503737 — skipping room creation (run /warroom setup to enable)
[2026-08-26 03:29:01] DEBUG: Treaty sync: 10 treaties for 14124
[2026-08-26 03:29:02] DEBUG: War rooms not configured for guild 1394283356459503737 — skipping room creation (run /warroom setup to enable)
[2026-08-26 03:30:00] DEBUG: 🚫 Checking DNR violations...
[2026-08-26 03:30:00] DEBUG: ⏰ Running beige check...
[2026-08-26 03:30:00] DEBUG: Running beige exit check...
[2026-08-26 03:30:00] DEBUG: 🔍 Checking military changes...
[2026-08-26 03:30:00] DEBUG: 🏖️ Checking vacation mode changes...
[2026-08-26 03:30:00] DEBUG: ⏰ Checking war expiry...
[2026-08-26 03:30:01] DEBUG: Treaty sync: 10 treaties for 14124
[2026-08-26 03:30:01] DEBUG: Beige: 118 total, 8 in beige
[2026-08-26 03:30:01] DEBUG: Beige check guild 1394283356459503737: 8 in beige, intervals: 60,30,15,5
[2026-08-26 03:30:01] DEBUG:   Niyandhuru: 2640min remaining
[2026-08-26 03:30:01] DEBUG:   Respublik ow Wehlen: 600min remaining
[2026-08-26 03:30:01] DEBUG:   Nexus Elite: 2760min remaining
[2026-08-26 03:30:01] DEBUG:   Das Neue Kaiserreich: 2520min remaining
[2026-08-26 03:30:01] DEBUG:   Gurdhensia: 2760min remaining
[2026-08-26 03:30:01] DEBUG:   United Afrikaan Republic: 9720min remaining
[2026-08-26 03:30:01] DEBUG:   Independent Kwelder Republic: 18840min remaining
[2026-08-26 03:30:01] DEBUG:   Svea Imperie: 19680min remaining
[2026-08-26 03:30:02] DEBUG: War rooms not configured for guild 1394283356459503737 — skipping room creation (run /warroom setup to enable)
[2026-08-26 03:31:00] DEBUG: Treaty sync: 10 treaties for 14124
[2026-08-26 03:32:01] DEBUG: Treaty sync: 10 treaties for 14124
[2026-08-26 03:32:09] ERROR: DB query error:
[2026-08-26 03:32:09] ERROR: SQL:
[2026-08-26 03:32:09] ERROR: Error in /backup: no such table: coalition no such table: coalition
Error: no such table: coalition
    at e.handleError (C:\Users\hp\Desktop\pw-bot\node_modules\sql.js\dist\sql-wasm.js:90:192)
    at e.tb (C:\Users\hp\Desktop\pw-bot\node_modules\sql.js\dist\sql-wasm.js:88:454)
    at query (C:\Users\hp\Desktop\pw-bot\src\utils\database.js:69:21)
    at buildBackup (C:\Users\hp\Desktop\pw-bot\src\commands\admin\backup.js:29:26)
    at Object.execute (C:\Users\hp\Desktop\pw-bot\src\commands\admin\backup.js:183:23)
    at process.processTicksAndRejections (node:internal/process/task_queues:103:5)
    at async Object.execute (C:\Users\hp\Desktop\pw-bot\src\events\interactionCreate.js:25:9)
[2026-08-26 03:33:00] DEBUG: 🚫 Checking DNR violations...
[2026-08-26 03:33:02] DEBUG: Treaty sync: 10 treaties for 14124
[2026-08-26 03:33:30] INFO: Bot shut down. Database saved.
[2026-08-26 09:16:16] INFO: Starting PW Defense Bot...
[2026-08-26 09:16:16] INFO: Loaded existing database from disk
[2026-08-26 09:16:16] INFO: All database tables ready
[2026-08-26 09:16:16] INFO: Database ready at: C:\Users\hp\Desktop\pw-bot\data\bot.db
[2026-08-26 09:16:16] INFO: ✅ Database ready
[2026-08-26 09:16:17] DEBUG: Loaded command: /backup
[2026-08-26 09:16:17] DEBUG: Loaded command: /config
[2026-08-26 09:16:17] DEBUG: Loaded command: /alerts
[2026-08-26 09:16:17] DEBUG: Loaded command: /help
[2026-08-26 09:16:17] DEBUG: Loaded command: /ping
[2026-08-26 09:16:18] DEBUG: Loaded command: /beige
[2026-08-26 09:16:18] DEBUG: Loaded command: /coalition
[2026-08-26 09:16:18] DEBUG: Loaded command: /dnr
[2026-08-26 09:16:18] DEBUG: Loaded command: /enemy
[2026-08-26 09:16:18] DEBUG: Loaded command: /intel
[2026-08-26 09:16:18] DEBUG: Loaded command: /nation
[2026-08-26 09:16:18] DEBUG: Loaded command: /targets
[2026-08-26 09:16:18] DEBUG: Loaded command: /treaty
[2026-08-26 09:16:18] DEBUG: Loaded command: /watch
[2026-08-26 09:16:18] DEBUG: Loaded command: /assign
[2026-08-26 09:16:18] DEBUG: Loaded command: /blitz
[2026-08-26 09:16:18] DEBUG: Loaded command: /blitzplan
[2026-08-26 09:16:18] DEBUG: Loaded command: /compliance
[2026-08-26 09:16:18] DEBUG: Loaded command: /counter
[2026-08-26 09:16:18] DEBUG: Loaded command: /hq
[2026-08-26 09:16:18] DEBUG: Loaded command: /operation
[2026-08-26 09:16:18] DEBUG: Loaded command: /readiness
[2026-08-26 09:16:18] DEBUG: Loaded command: /reserve
[2026-08-26 09:16:18] DEBUG: Loaded command: /war
[2026-08-26 09:16:19] DEBUG: Loaded command: /warroom
[2026-08-26 09:16:19] DEBUG: Loaded command: /gov-dashboard
[2026-08-26 09:16:19] DEBUG: Loaded command: /health
[2026-08-26 09:16:19] DEBUG: Loaded command: /participation
[2026-08-26 09:16:19] DEBUG: Loaded command: /report
[2026-08-26 09:16:19] DEBUG: Loaded command: /link
[2026-08-26 09:16:19] INFO: Total commands loaded: 30
[2026-08-26 09:16:19] INFO: ✅ Commands loaded
[2026-08-26 09:16:19] DEBUG: Loaded event: interactionCreate
[2026-08-26 09:16:19] DEBUG: Loaded event: clientReady
[2026-08-26 09:16:19] INFO: ✅ Events loaded
[2026-08-26 09:16:21] INFO: ✅ Bot is online! Logged in as: TUN Defence System Bot#4166
[2026-08-26 09:16:21] INFO:    Serving 1 server(s)
[2026-08-26 09:16:21] INFO: Starting background job scheduler...
[2026-08-26 09:16:21] INFO: ✅ Scheduler — defense 60s | DNR 3min | beige 5min | military/vacation 15min | expiry 30min | backup 6h | daily 08:00 UTC
[2026-08-26 09:16:21] INFO: ✅ Background jobs started
[2026-08-26 09:16:31] INFO: Running startup checks...
[2026-08-26 09:16:31] DEBUG: Running beige exit check...
[2026-08-26 09:16:36] DEBUG: Beige: 119 total, 10 in beige
[2026-08-26 09:16:36] DEBUG: Beige check guild 1394283356459503737: 10 in beige, intervals: 60,30,15,5
[2026-08-26 09:16:36] DEBUG:   Niyandhuru: 2280min remaining
[2026-08-26 09:16:36] DEBUG:   Shadow Empire 1: 2880min remaining
[2026-08-26 09:16:36] DEBUG:   Respublik ow Wehlen: 240min remaining
[2026-08-26 09:16:36] DEBUG:   Nexus Elite: 2400min remaining
[2026-08-26 09:16:36] DEBUG:   Das Neue Kaiserreich: 2160min remaining
[2026-08-26 09:16:36] DEBUG:   Gurdhensia: 2400min remaining
[2026-08-26 09:16:36] DEBUG:   Arsi: 3360min remaining
[2026-08-26 09:16:36] DEBUG:   United Afrikaan Republic: 9360min remaining
[2026-08-26 09:16:36] DEBUG:   Independent Kwelder Republic: 18480min remaining
[2026-08-26 09:16:36] DEBUG:   Svea Imperie: 19320min remaining
[2026-08-26 09:16:36] DEBUG: Treaty sync: 10 treaties for 14124
[2026-08-26 09:16:38] DEBUG: Alliance 14124: 69 total nations, 51 actual members, 18 applicants excluded
[2026-08-26 09:17:18] ERROR: Error in /backup: other side closed other side closed
SocketError: other side closed
    at TLSSocket.<anonymous> (C:\Users\hp\Desktop\pw-bot\node_modules\undici\lib\dispatcher\client-h1.js:701:24)
    at TLSSocket.emit (node:events:531:35)
    at endReadableNT (node:internal/streams/readable:1698:12)
    at process.processTicksAndRejections (node:internal/process/task_queues:89:21)
[2026-08-26 09:18:00] DEBUG: 🚫 Checking DNR violations...
[2026-08-26 09:18:49] INFO: Bot shut down. Database saved.
[2026-08-30 08:46:20] INFO: Starting PW Defense Bot...
[2026-08-30 08:46:20] INFO: Loaded existing database from disk
[2026-08-30 08:46:20] INFO: All database tables ready
[2026-08-30 08:46:21] INFO: Database ready at: C:\Users\hp\Desktop\pw-bot\data\bot.db
[2026-08-30 08:46:21] INFO: ✅ Database ready
[2026-08-30 08:46:21] DEBUG: Loaded command: /backup
[2026-08-30 08:46:21] DEBUG: Loaded command: /config
[2026-08-30 08:46:21] DEBUG: Loaded command: /alerts
[2026-08-30 08:46:21] DEBUG: Loaded command: /help
[2026-08-30 08:46:21] DEBUG: Loaded command: /ping
[2026-08-30 08:46:22] DEBUG: Loaded command: /beige
[2026-08-30 08:46:22] DEBUG: Loaded command: /coalition
[2026-08-30 08:46:22] DEBUG: Loaded command: /dnr
[2026-08-30 08:46:22] DEBUG: Loaded command: /enemy
[2026-08-30 08:46:22] DEBUG: Loaded command: /intel
[2026-08-30 08:46:22] DEBUG: Loaded command: /nation
[2026-08-30 08:46:22] DEBUG: Loaded command: /targets
[2026-08-30 08:46:22] DEBUG: Loaded command: /treaty
[2026-08-30 08:46:22] DEBUG: Loaded command: /watch
[2026-08-30 08:46:22] DEBUG: Loaded command: /assign
[2026-08-30 08:46:22] DEBUG: Loaded command: /blitz
[2026-08-30 08:46:22] DEBUG: Loaded command: /blitzplan
[2026-08-30 08:46:22] DEBUG: Loaded command: /compliance
[2026-08-30 08:46:22] DEBUG: Loaded command: /counter
[2026-08-30 08:46:22] DEBUG: Loaded command: /hq
[2026-08-30 08:46:22] DEBUG: Loaded command: /operation
[2026-08-30 08:46:22] DEBUG: Loaded command: /readiness
[2026-08-30 08:46:22] DEBUG: Loaded command: /reserve
[2026-08-30 08:46:22] DEBUG: Loaded command: /war
[2026-08-30 08:46:22] DEBUG: Loaded command: /warroom
[2026-08-30 08:46:22] DEBUG: Loaded command: /gov-dashboard
[2026-08-30 08:46:23] DEBUG: Loaded command: /health
[2026-08-30 08:46:23] DEBUG: Loaded command: /participation
[2026-08-30 08:46:23] DEBUG: Loaded command: /report
[2026-08-30 08:46:23] DEBUG: Loaded command: /link
[2026-08-30 08:46:23] INFO: Total commands loaded: 30
[2026-08-30 08:46:23] INFO: ✅ Commands loaded
[2026-08-30 08:46:23] DEBUG: Loaded event: interactionCreate
[2026-08-30 08:46:23] DEBUG: Loaded event: clientReady
[2026-08-30 08:46:23] INFO: ✅ Events loaded
[2026-08-30 08:46:25] INFO: ✅ Bot is online! Logged in as: TUN Defence System Bot#4166
[2026-08-30 08:46:25] INFO:    Serving 1 server(s)
[2026-08-30 08:46:25] INFO: Starting background job scheduler...
[2026-08-30 08:46:25] INFO: ✅ Scheduler — defense 60s | attacks 2min | DNR 3min | beige 5min | military/vacation 15min | expiry 30min | backup 6h | daily 08:00 UTC
[2026-08-30 08:46:25] INFO: ✅ Background jobs started
[2026-08-30 08:46:35] INFO: Running startup checks...
[2026-08-30 08:46:35] DEBUG: Running beige exit check...
[2026-08-30 08:46:38] DEBUG: Beige: 121 total, 13 in beige
[2026-08-30 08:46:38] DEBUG: Beige check guild 1394283356459503737: 13 in beige, intervals: 60,30,15,5
[2026-08-30 08:46:38] DEBUG:   Ubermericus: 3120min remaining
[2026-08-30 08:46:38] DEBUG:   Mithrados: 3960min remaining
[2026-08-30 08:46:38] DEBUG:   Shadow Empire 1: 3000min remaining
[2026-08-30 08:46:38] DEBUG:   Saltana: 960min remaining
[2026-08-30 08:46:38] DEBUG:   United Kingdoms of bobia: 1920min remaining
[2026-08-30 08:46:38] DEBUG:   Respublik ow Wehlen: 5040min remaining
[2026-08-30 08:46:38] DEBUG:   Great Sheddy: 840min remaining
[2026-08-30 08:46:38] DEBUG:   Seraphid Empire: 720min remaining
[2026-08-30 08:46:38] DEBUG:   United Afrikaan Republic: 3720min remaining
[2026-08-30 08:46:38] DEBUG:   The Null: 12600min remaining
[2026-08-30 08:46:38] DEBUG:   Independent Kwelder Republic: 12840min remaining
[2026-08-30 08:46:38] DEBUG:   Svea Imperie: 13680min remaining
[2026-08-30 08:46:38] DEBUG:   IDONTKNOWLEAVEMEALONE: 15360min remaining
[2026-08-30 08:46:38] DEBUG: Treaty sync: 10 treaties for 14124
[2026-08-30 08:46:40] DEBUG: Alliance 14124: 67 total nations, 51 actual members, 16 applicants excluded
[2026-08-30 08:46:50] ERROR: DB query error:
[2026-08-30 08:46:50] ERROR: SQL:
[2026-08-30 08:49:06] INFO: War room created: ⚔️-bobworld for war 2694599
[2026-08-30 08:49:11] INFO: War room created: ⚔️-takistan for war 2694434
[2026-08-30 08:49:17] INFO: War room created: ⚔️-slaughternation for war 2694139
[2026-08-30 08:49:22] INFO: War room created: ⚔️-turestan for war 2694111
[2026-08-30 08:49:27] INFO: War room created: ⚔️-the-crimson-sun for war 2693629
[2026-08-30 08:49:31] INFO: War room created: ⚔️-jizawiyoun for war 2694462
[2026-08-30 08:49:38] INFO: War room created: ⚔️-oriental for war 2694459
[2026-08-30 08:49:43] INFO: War room created: ⚔️-indian-king for war 2694458
[2026-08-30 08:49:47] INFO: War room created: ⚔️-heiliges-abendland for war 2694457
[2026-08-30 08:49:52] INFO: War room created: ⚔️-frealand for war 2694296
[2026-08-30 08:49:56] INFO: War room created: ⚔️-new-shayland for war 2694292
[2026-08-30 08:50:01] INFO: War room created: ⚔️-the-commonweaith for war 2694238
[2026-08-30 08:50:07] INFO: War room created: ⚔️-7th-cavalry for war 2694167
[2026-08-30 08:50:12] INFO: War room created: ⚔️-hispania for war 2694164
[2026-08-30 08:50:20] INFO: War room created: ⚔️-the-planes-democracy for war 2693999
[2026-08-30 08:50:25] INFO: War room created: ⚔️-falkland-islands for war 2693905
[2026-08-30 08:50:30] INFO: War room created: ⚔️-sanctara for war 2693886
[2026-08-30 08:50:34] INFO: War room created: ⚔️-renni for war 2693637
[2026-08-30 08:50:39] INFO: War room created: ⚔️-kingdom-of-far-far-away for war 2693635
[2026-08-30 08:50:44] INFO: War room created: ⚔️-the-iron-atlantic for war 2693634
[2026-08-30 08:50:49] INFO: War room created: ⚔️-greece for war 2693633
[2026-08-30 08:50:53] INFO: War room created: ⚔️-numen0r for war 2693632
[2026-08-30 08:50:59] INFO: War room created: ⚔️-stormwind for war 2693475
[2026-08-30 08:51:00] DEBUG: 🚫 Checking DNR violations...
[2026-08-30 08:51:04] INFO: War room created: ⚔️-schwarzland for war 2693465
[2026-08-30 08:51:06] ERROR: War room error: Invalid Form Body
parent_id[CHANNEL_PARENT_MAX_CHANNELS]: Maximum number of channels in category reached (50)
[2026-08-30 08:52:01] WARN: P&W API errors: [
  {
    "message": "Unknown argument \"orderby\" on field \"warattacks\" of type \"Query\". Did you mean \"orderBy\"?",
    "extensions": {
      "category": "graphql"
    },
    "locations": [
      {
        "line": 2,
        "column": 54
      }
    ]
  },
  {
    "message": "Cannot query field \"att_nation_name\" on type \"WarAttack\".",
    "extensions": {
      "category": "graphql"
    },
    "locations": [
      {
        "line": 3,
        "column": 31
      }
    ]
  },
  {
    "message": "Cannot query field \"def_nation_name\" on type \"WarAttack\".",
    "extensions": {
      "category": "graphql"
    },
    "locations": [
      {
        "line": 3,
        "column": 47
      }
    ]
  }
]
[2026-08-30 08:52:01] WARN: P&W API errors: [
  {
    "message": "Unknown argument \"orderby\" on field \"warattacks\" of type \"Query\". Did you mean \"orderBy\"?",
    "extensions": {
      "category": "graphql"
    },
    "locations": [
      {
        "line": 2,
        "column": 54
      }
    ]
  },
  {
    "message": "Cannot query field \"att_nation_name\" on type \"WarAttack\".",
    "extensions": {
      "category": "graphql"
    },
    "locations": [
      {
        "line": 3,
        "column": 31
      }
    ]
  },
  {
    "message": "Cannot query field \"def_nation_name\" on type \"WarAttack\".",
    "extensions": {
      "category": "graphql"
    },
    "locations": [
      {
        "line": 3,
        "column": 47
      }
    ]
  }
]
[2026-08-30 08:52:03] WARN: P&W API errors: [
  {
    "message": "Unknown argument \"orderby\" on field \"warattacks\" of type \"Query\". Did you mean \"orderBy\"?",
    "extensions": {
      "category": "graphql"
    },
    "locations": [
      {
        "line": 2,
        "column": 54
      }
    ]
  },
  {
    "message": "Cannot query field \"att_nation_name\" on type \"WarAttack\".",
    "extensions": {
      "category": "graphql"
    },
    "locations": [
      {
        "line": 3,
        "column": 31
      }
    ]
  },
  {
    "message": "Cannot query field \"def_nation_name\" on type \"WarAttack\".",
    "extensions": {
      "category": "graphql"
    },
    "locations": [
      {
        "line": 3,
        "column": 47
      }
    ]
  }
]
[2026-08-30 08:52:04] WARN: P&W API errors: [
  {
    "message": "Unknown argument \"orderby\" on field \"warattacks\" of type \"Query\". Did you mean \"orderBy\"?",
    "extensions": {
      "category": "graphql"
    },
    "locations": [
      {
        "line": 2,
        "column": 54
      }
    ]
  },
  {
    "message": "Cannot query field \"att_nation_name\" on type \"WarAttack\".",
    "extensions": {
      "category": "graphql"
    },
    "locations": [
      {
        "line": 3,
        "column": 31
      }
    ]
  },
  {
    "message": "Cannot query field \"def_nation_name\" on type \"WarAttack\".",
    "extensions": {
      "category": "graphql"
    },
    "locations": [
      {
        "line": 3,
        "column": 47
      }
    ]
  }
]
[2026-08-30 08:52:04] WARN: P&W API errors: [
  {
    "message": "Unknown argument \"orderby\" on field \"warattacks\" of type \"Query\". Did you mean \"orderBy\"?",
    "extensions": {
      "category": "graphql"
    },
    "locations": [
      {
        "line": 2,
        "column": 54
      }
    ]
  },
  {
    "message": "Cannot query field \"att_nation_name\" on type \"WarAttack\".",
    "extensions": {
      "category": "graphql"
    },
    "locations": [
      {
        "line": 3,
        "column": 31
      }
    ]
  },
  {
    "message": "Cannot query field \"def_nation_name\" on type \"WarAttack\".",
    "extensions": {
      "category": "graphql"
    },
    "locations": [
      {
        "line": 3,
        "column": 47
      }
    ]
  }
]
[2026-08-30 08:52:04] WARN: P&W API errors: [
  {
    "message": "Unknown argument \"orderby\" on field \"warattacks\" of type \"Query\". Did you mean \"orderBy\"?",
    "extensions": {
      "category": "graphql"
    },
    "locations": [
      {
        "line": 2,
        "column": 54
      }
    ]
  },
  {
    "message": "Cannot query field \"att_nation_name\" on type \"WarAttack\".",
    "extensions": {
      "category": "graphql"
    },
    "locations": [
      {
        "line": 3,
        "column": 31
      }
    ]
  },
  {
    "message": "Cannot query field \"def_nation_name\" on type \"WarAttack\".",
    "extensions": {
      "category": "graphql"
    },
    "locations": [
      {
        "line": 3,
        "column": 47
      }
    ]
  }
]
[2026-08-30 08:52:05] WARN: P&W API errors: [
  {
    "message": "Unknown argument \"orderby\" on field \"warattacks\" of type \"Query\". Did you mean \"orderBy\"?",
    "extensions": {
      "category": "graphql"
    },
    "locations": [
      {
        "line": 2,
        "column": 54
      }
    ]
  },
  {
    "message": "Cannot query field \"att_nation_name\" on type \"WarAttack\".",
    "extensions": {
      "category": "graphql"
    },
    "locations": [
      {
        "line": 3,
        "column": 31
      }
    ]
  },
  {
    "message": "Cannot query field \"def_nation_name\" on type \"WarAttack\".",
    "extensions": {
      "category": "graphql"
    },
    "locations": [
      {
        "line": 3,
        "column": 47
      }
    ]
  }
]
[2026-08-30 08:52:05] WARN: P&W API errors: [
  {
    "message": "Unknown argument \"orderby\" on field \"warattacks\" of type \"Query\". Did you mean \"orderBy\"?",
    "extensions": {
      "category": "graphql"
    },
    "locations": [
      {
        "line": 2,
        "column": 54
      }
    ]
  },
  {
    "message": "Cannot query field \"att_nation_name\" on type \"WarAttack\".",
    "extensions": {
      "category": "graphql"
    },
    "locations": [
      {
        "line": 3,
        "column": 31
      }
    ]
  },
  {
    "message": "Cannot query field \"def_nation_name\" on type \"WarAttack\".",
    "extensions": {
      "category": "graphql"
    },
    "locations": [
      {
        "line": 3,
        "column": 47
      }
    ]
  }
]
[2026-08-30 08:52:05] WARN: P&W API errors: [
  {
    "message": "Unknown argument \"orderby\" on field \"warattacks\" of type \"Query\". Did you mean \"orderBy\"?",
    "extensions": {
      "category": "graphql"
    },
    "locations": [
      {
        "line": 2,
        "column": 54
      }
    ]
  },
  {
    "message": "Cannot query field \"att_nation_name\" on type \"WarAttack\".",
    "extensions": {
      "category": "graphql"
    },
    "locations": [
      {
        "line": 3,
        "column": 31
      }
    ]
  },
  {
    "message": "Cannot query field \"def_nation_name\" on type \"WarAttack\".",
    "extensions": {
      "category": "graphql"
    },
    "locations": [
      {
        "line": 3,
        "column": 47
      }
    ]
  }
]
[2026-08-30 08:52:06] WARN: P&W API errors: [
  {
    "message": "Unknown argument \"orderby\" on field \"warattacks\" of type \"Query\". Did you mean \"orderBy\"?",
    "extensions": {
      "category": "graphql"
    },
    "locations": [
      {
        "line": 2,
        "column": 54
      }
    ]
  },
  {
    "message": "Cannot query field \"att_nation_name\" on type \"WarAttack\".",
    "extensions": {
      "category": "graphql"
    },
    "locations": [
      {
        "line": 3,
        "column": 31
      }
    ]
  },
  {
    "message": "Cannot query field \"def_nation_name\" on type \"WarAttack\".",
    "extensions": {
      "category": "graphql"
    },
    "locations": [
      {
        "line": 3,
        "column": 47
      }
    ]
  }
]
[2026-08-30 08:52:06] WARN: P&W API errors: [
  {
    "message": "Unknown argument \"orderby\" on field \"warattacks\" of type \"Query\". Did you mean \"orderBy\"?",
    "extensions": {
      "category": "graphql"
    },
    "locations": [
      {
        "line": 2,
        "column": 54
      }
    ]
  },
  {
    "message": "Cannot query field \"att_nation_name\" on type \"WarAttack\".",
    "extensions": {
      "category": "graphql"
    },
    "locations": [
      {
        "line": 3,
        "column": 31
      }
    ]
  },
  {
    "message": "Cannot query field \"def_nation_name\" on type \"WarAttack\".",
    "extensions": {
      "category": "graphql"
    },
    "locations": [
      {
        "line": 3,
        "column": 47
      }
    ]
  }
]
[2026-08-30 08:52:06] WARN: P&W API errors: [
  {
    "message": "Unknown argument \"orderby\" on field \"warattacks\" of type \"Query\". Did you mean \"orderBy\"?",
    "extensions": {
      "category": "graphql"
    },
    "locations": [
      {
        "line": 2,
        "column": 54
      }
    ]
  },
  {
    "message": "Cannot query field \"att_nation_name\" on type \"WarAttack\".",
    "extensions": {
      "category": "graphql"
    },
    "locations": [
      {
        "line": 3,
        "column": 31
      }
    ]
  },
  {
    "message": "Cannot query field \"def_nation_name\" on type \"WarAttack\".",
    "extensions": {
      "category": "graphql"
    },
    "locations": [
      {
        "line": 3,
        "column": 47
      }
    ]
  }
]
[2026-08-30 08:52:07] WARN: P&W API errors: [
  {
    "message": "Unknown argument \"orderby\" on field \"warattacks\" of type \"Query\". Did you mean \"orderBy\"?",
    "extensions": {
      "category": "graphql"
    },
    "locations": [
      {
        "line": 2,
        "column": 54
      }
    ]
  },
  {
    "message": "Cannot query field \"att_nation_name\" on type \"WarAttack\".",
    "extensions": {
      "category": "graphql"
    },
    "locations": [
      {
        "line": 3,
        "column": 31
      }
    ]
  },
  {
    "message": "Cannot query field \"def_nation_name\" on type \"WarAttack\".",
    "extensions": {
      "category": "graphql"
    },
    "locations": [
      {
        "line": 3,
        "column": 47
      }
    ]
  }
]
[2026-08-30 08:52:07] WARN: P&W API errors: [
  {
    "message": "Unknown argument \"orderby\" on field \"warattacks\" of type \"Query\". Did you mean \"orderBy\"?",
    "extensions": {
      "category": "graphql"
    },
    "locations": [
      {
        "line": 2,
        "column": 54
      }
    ]
  },
  {
    "message": "Cannot query field \"att_nation_name\" on type \"WarAttack\".",
    "extensions": {
      "category": "graphql"
    },
    "locations": [
      {
        "line": 3,
        "column": 31
      }
    ]
  },
  {
    "message": "Cannot query field \"def_nation_name\" on type \"WarAttack\".",
    "extensions": {
      "category": "graphql"
    },
    "locations": [
      {
        "line": 3,
        "column": 47
      }
    ]
  }
]
[2026-08-30 08:52:07] WARN: P&W API errors: [
  {
    "message": "Unknown argument \"orderby\" on field \"warattacks\" of type \"Query\". Did you mean \"orderBy\"?",
    "extensions": {
      "category": "graphql"
    },
    "locations": [
      {
        "line": 2,
        "column": 54
      }
    ]
  },
  {
    "message": "Cannot query field \"att_nation_name\" on type \"WarAttack\".",
    "extensions": {
      "category": "graphql"
    },
    "locations": [
      {
        "line": 3,
        "column": 31
      }
    ]
  },
  {
    "message": "Cannot query field \"def_nation_name\" on type \"WarAttack\".",
    "extensions": {
      "category": "graphql"
    },
    "locations": [
      {
        "line": 3,
        "column": 47
      }
    ]
  }
]
[2026-08-30 08:52:08] WARN: P&W API errors: [
  {
    "message": "Unknown argument \"orderby\" on field \"warattacks\" of type \"Query\". Did you mean \"orderBy\"?",
    "extensions": {
      "category": "graphql"
    },
    "locations": [
      {
        "line": 2,
        "column": 54
      }
    ]
  },
  {
    "message": "Cannot query field \"att_nation_name\" on type \"WarAttack\".",
    "extensions": {
      "category": "graphql"
    },
    "locations": [
      {
        "line": 3,
        "column": 31
      }
    ]
  },
  {
    "message": "Cannot query field \"def_nation_name\" on type \"WarAttack\".",
    "extensions": {
      "category": "graphql"
    },
    "locations": [
      {
        "line": 3,
        "column": 47
      }
    ]
  }
]
[2026-08-30 08:52:08] WARN: P&W API errors: [
  {
    "message": "Unknown argument \"orderby\" on field \"warattacks\" of type \"Query\". Did you mean \"orderBy\"?",
    "extensions": {
      "category": "graphql"
    },
    "locations": [
      {
        "line": 2,
        "column": 54
      }
    ]
  },
  {
    "message": "Cannot query field \"att_nation_name\" on type \"WarAttack\".",
    "extensions": {
      "category": "graphql"
    },
    "locations": [
      {
        "line": 3,
        "column": 31
      }
    ]
  },
  {
    "message": "Cannot query field \"def_nation_name\" on type \"WarAttack\".",
    "extensions": {
      "category": "graphql"
    },
    "locations": [
      {
        "line": 3,
        "column": 47
      }
    ]
  }
]
[2026-08-30 08:52:08] WARN: P&W API errors: [
  {
    "message": "Unknown argument \"orderby\" on field \"warattacks\" of type \"Query\". Did you mean \"orderBy\"?",
    "extensions": {
      "category": "graphql"
    },
    "locations": [
      {
        "line": 2,
        "column": 54
      }
    ]
  },
  {
    "message": "Cannot query field \"att_nation_name\" on type \"WarAttack\".",
    "extensions": {
      "category": "graphql"
    },
    "locations": [
      {
        "line": 3,
        "column": 31
      }
    ]
  },
  {
    "message": "Cannot query field \"def_nation_name\" on type \"WarAttack\".",
    "extensions": {
      "category": "graphql"
    },
    "locations": [
      {
        "line": 3,
        "column": 47
      }
    ]
  }
]
[2026-08-30 08:52:09] WARN: P&W API errors: [
  {
    "message": "Unknown argument \"orderby\" on field \"warattacks\" of type \"Query\". Did you mean \"orderBy\"?",
    "extensions": {
      "category": "graphql"
    },
    "locations": [
      {
        "line": 2,
        "column": 54
      }
    ]
  },
  {
    "message": "Cannot query field \"att_nation_name\" on type \"WarAttack\".",
    "extensions": {
      "category": "graphql"
    },
    "locations": [
      {
        "line": 3,
        "column": 31
      }
    ]
  },
  {
    "message": "Cannot query field \"def_nation_name\" on type \"WarAttack\".",
    "extensions": {
      "category": "graphql"
    },
    "locations": [
      {
        "line": 3,
        "column": 47
      }
    ]
  }
]
[2026-08-30 08:52:09] WARN: P&W API errors: [
  {
    "message": "Unknown argument \"orderby\" on field \"warattacks\" of type \"Query\". Did you mean \"orderBy\"?",
    "extensions": {
      "category": "graphql"
    },
    "locations": [
      {
        "line": 2,
        "column": 54
      }
    ]
  },
  {
    "message": "Cannot query field \"att_nation_name\" on type \"WarAttack\".",
    "extensions": {
      "category": "graphql"
    },
    "locations": [
      {
        "line": 3,
        "column": 31
      }
    ]
  },
  {
    "message": "Cannot query field \"def_nation_name\" on type \"WarAttack\".",
    "extensions": {
      "category": "graphql"
    },
    "locations": [
      {
        "line": 3,
        "column": 47
      }
    ]
  }
]
[2026-08-30 08:52:09] WARN: P&W API errors: [
  {
    "message": "Unknown argument \"orderby\" on field \"warattacks\" of type \"Query\". Did you mean \"orderBy\"?",
    "extensions": {
      "category": "graphql"
    },
    "locations": [
      {
        "line": 2,
        "column": 54
      }
    ]
  },
  {
    "message": "Cannot query field \"att_nation_name\" on type \"WarAttack\".",
    "extensions": {
      "category": "graphql"
    },
    "locations": [
      {
        "line": 3,
        "column": 31
      }
    ]
  },
  {
    "message": "Cannot query field \"def_nation_name\" on type \"WarAttack\".",
    "extensions": {
      "category": "graphql"
    },
    "locations": [
      {
        "line": 3,
        "column": 47
      }
    ]
  }
]
[2026-08-30 08:52:10] WARN: P&W API errors: [
  {
    "message": "Unknown argument \"orderby\" on field \"warattacks\" of type \"Query\". Did you mean \"orderBy\"?",
    "extensions": {
      "category": "graphql"
    },
    "locations": [
      {
        "line": 2,
        "column": 54
      }
    ]
  },
  {
    "message": "Cannot query field \"att_nation_name\" on type \"WarAttack\".",
    "extensions": {
      "category": "graphql"
    },
    "locations": [
      {
        "line": 3,
        "column": 31
      }
    ]
  },
  {
    "message": "Cannot query field \"def_nation_name\" on type \"WarAttack\".",
    "extensions": {
      "category": "graphql"
    },
    "locations": [
      {
        "line": 3,
        "column": 47
      }
    ]
  }
]
[2026-08-30 08:52:10] WARN: P&W API errors: [
  {
    "message": "Unknown argument \"orderby\" on field \"warattacks\" of type \"Query\". Did you mean \"orderBy\"?",
    "extensions": {
      "category": "graphql"
    },
    "locations": [
      {
        "line": 2,
        "column": 54
      }
    ]
  },
  {
    "message": "Cannot query field \"att_nation_name\" on type \"WarAttack\".",
    "extensions": {
      "category": "graphql"
    },
    "locations": [
      {
        "line": 3,
        "column": 31
      }
    ]
  },
  {
    "message": "Cannot query field \"def_nation_name\" on type \"WarAttack\".",
    "extensions": {
      "category": "graphql"
    },
    "locations": [
      {
        "line": 3,
        "column": 47
      }
    ]
  }
]
[2026-08-30 08:52:10] WARN: P&W API errors: [
  {
    "message": "Unknown argument \"orderby\" on field \"warattacks\" of type \"Query\". Did you mean \"orderBy\"?",
    "extensions": {
      "category": "graphql"
    },
    "locations": [
      {
        "line": 2,
        "column": 54
      }
    ]
  },
  {
    "message": "Cannot query field \"att_nation_name\" on type \"WarAttack\".",
    "extensions": {
      "category": "graphql"
    },
    "locations": [
      {
        "line": 3,
        "column": 31
      }
    ]
  },
  {
    "message": "Cannot query field \"def_nation_name\" on type \"WarAttack\".",
    "extensions": {
      "category": "graphql"
    },
    "locations": [
      {
        "line": 3,
        "column": 47
      }
    ]
  }
]
[2026-08-30 08:54:00] DEBUG: 🚫 Checking DNR violations...
[2026-08-30 08:54:01] WARN: P&W API errors: [
  {
    "message": "Unknown argument \"orderby\" on field \"warattacks\" of type \"Query\". Did you mean \"orderBy\"?",
    "extensions": {
      "category": "graphql"
    },
    "locations": [
      {
        "line": 2,
        "column": 54
      }
    ]
  },
  {
    "message": "Cannot query field \"att_nation_name\" on type \"WarAttack\".",
    "extensions": {
      "category": "graphql"
    },
    "locations": [
      {
        "line": 3,
        "column": 31
      }
    ]
  },
  {
    "message": "Cannot query field \"def_nation_name\" on type \"WarAttack\".",
    "extensions": {
      "category": "graphql"
    },
    "locations": [
      {
        "line": 3,
        "column": 47
      }
    ]
  }
]
[2026-08-30 08:54:01] WARN: P&W API errors: [
  {
    "message": "Unknown argument \"orderby\" on field \"warattacks\" of type \"Query\". Did you mean \"orderBy\"?",
    "extensions": {
      "category": "graphql"
    },
    "locations": [
      {
        "line": 2,
        "column": 54
      }
    ]
  },
  {
    "message": "Cannot query field \"att_nation_name\" on type \"WarAttack\".",
    "extensions": {
      "category": "graphql"
    },
    "locations": [
      {
        "line": 3,
        "column": 31
      }
    ]
  },
  {
    "message": "Cannot query field \"def_nation_name\" on type \"WarAttack\".",
    "extensions": {
      "category": "graphql"
    },
    "locations": [
      {
        "line": 3,
        "column": 47
      }
    ]
  }
]
[2026-08-30 08:54:02] WARN: P&W API errors: [
  {
    "message": "Unknown argument \"orderby\" on field \"warattacks\" of type \"Query\". Did you mean \"orderBy\"?",
    "extensions": {
      "category": "graphql"
    },
    "locations": [
      {
        "line": 2,
        "column": 54
      }
    ]
  },
  {
    "message": "Cannot query field \"att_nation_name\" on type \"WarAttack\".",
    "extensions": {
      "category": "graphql"
    },
    "locations": [
      {
        "line": 3,
        "column": 31
      }
    ]
  },
  {
    "message": "Cannot query field \"def_nation_name\" on type \"WarAttack\".",
    "extensions": {
      "category": "graphql"
    },
    "locations": [
      {
        "line": 3,
        "column": 47
      }
    ]
  }
]
[2026-08-30 08:54:02] WARN: P&W API errors: [
  {
    "message": "Unknown argument \"orderby\" on field \"warattacks\" of type \"Query\". Did you mean \"orderBy\"?",
    "extensions": {
      "category": "graphql"
    },
    "locations": [
      {
        "line": 2,
        "column": 54
      }
    ]
  },
  {
    "message": "Cannot query field \"att_nation_name\" on type \"WarAttack\".",
    "extensions": {
      "category": "graphql"
    },
    "locations": [
      {
        "line": 3,
        "column": 31
      }
    ]
  },
  {
    "message": "Cannot query field \"def_nation_name\" on type \"WarAttack\".",
    "extensions": {
      "category": "graphql"
    },
    "locations": [
      {
        "line": 3,
        "column": 47
      }
    ]
  }
]
[2026-08-30 08:54:02] WARN: P&W API errors: [
  {
    "message": "Unknown argument \"orderby\" on field \"warattacks\" of type \"Query\". Did you mean \"orderBy\"?",
    "extensions": {
      "category": "graphql"
    },
    "locations": [
      {
        "line": 2,
        "column": 54
      }
    ]
  },
  {
    "message": "Cannot query field \"att_nation_name\" on type \"WarAttack\".",
    "extensions": {
      "category": "graphql"
    },
    "locations": [
      {
        "line": 3,
        "column": 31
      }
    ]
  },
  {
    "message": "Cannot query field \"def_nation_name\" on type \"WarAttack\".",
    "extensions": {
      "category": "graphql"
    },
    "locations": [
      {
        "line": 3,
        "column": 47
      }
    ]
  }
]
[2026-08-30 08:54:03] WARN: P&W API errors: [
  {
    "message": "Unknown argument \"orderby\" on field \"warattacks\" of type \"Query\". Did you mean \"orderBy\"?",
    "extensions": {
      "category": "graphql"
    },
    "locations": [
      {
        "line": 2,
        "column": 54
      }
    ]
  },
  {
    "message": "Cannot query field \"att_nation_name\" on type \"WarAttack\".",
    "extensions": {
      "category": "graphql"
    },
    "locations": [
      {
        "line": 3,
        "column": 31
      }
    ]
  },
  {
    "message": "Cannot query field \"def_nation_name\" on type \"WarAttack\".",
    "extensions": {
      "category": "graphql"
    },
    "locations": [
      {
        "line": 3,
        "column": 47
      }
    ]
  }
]
[2026-08-30 08:54:03] WARN: P&W API errors: [
  {
    "message": "Unknown argument \"orderby\" on field \"warattacks\" of type \"Query\". Did you mean \"orderBy\"?",
    "extensions": {
      "category": "graphql"
    },
    "locations": [
      {
        "line": 2,
        "column": 54
      }
    ]
  },
  {
    "message": "Cannot query field \"att_nation_name\" on type \"WarAttack\".",
    "extensions": {
      "category": "graphql"
    },
    "locations": [
      {
        "line": 3,
        "column": 31
      }
    ]
  },
  {
    "message": "Cannot query field \"def_nation_name\" on type \"WarAttack\".",
    "extensions": {
      "category": "graphql"
    },
    "locations": [
      {
        "line": 3,
        "column": 47
      }
    ]
  }
]
[2026-08-30 08:54:03] WARN: P&W API errors: [
  {
    "message": "Unknown argument \"orderby\" on field \"warattacks\" of type \"Query\". Did you mean \"orderBy\"?",
    "extensions": {
      "category": "graphql"
    },
    "locations": [
      {
        "line": 2,
        "column": 54
      }
    ]
  },
  {
    "message": "Cannot query field \"att_nation_name\" on type \"WarAttack\".",
    "extensions": {
      "category": "graphql"
    },
    "locations": [
      {
        "line": 3,
        "column": 31
      }
    ]
  },
  {
    "message": "Cannot query field \"def_nation_name\" on type \"WarAttack\".",
    "extensions": {
      "category": "graphql"
    },
    "locations": [
      {
        "line": 3,
        "column": 47
      }
    ]
  }
]
[2026-08-30 08:54:04] WARN: P&W API errors: [
  {
    "message": "Unknown argument \"orderby\" on field \"warattacks\" of type \"Query\". Did you mean \"orderBy\"?",
    "extensions": {
      "category": "graphql"
    },
    "locations": [
      {
        "line": 2,
        "column": 54
      }
    ]
  },
  {
    "message": "Cannot query field \"att_nation_name\" on type \"WarAttack\".",
    "extensions": {
      "category": "graphql"
    },
    "locations": [
      {
        "line": 3,
        "column": 31
      }
    ]
  },
  {
    "message": "Cannot query field \"def_nation_name\" on type \"WarAttack\".",
    "extensions": {
      "category": "graphql"
    },
    "locations": [
      {
        "line": 3,
        "column": 47
      }
    ]
  }
]
[2026-08-30 08:54:04] WARN: P&W API errors: [
  {
    "message": "Unknown argument \"orderby\" on field \"warattacks\" of type \"Query\". Did you mean \"orderBy\"?",
    "extensions": {
      "category": "graphql"
    },
    "locations": [
      {
        "line": 2,
        "column": 54
      }
    ]
  },
  {
    "message": "Cannot query field \"att_nation_name\" on type \"WarAttack\".",
    "extensions": {
      "category": "graphql"
    },
    "locations": [
      {
        "line": 3,
        "column": 31
      }
    ]
  },
  {
    "message": "Cannot query field \"def_nation_name\" on type \"WarAttack\".",
    "extensions": {
      "category": "graphql"
    },
    "locations": [
      {
        "line": 3,
        "column": 47
      }
    ]
  }
]
[2026-08-30 08:54:05] WARN: P&W API errors: [
  {
    "message": "Unknown argument \"orderby\" on field \"warattacks\" of type \"Query\". Did you mean \"orderBy\"?",
    "extensions": {
      "category": "graphql"
    },
    "locations": [
      {
        "line": 2,
        "column": 54
      }
    ]
  },
  {
    "message": "Cannot query field \"att_nation_name\" on type \"WarAttack\".",
    "extensions": {
      "category": "graphql"
    },
    "locations": [
      {
        "line": 3,
        "column": 31
      }
    ]
  },
  {
    "message": "Cannot query field \"def_nation_name\" on type \"WarAttack\".",
    "extensions": {
      "category": "graphql"
    },
    "locations": [
      {
        "line": 3,
        "column": 47
      }
    ]
  }
]
[2026-08-30 08:54:05] WARN: P&W API errors: [
  {
    "message": "Unknown argument \"orderby\" on field \"warattacks\" of type \"Query\". Did you mean \"orderBy\"?",
    "extensions": {
      "category": "graphql"
    },
    "locations": [
      {
        "line": 2,
        "column": 54
      }
    ]
  },
  {
    "message": "Cannot query field \"att_nation_name\" on type \"WarAttack\".",
    "extensions": {
      "category": "graphql"
    },
    "locations": [
      {
        "line": 3,
        "column": 31
      }
    ]
  },
  {
    "message": "Cannot query field \"def_nation_name\" on type \"WarAttack\".",
    "extensions": {
      "category": "graphql"
    },
    "locations": [
      {
        "line": 3,
        "column": 47
      }
    ]
  }
]
[2026-08-30 08:54:05] WARN: P&W API errors: [
  {
    "message": "Unknown argument \"orderby\" on field \"warattacks\" of type \"Query\". Did you mean \"orderBy\"?",
    "extensions": {
      "category": "graphql"
    },
    "locations": [
      {
        "line": 2,
        "column": 54
      }
    ]
  },
  {
    "message": "Cannot query field \"att_nation_name\" on type \"WarAttack\".",
    "extensions": {
      "category": "graphql"
    },
    "locations": [
      {
        "line": 3,
        "column": 31
      }
    ]
  },
  {
    "message": "Cannot query field \"def_nation_name\" on type \"WarAttack\".",
    "extensions": {
      "category": "graphql"
    },
    "locations": [
      {
        "line": 3,
        "column": 47
      }
    ]
  }
]
[2026-08-30 08:54:06] WARN: P&W API errors: [
  {
    "message": "Unknown argument \"orderby\" on field \"warattacks\" of type \"Query\". Did you mean \"orderBy\"?",
    "extensions": {
      "category": "graphql"
    },
    "locations": [
      {
        "line": 2,
        "column": 54
      }
    ]
  },
  {
    "message": "Cannot query field \"att_nation_name\" on type \"WarAttack\".",
    "extensions": {
      "category": "graphql"
    },
    "locations": [
      {
        "line": 3,
        "column": 31
      }
    ]
  },
  {
    "message": "Cannot query field \"def_nation_name\" on type \"WarAttack\".",
    "extensions": {
      "category": "graphql"
    },
    "locations": [
      {
        "line": 3,
        "column": 47
      }
    ]
  }
]
[2026-08-30 08:54:06] WARN: P&W API errors: [
  {
    "message": "Unknown argument \"orderby\" on field \"warattacks\" of type \"Query\". Did you mean \"orderBy\"?",
    "extensions": {
      "category": "graphql"
    },
    "locations": [
      {
        "line": 2,
        "column": 54
      }
    ]
  },
  {
    "message": "Cannot query field \"att_nation_name\" on type \"WarAttack\".",
    "extensions": {
      "category": "graphql"
    },
    "locations": [
      {
        "line": 3,
        "column": 31
      }
    ]
  },
  {
    "message": "Cannot query field \"def_nation_name\" on type \"WarAttack\".",
    "extensions": {
      "category": "graphql"
    },
    "locations": [
      {
        "line": 3,
        "column": 47
      }
    ]
  }
]
[2026-08-30 08:54:06] WARN: P&W API errors: [
  {
    "message": "Unknown argument \"orderby\" on field \"warattacks\" of type \"Query\". Did you mean \"orderBy\"?",
    "extensions": {
      "category": "graphql"
    },
    "locations": [
      {
        "line": 2,
        "column": 54
      }
    ]
  },
  {
    "message": "Cannot query field \"att_nation_name\" on type \"WarAttack\".",
    "extensions": {
      "category": "graphql"
    },
    "locations": [
      {
        "line": 3,
        "column": 31
      }
    ]
  },
  {
    "message": "Cannot query field \"def_nation_name\" on type \"WarAttack\".",
    "extensions": {
      "category": "graphql"
    },
    "locations": [
      {
        "line": 3,
        "column": 47
      }
    ]
  }
]
[2026-08-30 08:54:07] WARN: P&W API errors: [
  {
    "message": "Unknown argument \"orderby\" on field \"warattacks\" of type \"Query\". Did you mean \"orderBy\"?",
    "extensions": {
      "category": "graphql"
    },
    "locations": [
      {
        "line": 2,
        "column": 54
      }
    ]
  },
  {
    "message": "Cannot query field \"att_nation_name\" on type \"WarAttack\".",
    "extensions": {
      "category": "graphql"
    },
    "locations": [
      {
        "line": 3,
        "column": 31
      }
    ]
  },
  {
    "message": "Cannot query field \"def_nation_name\" on type \"WarAttack\".",
    "extensions": {
      "category": "graphql"
    },
    "locations": [
      {
        "line": 3,
        "column": 47
      }
    ]
  }
]
[2026-08-30 08:54:07] WARN: P&W API errors: [
  {
    "message": "Unknown argument \"orderby\" on field \"warattacks\" of type \"Query\". Did you mean \"orderBy\"?",
    "extensions": {
      "category": "graphql"
    },
    "locations": [
      {
        "line": 2,
        "column": 54
      }
    ]
  },
  {
    "message": "Cannot query field \"att_nation_name\" on type \"WarAttack\".",
    "extensions": {
      "category": "graphql"
    },
    "locations": [
      {
        "line": 3,
        "column": 31
      }
    ]
  },
  {
    "message": "Cannot query field \"def_nation_name\" on type \"WarAttack\".",
    "extensions": {
      "category": "graphql"
    },
    "locations": [
      {
        "line": 3,
        "column": 47
      }
    ]
  }
]
[2026-08-30 08:54:07] WARN: P&W API errors: [
  {
    "message": "Unknown argument \"orderby\" on field \"warattacks\" of type \"Query\". Did you mean \"orderBy\"?",
    "extensions": {
      "category": "graphql"
    },
    "locations": [
      {
        "line": 2,
        "column": 54
      }
    ]
  },
  {
    "message": "Cannot query field \"att_nation_name\" on type \"WarAttack\".",
    "extensions": {
      "category": "graphql"
    },
    "locations": [
      {
        "line": 3,
        "column": 31
      }
    ]
  },
  {
    "message": "Cannot query field \"def_nation_name\" on type \"WarAttack\".",
    "extensions": {
      "category": "graphql"
    },
    "locations": [
      {
        "line": 3,
        "column": 47
      }
    ]
  }
]
[2026-08-30 08:54:08] WARN: P&W API errors: [
  {
    "message": "Unknown argument \"orderby\" on field \"warattacks\" of type \"Query\". Did you mean \"orderBy\"?",
    "extensions": {
      "category": "graphql"
    },
    "locations": [
      {
        "line": 2,
        "column": 54
      }
    ]
  },
  {
    "message": "Cannot query field \"att_nation_name\" on type \"WarAttack\".",
    "extensions": {
      "category": "graphql"
    },
    "locations": [
      {
        "line": 3,
        "column": 31
      }
    ]
  },
  {
    "message": "Cannot query field \"def_nation_name\" on type \"WarAttack\".",
    "extensions": {
      "category": "graphql"
    },
    "locations": [
      {
        "line": 3,
        "column": 47
      }
    ]
  }
]
[2026-08-30 08:54:08] WARN: P&W API errors: [
  {
    "message": "Unknown argument \"orderby\" on field \"warattacks\" of type \"Query\". Did you mean \"orderBy\"?",
    "extensions": {
      "category": "graphql"
    },
    "locations": [
      {
        "line": 2,
        "column": 54
      }
    ]
  },
  {
    "message": "Cannot query field \"att_nation_name\" on type \"WarAttack\".",
    "extensions": {
      "category": "graphql"
    },
    "locations": [
      {
        "line": 3,
        "column": 31
      }
    ]
  },
  {
    "message": "Cannot query field \"def_nation_name\" on type \"WarAttack\".",
    "extensions": {
      "category": "graphql"
    },
    "locations": [
      {
        "line": 3,
        "column": 47
      }
    ]
  }
]
[2026-08-30 08:54:08] WARN: P&W API errors: [
  {
    "message": "Unknown argument \"orderby\" on field \"warattacks\" of type \"Query\". Did you mean \"orderBy\"?",
    "extensions": {
      "category": "graphql"
    },
    "locations": [
      {
        "line": 2,
        "column": 54
      }
    ]
  },
  {
    "message": "Cannot query field \"att_nation_name\" on type \"WarAttack\".",
    "extensions": {
      "category": "graphql"
    },
    "locations": [
      {
        "line": 3,
        "column": 31
      }
    ]
  },
  {
    "message": "Cannot query field \"def_nation_name\" on type \"WarAttack\".",
    "extensions": {
      "category": "graphql"
    },
    "locations": [
      {
        "line": 3,
        "column": 47
      }
    ]
  }
]
[2026-08-30 08:54:09] WARN: P&W API errors: [
  {
    "message": "Unknown argument \"orderby\" on field \"warattacks\" of type \"Query\". Did you mean \"orderBy\"?",
    "extensions": {
      "category": "graphql"
    },
    "locations": [
      {
        "line": 2,
        "column": 54
      }
    ]
  },
  {
    "message": "Cannot query field \"att_nation_name\" on type \"WarAttack\".",
    "extensions": {
      "category": "graphql"
    },
    "locations": [
      {
        "line": 3,
        "column": 31
      }
    ]
  },
  {
    "message": "Cannot query field \"def_nation_name\" on type \"WarAttack\".",
    "extensions": {
      "category": "graphql"
    },
    "locations": [
      {
        "line": 3,
        "column": 47
      }
    ]
  }
]
[2026-08-30 08:54:09] WARN: P&W API errors: [
  {
    "message": "Unknown argument \"orderby\" on field \"warattacks\" of type \"Query\". Did you mean \"orderBy\"?",
    "extensions": {
      "category": "graphql"
    },
    "locations": [
      {
        "line": 2,
        "column": 54
      }
    ]
  },
  {
    "message": "Cannot query field \"att_nation_name\" on type \"WarAttack\".",
    "extensions": {
      "category": "graphql"
    },
    "locations": [
      {
        "line": 3,
        "column": 31
      }
    ]
  },
  {
    "message": "Cannot query field \"def_nation_name\" on type \"WarAttack\".",
    "extensions": {
      "category": "graphql"
    },
    "locations": [
      {
        "line": 3,
        "column": 47
      }
    ]
  }
]
[2026-08-30 08:55:00] DEBUG: ⏰ Running beige check...
[2026-08-30 08:55:00] DEBUG: Running beige exit check...
[2026-08-30 08:55:03] DEBUG: Beige: 121 total, 13 in beige
[2026-08-30 08:55:04] DEBUG: Beige check guild 1394283356459503737: 13 in beige, intervals: 60,30,15,5
[2026-08-30 08:55:04] DEBUG:   Ubermericus: 3120min remaining
[2026-08-30 08:55:04] DEBUG:   Mithrados: 3960min remaining
[2026-08-30 08:55:04] DEBUG:   Shadow Empire 1: 3000min remaining
[2026-08-30 08:55:04] DEBUG:   Saltana: 960min remaining
[2026-08-30 08:55:04] DEBUG:   United Kingdoms of bobia: 1920min remaining
[2026-08-30 08:55:04] DEBUG:   Respublik ow Wehlen: 5040min remaining
[2026-08-30 08:55:04] DEBUG:   Great Sheddy: 840min remaining
[2026-08-30 08:55:04] DEBUG:   Seraphid Empire: 720min remaining
[2026-08-30 08:55:04] DEBUG:   United Afrikaan Republic: 3720min remaining
[2026-08-30 08:55:04] DEBUG:   The Null: 12600min remaining
[2026-08-30 08:55:04] DEBUG:   Independent Kwelder Republic: 12840min remaining
[2026-08-30 08:55:04] DEBUG:   Svea Imperie: 13680min remaining
[2026-08-30 08:55:04] DEBUG:   IDONTKNOWLEAVEMEALONE: 15360min remaining
[2026-08-30 08:56:01] WARN: P&W API errors: [
  {
    "message": "Unknown argument \"orderby\" on field \"warattacks\" of type \"Query\". Did you mean \"orderBy\"?",
    "extensions": {
      "category": "graphql"
    },
    "locations": [
      {
        "line": 2,
        "column": 54
      }
    ]
  },
  {
    "message": "Cannot query field \"att_nation_name\" on type \"WarAttack\".",
    "extensions": {
      "category": "graphql"
    },
    "locations": [
      {
        "line": 3,
        "column": 31
      }
    ]
  },
  {
    "message": "Cannot query field \"def_nation_name\" on type \"WarAttack\".",
    "extensions": {
      "category": "graphql"
    },
    "locations": [
      {
        "line": 3,
        "column": 47
      }
    ]
  }
]
[2026-08-30 08:56:01] WARN: P&W API errors: [
  {
    "message": "Unknown argument \"orderby\" on field \"warattacks\" of type \"Query\". Did you mean \"orderBy\"?",
    "extensions": {
      "category": "graphql"
    },
    "locations": [
      {
        "line": 2,
        "column": 54
      }
    ]
  },
  {
    "message": "Cannot query field \"att_nation_name\" on type \"WarAttack\".",
    "extensions": {
      "category": "graphql"
    },
    "locations": [
      {
        "line": 3,
        "column": 31
      }
    ]
  },
  {
    "message": "Cannot query field \"def_nation_name\" on type \"WarAttack\".",
    "extensions": {
      "category": "graphql"
    },
    "locations": [
      {
        "line": 3,
        "column": 47
      }
    ]
  }
]
[2026-08-30 08:56:02] WARN: P&W API errors: [
  {
    "message": "Unknown argument \"orderby\" on field \"warattacks\" of type \"Query\". Did you mean \"orderBy\"?",
    "extensions": {
      "category": "graphql"
    },
    "locations": [
      {
        "line": 2,
        "column": 54
      }
    ]
  },
  {
    "message": "Cannot query field \"att_nation_name\" on type \"WarAttack\".",
    "extensions": {
      "category": "graphql"
    },
    "locations": [
      {
        "line": 3,
        "column": 31
      }
    ]
  },
  {
    "message": "Cannot query field \"def_nation_name\" on type \"WarAttack\".",
    "extensions": {
      "category": "graphql"
    },
    "locations": [
      {
        "line": 3,
        "column": 47
      }
    ]
  }
]
[2026-08-30 08:56:03] WARN: P&W API errors: [
  {
    "message": "Unknown argument \"orderby\" on field \"warattacks\" of type \"Query\". Did you mean \"orderBy\"?",
    "extensions": {
      "category": "graphql"
    },
    "locations": [
      {
        "line": 2,
        "column": 54
      }
    ]
  },
  {
    "message": "Cannot query field \"att_nation_name\" on type \"WarAttack\".",
    "extensions": {
      "category": "graphql"
    },
    "locations": [
      {
        "line": 3,
        "column": 31
      }
    ]
  },
  {
    "message": "Cannot query field \"def_nation_name\" on type \"WarAttack\".",
    "extensions": {
      "category": "graphql"
    },
    "locations": [
      {
        "line": 3,
        "column": 47
      }
    ]
  }
]
[2026-08-30 08:56:03] WARN: P&W API errors: [
  {
    "message": "Unknown argument \"orderby\" on field \"warattacks\" of type \"Query\". Did you mean \"orderBy\"?",
    "extensions": {
      "category": "graphql"
    },
    "locations": [
      {
        "line": 2,
        "column": 54
      }
    ]
  },
  {
    "message": "Cannot query field \"att_nation_name\" on type \"WarAttack\".",
    "extensions": {
      "category": "graphql"
    },
    "locations": [
      {
        "line": 3,
        "column": 31
      }
    ]
  },
  {
    "message": "Cannot query field \"def_nation_name\" on type \"WarAttack\".",
    "extensions": {
      "category": "graphql"
    },
    "locations": [
      {
        "line": 3,
        "column": 47
      }
    ]
  }
]
[2026-08-30 08:56:04] WARN: P&W API errors: [
  {
    "message": "Unknown argument \"orderby\" on field \"warattacks\" of type \"Query\". Did you mean \"orderBy\"?",
    "extensions": {
      "category": "graphql"
    },
    "locations": [
      {
        "line": 2,
        "column": 54
      }
    ]
  },
  {
    "message": "Cannot query field \"att_nation_name\" on type \"WarAttack\".",
    "extensions": {
      "category": "graphql"
    },
    "locations": [
      {
        "line": 3,
        "column": 31
      }
    ]
  },
  {
    "message": "Cannot query field \"def_nation_name\" on type \"WarAttack\".",
    "extensions": {
      "category": "graphql"
    },
    "locations": [
      {
        "line": 3,
        "column": 47
      }
    ]
  }
]
[2026-08-30 08:56:04] WARN: P&W API errors: [
  {
    "message": "Unknown argument \"orderby\" on field \"warattacks\" of type \"Query\". Did you mean \"orderBy\"?",
    "extensions": {
      "category": "graphql"
    },
    "locations": [
      {
        "line": 2,
        "column": 54
      }
    ]
  },
  {
    "message": "Cannot query field \"att_nation_name\" on type \"WarAttack\".",
    "extensions": {
      "category": "graphql"
    },
    "locations": [
      {
        "line": 3,
        "column": 31
      }
    ]
  },
  {
    "message": "Cannot query field \"def_nation_name\" on type \"WarAttack\".",
    "extensions": {
      "category": "graphql"
    },
    "locations": [
      {
        "line": 3,
        "column": 47
      }
    ]
  }
]
[2026-08-30 08:56:05] WARN: P&W API errors: [
  {
    "message": "Unknown argument \"orderby\" on field \"warattacks\" of type \"Query\". Did you mean \"orderBy\"?",
    "extensions": {
      "category": "graphql"
    },
    "locations": [
      {
        "line": 2,
        "column": 54
      }
    ]
  },
  {
    "message": "Cannot query field \"att_nation_name\" on type \"WarAttack\".",
    "extensions": {
      "category": "graphql"
    },
    "locations": [
      {
        "line": 3,
        "column": 31
      }
    ]
  },
  {
    "message": "Cannot query field \"def_nation_name\" on type \"WarAttack\".",
    "extensions": {
      "category": "graphql"
    },
    "locations": [
      {
        "line": 3,
        "column": 47
      }
    ]
  }
]
[2026-08-30 08:56:05] WARN: P&W API errors: [
  {
    "message": "Unknown argument \"orderby\" on field \"warattacks\" of type \"Query\". Did you mean \"orderBy\"?",
    "extensions": {
      "category": "graphql"
    },
    "locations": [
      {
        "line": 2,
        "column": 54
      }
    ]
  },
  {
    "message": "Cannot query field \"att_nation_name\" on type \"WarAttack\".",
    "extensions": {
      "category": "graphql"
    },
    "locations": [
      {
        "line": 3,
        "column": 31
      }
    ]
  },
  {
    "message": "Cannot query field \"def_nation_name\" on type \"WarAttack\".",
    "extensions": {
      "category": "graphql"
    },
    "locations": [
      {
        "line": 3,
        "column": 47
      }
    ]
  }
]
[2026-08-30 08:56:05] WARN: P&W API errors: [
  {
    "message": "Unknown argument \"orderby\" on field \"warattacks\" of type \"Query\". Did you mean \"orderBy\"?",
    "extensions": {
      "category": "graphql"
    },
    "locations": [
      {
        "line": 2,
        "column": 54
      }
    ]
  },
  {
    "message": "Cannot query field \"att_nation_name\" on type \"WarAttack\".",
    "extensions": {
      "category": "graphql"
    },
    "locations": [
      {
        "line": 3,
        "column": 31
      }
    ]
  },
  {
    "message": "Cannot query field \"def_nation_name\" on type \"WarAttack\".",
    "extensions": {
      "category": "graphql"
    },
    "locations": [
      {
        "line": 3,
        "column": 47
      }
    ]
  }
]
[2026-08-30 08:56:06] WARN: P&W API errors: [
  {
    "message": "Unknown argument \"orderby\" on field \"warattacks\" of type \"Query\". Did you mean \"orderBy\"?",
    "extensions": {
      "category": "graphql"
    },
    "locations": [
      {
        "line": 2,
        "column": 54
      }
    ]
  },
  {
    "message": "Cannot query field \"att_nation_name\" on type \"WarAttack\".",
    "extensions": {
      "category": "graphql"
    },
    "locations": [
      {
        "line": 3,
        "column": 31
      }
    ]
  },
  {
    "message": "Cannot query field \"def_nation_name\" on type \"WarAttack\".",
    "extensions": {
      "category": "graphql"
    },
    "locations": [
      {
        "line": 3,
        "column": 47
      }
    ]
  }
]
[2026-08-30 08:56:06] WARN: P&W API errors: [
  {
    "message": "Unknown argument \"orderby\" on field \"warattacks\" of type \"Query\". Did you mean \"orderBy\"?",
    "extensions": {
      "category": "graphql"
    },
    "locations": [
      {
        "line": 2,
        "column": 54
      }
    ]
  },
  {
    "message": "Cannot query field \"att_nation_name\" on type \"WarAttack\".",
    "extensions": {
      "category": "graphql"
    },
    "locations": [
      {
        "line": 3,
        "column": 31
      }
    ]
  },
  {
    "message": "Cannot query field \"def_nation_name\" on type \"WarAttack\".",
    "extensions": {
      "category": "graphql"
    },
    "locations": [
      {
        "line": 3,
        "column": 47
      }
    ]
  }
]
[2026-08-30 08:56:07] WARN: P&W API errors: [
  {
    "message": "Unknown argument \"orderby\" on field \"warattacks\" of type \"Query\". Did you mean \"orderBy\"?",
    "extensions": {
      "category": "graphql"
    },
    "locations": [
      {
        "line": 2,
        "column": 54
      }
    ]
  },
  {
    "message": "Cannot query field \"att_nation_name\" on type \"WarAttack\".",
    "extensions": {
      "category": "graphql"
    },
    "locations": [
      {
        "line": 3,
        "column": 31
      }
    ]
  },
  {
    "message": "Cannot query field \"def_nation_name\" on type \"WarAttack\".",
    "extensions": {
      "category": "graphql"
    },
    "locations": [
      {
        "line": 3,
        "column": 47
      }
    ]
  }
]
[2026-08-30 08:56:07] WARN: P&W API errors: [
  {
    "message": "Unknown argument \"orderby\" on field \"warattacks\" of type \"Query\". Did you mean \"orderBy\"?",
    "extensions": {
      "category": "graphql"
    },
    "locations": [
      {
        "line": 2,
        "column": 54
      }
    ]
  },
  {
    "message": "Cannot query field \"att_nation_name\" on type \"WarAttack\".",
    "extensions": {
      "category": "graphql"
    },
    "locations": [
      {
        "line": 3,
        "column": 31
      }
    ]
  },
  {
    "message": "Cannot query field \"def_nation_name\" on type \"WarAttack\".",
    "extensions": {
      "category": "graphql"
    },
    "locations": [
      {
        "line": 3,
        "column": 47
      }
    ]
  }
]
[2026-08-30 08:56:07] WARN: P&W API errors: [
  {
    "message": "Unknown argument \"orderby\" on field \"warattacks\" of type \"Query\". Did you mean \"orderBy\"?",
    "extensions": {
      "category": "graphql"
    },
    "locations": [
      {
        "line": 2,
        "column": 54
      }
    ]
  },
  {
    "message": "Cannot query field \"att_nation_name\" on type \"WarAttack\".",
    "extensions": {
      "category": "graphql"
    },
    "locations": [
      {
        "line": 3,
        "column": 31
      }
    ]
  },
  {
    "message": "Cannot query field \"def_nation_name\" on type \"WarAttack\".",
    "extensions": {
      "category": "graphql"
    },
    "locations": [
      {
        "line": 3,
        "column": 47
      }
    ]
  }
]
[2026-08-30 08:56:08] WARN: P&W API errors: [
  {
    "message": "Unknown argument \"orderby\" on field \"warattacks\" of type \"Query\". Did you mean \"orderBy\"?",
    "extensions": {
      "category": "graphql"
    },
    "locations": [
      {
        "line": 2,
        "column": 54
      }
    ]
  },
  {
    "message": "Cannot query field \"att_nation_name\" on type \"WarAttack\".",
    "extensions": {
      "category": "graphql"
    },
    "locations": [
      {
        "line": 3,
        "column": 31
      }
    ]
  },
  {
    "message": "Cannot query field \"def_nation_name\" on type \"WarAttack\".",
    "extensions": {
      "category": "graphql"
    },
    "locations": [
      {
        "line": 3,
        "column": 47
      }
    ]
  }
]
[2026-08-30 08:56:08] WARN: P&W API errors: [
  {
    "message": "Unknown argument \"orderby\" on field \"warattacks\" of type \"Query\". Did you mean \"orderBy\"?",
    "extensions": {
      "category": "graphql"
    },
    "locations": [
      {
        "line": 2,
        "column": 54
      }
    ]
  },
  {
    "message": "Cannot query field \"att_nation_name\" on type \"WarAttack\".",
    "extensions": {
      "category": "graphql"
    },
    "locations": [
      {
        "line": 3,
        "column": 31
      }
    ]
  },
  {
    "message": "Cannot query field \"def_nation_name\" on type \"WarAttack\".",
    "extensions": {
      "category": "graphql"
    },
    "locations": [
      {
        "line": 3,
        "column": 47
      }
    ]
  }
]
[2026-08-30 08:56:08] WARN: P&W API errors: [
  {
    "message": "Unknown argument \"orderby\" on field \"warattacks\" of type \"Query\". Did you mean \"orderBy\"?",
    "extensions": {
      "category": "graphql"
    },
    "locations": [
      {
        "line": 2,
        "column": 54
      }
    ]
  },
  {
    "message": "Cannot query field \"att_nation_name\" on type \"WarAttack\".",
    "extensions": {
      "category": "graphql"
    },
    "locations": [
      {
        "line": 3,
        "column": 31
      }
    ]
  },
  {
    "message": "Cannot query field \"def_nation_name\" on type \"WarAttack\".",
    "extensions": {
      "category": "graphql"
    },
    "locations": [
      {
        "line": 3,
        "column": 47
      }
    ]
  }
]
[2026-08-30 08:56:09] WARN: P&W API errors: [
  {
    "message": "Unknown argument \"orderby\" on field \"warattacks\" of type \"Query\". Did you mean \"orderBy\"?",
    "extensions": {
      "category": "graphql"
    },
    "locations": [
      {
        "line": 2,
        "column": 54
      }
    ]
  },
  {
    "message": "Cannot query field \"att_nation_name\" on type \"WarAttack\".",
    "extensions": {
      "category": "graphql"
    },
    "locations": [
      {
        "line": 3,
        "column": 31
      }
    ]
  },
  {
    "message": "Cannot query field \"def_nation_name\" on type \"WarAttack\".",
    "extensions": {
      "category": "graphql"
    },
    "locations": [
      {
        "line": 3,
        "column": 47
      }
    ]
  }
]
[2026-08-30 08:56:09] WARN: P&W API errors: [
  {
    "message": "Unknown argument \"orderby\" on field \"warattacks\" of type \"Query\". Did you mean \"orderBy\"?",
    "extensions": {
      "category": "graphql"
    },
    "locations": [
      {
        "line": 2,
        "column": 54
      }
    ]
  },
  {
    "message": "Cannot query field \"att_nation_name\" on type \"WarAttack\".",
    "extensions": {
      "category": "graphql"
    },
    "locations": [
      {
        "line": 3,
        "column": 31
      }
    ]
  },
  {
    "message": "Cannot query field \"def_nation_name\" on type \"WarAttack\".",
    "extensions": {
      "category": "graphql"
    },
    "locations": [
      {
        "line": 3,
        "column": 47
      }
    ]
  }
]
[2026-08-30 08:56:09] WARN: P&W API errors: [
  {
    "message": "Unknown argument \"orderby\" on field \"warattacks\" of type \"Query\". Did you mean \"orderBy\"?",
    "extensions": {
      "category": "graphql"
    },
    "locations": [
      {
        "line": 2,
        "column": 54
      }
    ]
  },
  {
    "message": "Cannot query field \"att_nation_name\" on type \"WarAttack\".",
    "extensions": {
      "category": "graphql"
    },
    "locations": [
      {
        "line": 3,
        "column": 31
      }
    ]
  },
  {
    "message": "Cannot query field \"def_nation_name\" on type \"WarAttack\".",
    "extensions": {
      "category": "graphql"
    },
    "locations": [
      {
        "line": 3,
        "column": 47
      }
    ]
  }
]
[2026-08-30 08:56:10] WARN: P&W API errors: [
  {
    "message": "Unknown argument \"orderby\" on field \"warattacks\" of type \"Query\". Did you mean \"orderBy\"?",
    "extensions": {
      "category": "graphql"
    },
    "locations": [
      {
        "line": 2,
        "column": 54
      }
    ]
  },
  {
    "message": "Cannot query field \"att_nation_name\" on type \"WarAttack\".",
    "extensions": {
      "category": "graphql"
    },
    "locations": [
      {
        "line": 3,
        "column": 31
      }
    ]
  },
  {
    "message": "Cannot query field \"def_nation_name\" on type \"WarAttack\".",
    "extensions": {
      "category": "graphql"
    },
    "locations": [
      {
        "line": 3,
        "column": 47
      }
    ]
  }
]
[2026-08-30 08:56:10] WARN: P&W API errors: [
  {
    "message": "Unknown argument \"orderby\" on field \"warattacks\" of type \"Query\". Did you mean \"orderBy\"?",
    "extensions": {
      "category": "graphql"
    },
    "locations": [
      {
        "line": 2,
        "column": 54
      }
    ]
  },
  {
    "message": "Cannot query field \"att_nation_name\" on type \"WarAttack\".",
    "extensions": {
      "category": "graphql"
    },
    "locations": [
      {
        "line": 3,
        "column": 31
      }
    ]
  },
  {
    "message": "Cannot query field \"def_nation_name\" on type \"WarAttack\".",
    "extensions": {
      "category": "graphql"
    },
    "locations": [
      {
        "line": 3,
        "column": 47
      }
    ]
  }
]
[2026-08-30 08:56:10] WARN: P&W API errors: [
  {
    "message": "Unknown argument \"orderby\" on field \"warattacks\" of type \"Query\". Did you mean \"orderBy\"?",
    "extensions": {
      "category": "graphql"
    },
    "locations": [
      {
        "line": 2,
        "column": 54
      }
    ]
  },
  {
    "message": "Cannot query field \"att_nation_name\" on type \"WarAttack\".",
    "extensions": {
      "category": "graphql"
    },
    "locations": [
      {
        "line": 3,
        "column": 31
      }
    ]
  },
  {
    "message": "Cannot query field \"def_nation_name\" on type \"WarAttack\".",
    "extensions": {
      "category": "graphql"
    },
    "locations": [
      {
        "line": 3,
        "column": 47
      }
    ]
  }
]
[2026-08-30 08:57:00] DEBUG: 🚫 Checking DNR violations...
[2026-08-30 08:57:02] DEBUG: Alliance 14124: 67 total nations, 51 actual members, 16 applicants excluded
[2026-08-30 08:58:00] WARN: P&W API errors: [
  {
    "message": "Unknown argument \"orderby\" on field \"warattacks\" of type \"Query\". Did you mean \"orderBy\"?",
    "extensions": {
      "category": "graphql"
    },
    "locations": [
      {
        "line": 2,
        "column": 54
      }
    ]
  },
  {
    "message": "Cannot query field \"att_nation_name\" on type \"WarAttack\".",
    "extensions": {
      "category": "graphql"
    },
    "locations": [
      {
        "line": 3,
        "column": 31
      }
    ]
  },
  {
    "message": "Cannot query field \"def_nation_name\" on type \"WarAttack\".",
    "extensions": {
      "category": "graphql"
    },
    "locations": [
      {
        "line": 3,
        "column": 47
      }
    ]
  }
]
[2026-08-30 08:58:01] WARN: P&W API errors: [
  {
    "message": "Unknown argument \"orderby\" on field \"warattacks\" of type \"Query\". Did you mean \"orderBy\"?",
    "extensions": {
      "category": "graphql"
    },
    "locations": [
      {
        "line": 2,
        "column": 54
      }
    ]
  },
  {
    "message": "Cannot query field \"att_nation_name\" on type \"WarAttack\".",
    "extensions": {
      "category": "graphql"
    },
    "locations": [
      {
        "line": 3,
        "column": 31
      }
    ]
  },
  {
    "message": "Cannot query field \"def_nation_name\" on type \"WarAttack\".",
    "extensions": {
      "category": "graphql"
    },
    "locations": [
      {
        "line": 3,
        "column": 47
      }
    ]
  }
]
[2026-08-30 08:58:01] WARN: P&W API errors: [
  {
    "message": "Unknown argument \"orderby\" on field \"warattacks\" of type \"Query\". Did you mean \"orderBy\"?",
    "extensions": {
      "category": "graphql"
    },
    "locations": [
      {
        "line": 2,
        "column": 54
      }
    ]
  },
  {
    "message": "Cannot query field \"att_nation_name\" on type \"WarAttack\".",
    "extensions": {
      "category": "graphql"
    },
    "locations": [
      {
        "line": 3,
        "column": 31
      }
    ]
  },
  {
    "message": "Cannot query field \"def_nation_name\" on type \"WarAttack\".",
    "extensions": {
      "category": "graphql"
    },
    "locations": [
      {
        "line": 3,
        "column": 47
      }
    ]
  }
]
[2026-08-30 08:58:01] WARN: P&W API errors: [
  {
    "message": "Unknown argument \"orderby\" on field \"warattacks\" of type \"Query\". Did you mean \"orderBy\"?",
    "extensions": {
      "category": "graphql"
    },
    "locations": [
      {
        "line": 2,
        "column": 54
      }
    ]
  },
  {
    "message": "Cannot query field \"att_nation_name\" on type \"WarAttack\".",
    "extensions": {
      "category": "graphql"
    },
    "locations": [
      {
        "line": 3,
        "column": 31
      }
    ]
  },
  {
    "message": "Cannot query field \"def_nation_name\" on type \"WarAttack\".",
    "extensions": {
      "category": "graphql"
    },
    "locations": [
      {
        "line": 3,
        "column": 47
      }
    ]
  }
]
[2026-08-30 08:58:02] WARN: P&W API errors: [
  {
    "message": "Unknown argument \"orderby\" on field \"warattacks\" of type \"Query\". Did you mean \"orderBy\"?",
    "extensions": {
      "category": "graphql"
    },
    "locations": [
      {
        "line": 2,
        "column": 54
      }
    ]
  },
  {
    "message": "Cannot query field \"att_nation_name\" on type \"WarAttack\".",
    "extensions": {
      "category": "graphql"
    },
    "locations": [
      {
        "line": 3,
        "column": 31
      }
    ]
  },
  {
    "message": "Cannot query field \"def_nation_name\" on type \"WarAttack\".",
    "extensions": {
      "category": "graphql"
    },
    "locations": [
      {
        "line": 3,
        "column": 47
      }
    ]
  }
]
[2026-08-30 08:58:03] WARN: P&W API errors: [
  {
    "message": "Unknown argument \"orderby\" on field \"warattacks\" of type \"Query\". Did you mean \"orderBy\"?",
    "extensions": {
      "category": "graphql"
    },
    "locations": [
      {
        "line": 2,
        "column": 54
      }
    ]
  },
  {
    "message": "Cannot query field \"att_nation_name\" on type \"WarAttack\".",
    "extensions": {
      "category": "graphql"
    },
    "locations": [
      {
        "line": 3,
        "column": 31
      }
    ]
  },
  {
    "message": "Cannot query field \"def_nation_name\" on type \"WarAttack\".",
    "extensions": {
      "category": "graphql"
    },
    "locations": [
      {
        "line": 3,
        "column": 47
      }
    ]
  }
]
[2026-08-30 08:58:04] WARN: P&W API errors: [
  {
    "message": "Unknown argument \"orderby\" on field \"warattacks\" of type \"Query\". Did you mean \"orderBy\"?",
    "extensions": {
      "category": "graphql"
    },
    "locations": [
      {
        "line": 2,
        "column": 54
      }
    ]
  },
  {
    "message": "Cannot query field \"att_nation_name\" on type \"WarAttack\".",
    "extensions": {
      "category": "graphql"
    },
    "locations": [
      {
        "line": 3,
        "column": 31
      }
    ]
  },
  {
    "message": "Cannot query field \"def_nation_name\" on type \"WarAttack\".",
    "extensions": {
      "category": "graphql"
    },
    "locations": [
      {
        "line": 3,
        "column": 47
      }
    ]
  }
]
[2026-08-30 08:58:04] WARN: P&W API errors: [
  {
    "message": "Unknown argument \"orderby\" on field \"warattacks\" of type \"Query\". Did you mean \"orderBy\"?",
    "extensions": {
      "category": "graphql"
    },
    "locations": [
      {
        "line": 2,
        "column": 54
      }
    ]
  },
  {
    "message": "Cannot query field \"att_nation_name\" on type \"WarAttack\".",
    "extensions": {
      "category": "graphql"
    },
    "locations": [
      {
        "line": 3,
        "column": 31
      }
    ]
  },
  {
    "message": "Cannot query field \"def_nation_name\" on type \"WarAttack\".",
    "extensions": {
      "category": "graphql"
    },
    "locations": [
      {
        "line": 3,
        "column": 47
      }
    ]
  }
]
[2026-08-30 08:58:05] WARN: P&W API errors: [
  {
    "message": "Unknown argument \"orderby\" on field \"warattacks\" of type \"Query\". Did you mean \"orderBy\"?",
    "extensions": {
      "category": "graphql"
    },
    "locations": [
      {
        "line": 2,
        "column": 54
      }
    ]
  },
  {
    "message": "Cannot query field \"att_nation_name\" on type \"WarAttack\".",
    "extensions": {
      "category": "graphql"
    },
    "locations": [
      {
        "line": 3,
        "column": 31
      }
    ]
  },
  {
    "message": "Cannot query field \"def_nation_name\" on type \"WarAttack\".",
    "extensions": {
      "category": "graphql"
    },
    "locations": [
      {
        "line": 3,
        "column": 47
      }
    ]
  }
]
[2026-08-30 08:58:05] WARN: P&W API errors: [
  {
    "message": "Unknown argument \"orderby\" on field \"warattacks\" of type \"Query\". Did you mean \"orderBy\"?",
    "extensions": {
      "category": "graphql"
    },
    "locations": [
      {
        "line": 2,
        "column": 54
      }
    ]
  },
  {
    "message": "Cannot query field \"att_nation_name\" on type \"WarAttack\".",
    "extensions": {
      "category": "graphql"
    },
    "locations": [
      {
        "line": 3,
        "column": 31
      }
    ]
  },
  {
    "message": "Cannot query field \"def_nation_name\" on type \"WarAttack\".",
    "extensions": {
      "category": "graphql"
    },
    "locations": [
      {
        "line": 3,
        "column": 47
      }
    ]
  }
]
[2026-08-30 08:58:05] WARN: P&W API errors: [
  {
    "message": "Unknown argument \"orderby\" on field \"warattacks\" of type \"Query\". Did you mean \"orderBy\"?",
    "extensions": {
      "category": "graphql"
    },
    "locations": [
      {
        "line": 2,
        "column": 54
      }
    ]
  },
  {
    "message": "Cannot query field \"att_nation_name\" on type \"WarAttack\".",
    "extensions": {
      "category": "graphql"
    },
    "locations": [
      {
        "line": 3,
        "column": 31
      }
    ]
  },
  {
    "message": "Cannot query field \"def_nation_name\" on type \"WarAttack\".",
    "extensions": {
      "category": "graphql"
    },
    "locations": [
      {
        "line": 3,
        "column": 47
      }
    ]
  }
]
[2026-08-30 08:58:06] WARN: P&W API errors: [
  {
    "message": "Unknown argument \"orderby\" on field \"warattacks\" of type \"Query\". Did you mean \"orderBy\"?",
    "extensions": {
      "category": "graphql"
    },
    "locations": [
      {
        "line": 2,
        "column": 54
      }
    ]
  },
  {
    "message": "Cannot query field \"att_nation_name\" on type \"WarAttack\".",
    "extensions": {
      "category": "graphql"
    },
    "locations": [
      {
        "line": 3,
        "column": 31
      }
    ]
  },
  {
    "message": "Cannot query field \"def_nation_name\" on type \"WarAttack\".",
    "extensions": {
      "category": "graphql"
    },
    "locations": [
      {
        "line": 3,
        "column": 47
      }
    ]
  }
]
[2026-08-30 08:58:06] WARN: P&W API errors: [
  {
    "message": "Unknown argument \"orderby\" on field \"warattacks\" of type \"Query\". Did you mean \"orderBy\"?",
    "extensions": {
      "category": "graphql"
    },
    "locations": [
      {
        "line": 2,
        "column": 54
      }
    ]
  },
  {
    "message": "Cannot query field \"att_nation_name\" on type \"WarAttack\".",
    "extensions": {
      "category": "graphql"
    },
    "locations": [
      {
        "line": 3,
        "column": 31
      }
    ]
  },
  {
    "message": "Cannot query field \"def_nation_name\" on type \"WarAttack\".",
    "extensions": {
      "category": "graphql"
    },
    "locations": [
      {
        "line": 3,
        "column": 47
      }
    ]
  }
]
[2026-08-30 08:58:07] WARN: P&W API errors: [
  {
    "message": "Unknown argument \"orderby\" on field \"warattacks\" of type \"Query\". Did you mean \"orderBy\"?",
    "extensions": {
      "category": "graphql"
    },
    "locations": [
      {
        "line": 2,
        "column": 54
      }
    ]
  },
  {
    "message": "Cannot query field \"att_nation_name\" on type \"WarAttack\".",
    "extensions": {
      "category": "graphql"
    },
    "locations": [
      {
        "line": 3,
        "column": 31
      }
    ]
  },
  {
    "message": "Cannot query field \"def_nation_name\" on type \"WarAttack\".",
    "extensions": {
      "category": "graphql"
    },
    "locations": [
      {
        "line": 3,
        "column": 47
      }
    ]
  }
]
[2026-08-30 08:58:07] WARN: P&W API errors: [
  {
    "message": "Unknown argument \"orderby\" on field \"warattacks\" of type \"Query\". Did you mean \"orderBy\"?",
    "extensions": {
      "category": "graphql"
    },
    "locations": [
      {
        "line": 2,
        "column": 54
      }
    ]
  },
  {
    "message": "Cannot query field \"att_nation_name\" on type \"WarAttack\".",
    "extensions": {
      "category": "graphql"
    },
    "locations": [
      {
        "line": 3,
        "column": 31
      }
    ]
  },
  {
    "message": "Cannot query field \"def_nation_name\" on type \"WarAttack\".",
    "extensions": {
      "category": "graphql"
    },
    "locations": [
      {
        "line": 3,
        "column": 47
      }
    ]
  }
]
[2026-08-30 08:58:08] WARN: P&W API errors: [
  {
    "message": "Unknown argument \"orderby\" on field \"warattacks\" of type \"Query\". Did you mean \"orderBy\"?",
    "extensions": {
      "category": "graphql"
    },
    "locations": [
      {
        "line": 2,
        "column": 54
      }
    ]
  },
  {
    "message": "Cannot query field \"att_nation_name\" on type \"WarAttack\".",
    "extensions": {
      "category": "graphql"
    },
    "locations": [
      {
        "line": 3,
        "column": 31
      }
    ]
  },
  {
    "message": "Cannot query field \"def_nation_name\" on type \"WarAttack\".",
    "extensions": {
      "category": "graphql"
    },
    "locations": [
      {
        "line": 3,
        "column": 47
      }
    ]
  }
]
[2026-08-30 08:58:08] WARN: P&W API errors: [
  {
    "message": "Unknown argument \"orderby\" on field \"warattacks\" of type \"Query\". Did you mean \"orderBy\"?",
    "extensions": {
      "category": "graphql"
    },
    "locations": [
      {
        "line": 2,
        "column": 54
      }
    ]
  },
  {
    "message": "Cannot query field \"att_nation_name\" on type \"WarAttack\".",
    "extensions": {
      "category": "graphql"
    },
    "locations": [
      {
        "line": 3,
        "column": 31
      }
    ]
  },
  {
    "message": "Cannot query field \"def_nation_name\" on type \"WarAttack\".",
    "extensions": {
      "category": "graphql"
    },
    "locations": [
      {
        "line": 3,
        "column": 47
      }
    ]
  }
]
[2026-08-30 08:58:08] WARN: P&W API errors: [
  {
    "message": "Unknown argument \"orderby\" on field \"warattacks\" of type \"Query\". Did you mean \"orderBy\"?",
    "extensions": {
      "category": "graphql"
    },
    "locations": [
      {
        "line": 2,
        "column": 54
      }
    ]
  },
  {
    "message": "Cannot query field \"att_nation_name\" on type \"WarAttack\".",
    "extensions": {
      "category": "graphql"
    },
    "locations": [
      {
        "line": 3,
        "column": 31
      }
    ]
  },
  {
    "message": "Cannot query field \"def_nation_name\" on type \"WarAttack\".",
    "extensions": {
      "category": "graphql"
    },
    "locations": [
      {
        "line": 3,
        "column": 47
      }
    ]
  }
]
[2026-08-30 08:58:09] WARN: P&W API errors: [
  {
    "message": "Unknown argument \"orderby\" on field \"warattacks\" of type \"Query\". Did you mean \"orderBy\"?",
    "extensions": {
      "category": "graphql"
    },
    "locations": [
      {
        "line": 2,
        "column": 54
      }
    ]
  },
  {
    "message": "Cannot query field \"att_nation_name\" on type \"WarAttack\".",
    "extensions": {
      "category": "graphql"
    },
    "locations": [
      {
        "line": 3,
        "column": 31
      }
    ]
  },
  {
    "message": "Cannot query field \"def_nation_name\" on type \"WarAttack\".",
    "extensions": {
      "category": "graphql"
    },
    "locations": [
      {
        "line": 3,
        "column": 47
      }
    ]
  }
]
[2026-08-30 08:58:09] WARN: P&W API errors: [
  {
    "message": "Unknown argument \"orderby\" on field \"warattacks\" of type \"Query\". Did you mean \"orderBy\"?",
    "extensions": {
      "category": "graphql"
    },
    "locations": [
      {
        "line": 2,
        "column": 54
      }
    ]
  },
  {
    "message": "Cannot query field \"att_nation_name\" on type \"WarAttack\".",
    "extensions": {
      "category": "graphql"
    },
    "locations": [
      {
        "line": 3,
        "column": 31
      }
    ]
  },
  {
    "message": "Cannot query field \"def_nation_name\" on type \"WarAttack\".",
    "extensions": {
      "category": "graphql"
    },
    "locations": [
      {
        "line": 3,
        "column": 47
      }
    ]
  }
]
[2026-08-30 08:58:09] WARN: P&W API errors: [
  {
    "message": "Unknown argument \"orderby\" on field \"warattacks\" of type \"Query\". Did you mean \"orderBy\"?",
    "extensions": {
      "category": "graphql"
    },
    "locations": [
      {
        "line": 2,
        "column": 54
      }
    ]
  },
  {
    "message": "Cannot query field \"att_nation_name\" on type \"WarAttack\".",
    "extensions": {
      "category": "graphql"
    },
    "locations": [
      {
        "line": 3,
        "column": 31
      }
    ]
  },
  {
    "message": "Cannot query field \"def_nation_name\" on type \"WarAttack\".",
    "extensions": {
      "category": "graphql"
    },
    "locations": [
      {
        "line": 3,
        "column": 47
      }
    ]
  }
]
[2026-08-30 08:58:10] WARN: P&W API errors: [
  {
    "message": "Unknown argument \"orderby\" on field \"warattacks\" of type \"Query\". Did you mean \"orderBy\"?",
    "extensions": {
      "category": "graphql"
    },
    "locations": [
      {
        "line": 2,
        "column": 54
      }
    ]
  },
  {
    "message": "Cannot query field \"att_nation_name\" on type \"WarAttack\".",
    "extensions": {
      "category": "graphql"
    },
    "locations": [
      {
        "line": 3,
        "column": 31
      }
    ]
  },
  {
    "message": "Cannot query field \"def_nation_name\" on type \"WarAttack\".",
    "extensions": {
      "category": "graphql"
    },
    "locations": [
      {
        "line": 3,
        "column": 47
      }
    ]
  }
]
[2026-08-30 08:58:10] WARN: P&W API errors: [
  {
    "message": "Unknown argument \"orderby\" on field \"warattacks\" of type \"Query\". Did you mean \"orderBy\"?",
    "extensions": {
      "category": "graphql"
    },
    "locations": [
      {
        "line": 2,
        "column": 54
      }
    ]
  },
  {
    "message": "Cannot query field \"att_nation_name\" on type \"WarAttack\".",
    "extensions": {
      "category": "graphql"
    },
    "locations": [
      {
        "line": 3,
        "column": 31
      }
    ]
  },
  {
    "message": "Cannot query field \"def_nation_name\" on type \"WarAttack\".",
    "extensions": {
      "category": "graphql"
    },
    "locations": [
      {
        "line": 3,
        "column": 47
      }
    ]
  }
]
[2026-08-30 08:58:10] WARN: P&W API errors: [
  {
    "message": "Unknown argument \"orderby\" on field \"warattacks\" of type \"Query\". Did you mean \"orderBy\"?",
    "extensions": {
      "category": "graphql"
    },
    "locations": [
      {
        "line": 2,
        "column": 54
      }
    ]
  },
  {
    "message": "Cannot query field \"att_nation_name\" on type \"WarAttack\".",
    "extensions": {
      "category": "graphql"
    },
    "locations": [
      {
        "line": 3,
        "column": 31
      }
    ]
  },
  {
    "message": "Cannot query field \"def_nation_name\" on type \"WarAttack\".",
    "extensions": {
      "category": "graphql"
    },
    "locations": [
      {
        "line": 3,
        "column": 47
      }
    ]
  }
]
[2026-08-30 09:00:00] DEBUG: 🚫 Checking DNR violations...
[2026-08-30 09:00:00] DEBUG: ⏰ Running beige check...
[2026-08-30 09:00:00] DEBUG: Running beige exit check...
[2026-08-30 09:00:00] DEBUG: 🔍 Checking military changes...
[2026-08-30 09:00:00] DEBUG: 🏖️ Checking vacation mode changes...
[2026-08-30 09:00:00] DEBUG: ⏰ Checking war expiry...
[2026-08-30 09:00:01] WARN: P&W API errors: [
  {
    "message": "Unknown argument \"orderby\" on field \"warattacks\" of type \"Query\". Did you mean \"orderBy\"?",
    "extensions": {
      "category": "graphql"
    },
    "locations": [
      {
        "line": 2,
        "column": 54
      }
    ]
  },
  {
    "message": "Cannot query field \"att_nation_name\" on type \"WarAttack\".",
    "extensions": {
      "category": "graphql"
    },
    "locations": [
      {
        "line": 3,
        "column": 31
      }
    ]
  },
  {
    "message": "Cannot query field \"def_nation_name\" on type \"WarAttack\".",
    "extensions": {
      "category": "graphql"
    },
    "locations": [
      {
        "line": 3,
        "column": 47
      }
    ]
  }
]
[2026-08-30 09:00:02] WARN: P&W API errors: [
  {
    "message": "Unknown argument \"orderby\" on field \"warattacks\" of type \"Query\". Did you mean \"orderBy\"?",
    "extensions": {
      "category": "graphql"
    },
    "locations": [
      {
        "line": 2,
        "column": 54
      }
    ]
  },
  {
    "message": "Cannot query field \"att_nation_name\" on type \"WarAttack\".",
    "extensions": {
      "category": "graphql"
    },
    "locations": [
      {
        "line": 3,
        "column": 31
      }
    ]
  },
  {
    "message": "Cannot query field \"def_nation_name\" on type \"WarAttack\".",
    "extensions": {
      "category": "graphql"
    },
    "locations": [
      {
        "line": 3,
        "column": 47
      }
    ]
  }
]
[2026-08-30 09:00:03] DEBUG: Beige: 121 total, 13 in beige
[2026-08-30 09:00:03] DEBUG: Beige check guild 1394283356459503737: 13 in beige, intervals: 60,30,15,5
[2026-08-30 09:00:03] DEBUG:   Ubermericus: 3120min remaining
[2026-08-30 09:00:03] DEBUG:   Mithrados: 3960min remaining
[2026-08-30 09:00:03] DEBUG:   Shadow Empire 1: 3000min remaining
[2026-08-30 09:00:03] DEBUG:   Saltana: 960min remaining
[2026-08-30 09:00:03] DEBUG:   United Kingdoms of bobia: 1920min remaining
[2026-08-30 09:00:04] DEBUG:   Respublik ow Wehlen: 5040min remaining
[2026-08-30 09:00:04] DEBUG:   Great Sheddy: 840min remaining
[2026-08-30 09:00:04] DEBUG:   Seraphid Empire: 720min remaining
[2026-08-30 09:00:04] DEBUG:   United Afrikaan Republic: 3720min remaining
[2026-08-30 09:00:04] DEBUG:   The Null: 12600min remaining
[2026-08-30 09:00:04] DEBUG:   Independent Kwelder Republic: 12840min remaining
[2026-08-30 09:00:04] DEBUG:   Svea Imperie: 13680min remaining
[2026-08-30 09:00:04] DEBUG:   IDONTKNOWLEAVEMEALONE: 15360min remaining
[2026-08-30 09:00:04] WARN: P&W API errors: [
  {
    "message": "Unknown argument \"orderby\" on field \"warattacks\" of type \"Query\". Did you mean \"orderBy\"?",
    "extensions": {
      "category": "graphql"
    },
    "locations": [
      {
        "line": 2,
        "column": 54
      }
    ]
  },
  {
    "message": "Cannot query field \"att_nation_name\" on type \"WarAttack\".",
    "extensions": {
      "category": "graphql"
    },
    "locations": [
      {
        "line": 3,
        "column": 31
      }
    ]
  },
  {
    "message": "Cannot query field \"def_nation_name\" on type \"WarAttack\".",
    "extensions": {
      "category": "graphql"
    },
    "locations": [
      {
        "line": 3,
        "column": 47
      }
    ]
  }
]
[2026-08-30 09:00:04] INFO: Military change alert sent for nation 769741 in guild 1394283356459503737
[2026-08-30 09:00:04] WARN: P&W API errors: [
  {
    "message": "Unknown argument \"orderby\" on field \"warattacks\" of type \"Query\". Did you mean \"orderBy\"?",
    "extensions": {
      "category": "graphql"
    },
    "locations": [
      {
        "line": 2,
        "column": 54
      }
    ]
  },
  {
    "message": "Cannot query field \"att_nation_name\" on type \"WarAttack\".",
    "extensions": {
      "category": "graphql"
    },
    "locations": [
      {
        "line": 3,
        "column": 31
      }
    ]
  },
  {
    "message": "Cannot query field \"def_nation_name\" on type \"WarAttack\".",
    "extensions": {
      "category": "graphql"
    },
    "locations": [
      {
        "line": 3,
        "column": 47
      }
    ]
  }
]
[2026-08-30 09:00:05] WARN: P&W API errors: [
  {
    "message": "Unknown argument \"orderby\" on field \"warattacks\" of type \"Query\". Did you mean \"orderBy\"?",
    "extensions": {
      "category": "graphql"
    },
    "locations": [
      {
        "line": 2,
        "column": 54
      }
    ]
  },
  {
    "message": "Cannot query field \"att_nation_name\" on type \"WarAttack\".",
    "extensions": {
      "category": "graphql"
    },
    "locations": [
      {
        "line": 3,
        "column": 31
      }
    ]
  },
  {
    "message": "Cannot query field \"def_nation_name\" on type \"WarAttack\".",
    "extensions": {
      "category": "graphql"
    },
    "locations": [
      {
        "line": 3,
        "column": 47
      }
    ]
  }
]
[2026-08-30 09:00:05] INFO: Vacation alert: Basebendia entered vacation (guild 1394283356459503737)
[2026-08-30 09:00:07] INFO: Vacation alert: Baiyun entered vacation (guild 1394283356459503737)
[2026-08-30 09:00:07] WARN: P&W API errors: [
  {
    "message": "Unknown argument \"orderby\" on field \"warattacks\" of type \"Query\". Did you mean \"orderBy\"?",
    "extensions": {
      "category": "graphql"
    },
    "locations": [
      {
        "line": 2,
        "column": 54
      }
    ]
  },
  {
    "message": "Cannot query field \"att_nation_name\" on type \"WarAttack\".",
    "extensions": {
      "category": "graphql"
    },
    "locations": [
      {
        "line": 3,
        "column": 31
      }
    ]
  },
  {
    "message": "Cannot query field \"def_nation_name\" on type \"WarAttack\".",
    "extensions": {
      "category": "graphql"
    },
    "locations": [
      {
        "line": 3,
        "column": 47
      }
    ]
  }
]
[2026-08-30 09:00:08] INFO: Vacation alert: The Kingdom Of TITAN entered vacation (guild 1394283356459503737)
[2026-08-30 09:00:08] WARN: P&W API errors: [
  {
    "message": "Unknown argument \"orderby\" on field \"warattacks\" of type \"Query\". Did you mean \"orderBy\"?",
    "extensions": {
      "category": "graphql"
    },
    "locations": [
      {
        "line": 2,
        "column": 54
      }
    ]
  },
  {
    "message": "Cannot query field \"att_nation_name\" on type \"WarAttack\".",
    "extensions": {
      "category": "graphql"
    },
    "locations": [
      {
        "line": 3,
        "column": 31
      }
    ]
  },
  {
    "message": "Cannot query field \"def_nation_name\" on type \"WarAttack\".",
    "extensions": {
      "category": "graphql"
    },
    "locations": [
      {
        "line": 3,
        "column": 47
      }
    ]
  }
]
[2026-08-30 09:00:08] WARN: P&W API errors: [
  {
    "message": "Unknown argument \"orderby\" on field \"warattacks\" of type \"Query\". Did you mean \"orderBy\"?",
    "extensions": {
      "category": "graphql"
    },
    "locations": [
      {
        "line": 2,
        "column": 54
      }
    ]
  },
  {
    "message": "Cannot query field \"att_nation_name\" on type \"WarAttack\".",
    "extensions": {
      "category": "graphql"
    },
    "locations": [
      {
        "line": 3,
        "column": 31
      }
    ]
  },
  {
    "message": "Cannot query field \"def_nation_name\" on type \"WarAttack\".",
    "extensions": {
      "category": "graphql"
    },
    "locations": [
      {
        "line": 3,
        "column": 47
      }
    ]
  }
]
[2026-08-30 09:00:09] INFO: Vacation alert: Panther Empire entered vacation (guild 1394283356459503737)
[2026-08-30 09:00:09] WARN: P&W API errors: [
  {
    "message": "Unknown argument \"orderby\" on field \"warattacks\" of type \"Query\". Did you mean \"orderBy\"?",
    "extensions": {
      "category": "graphql"
    },
    "locations": [
      {
        "line": 2,
        "column": 54
      }
    ]
  },
  {
    "message": "Cannot query field \"att_nation_name\" on type \"WarAttack\".",
    "extensions": {
      "category": "graphql"
    },
    "locations": [
      {
        "line": 3,
        "column": 31
      }
    ]
  },
  {
    "message": "Cannot query field \"def_nation_name\" on type \"WarAttack\".",
    "extensions": {
      "category": "graphql"
    },
    "locations": [
      {
        "line": 3,
        "column": 47
      }
    ]
  }
]
[2026-08-30 09:00:09] INFO: Vacation alert: Valem entered vacation (guild 1394283356459503737)
[2026-08-30 09:00:09] WARN: P&W API errors: [
  {
    "message": "Unknown argument \"orderby\" on field \"warattacks\" of type \"Query\". Did you mean \"orderBy\"?",
    "extensions": {
      "category": "graphql"
    },
    "locations": [
      {
        "line": 2,
        "column": 54
      }
    ]
  },
  {
    "message": "Cannot query field \"att_nation_name\" on type \"WarAttack\".",
    "extensions": {
      "category": "graphql"
    },
    "locations": [
      {
        "line": 3,
        "column": 31
      }
    ]
  },
  {
    "message": "Cannot query field \"def_nation_name\" on type \"WarAttack\".",
    "extensions": {
      "category": "graphql"
    },
    "locations": [
      {
        "line": 3,
        "column": 47
      }
    ]
  }
]
[2026-08-30 09:00:09] WARN: P&W API errors: [
  {
    "message": "Unknown argument \"orderby\" on field \"warattacks\" of type \"Query\". Did you mean \"orderBy\"?",
    "extensions": {
      "category": "graphql"
    },
    "locations": [
      {
        "line": 2,
        "column": 54
      }
    ]
  },
  {
    "message": "Cannot query field \"att_nation_name\" on type \"WarAttack\".",
    "extensions": {
      "category": "graphql"
    },
    "locations": [
      {
        "line": 3,
        "column": 31
      }
    ]
  },
  {
    "message": "Cannot query field \"def_nation_name\" on type \"WarAttack\".",
    "extensions": {
      "category": "graphql"
    },
    "locations": [
      {
        "line": 3,
        "column": 47
      }
    ]
  }
]
[2026-08-30 09:00:10] INFO: Vacation alert: Kingdom of monsters entered vacation (guild 1394283356459503737)
[2026-08-30 09:00:10] WARN: P&W API errors: [
  {
    "message": "Unknown argument \"orderby\" on field \"warattacks\" of type \"Query\". Did you mean \"orderBy\"?",
    "extensions": {
      "category": "graphql"
    },
    "locations": [
      {
        "line": 2,
        "column": 54
      }
    ]
  },
  {
    "message": "Cannot query field \"att_nation_name\" on type \"WarAttack\".",
    "extensions": {
      "category": "graphql"
    },
    "locations": [
      {
        "line": 3,
        "column": 31
      }
    ]
  },
  {
    "message": "Cannot query field \"def_nation_name\" on type \"WarAttack\".",
    "extensions": {
      "category": "graphql"
    },
    "locations": [
      {
        "line": 3,
        "column": 47
      }
    ]
  }
]
[2026-08-30 09:00:10] WARN: P&W API errors: [
  {
    "message": "Unknown argument \"orderby\" on field \"warattacks\" of type \"Query\". Did you mean \"orderBy\"?",
    "extensions": {
      "category": "graphql"
    },
    "locations": [
      {
        "line": 2,
        "column": 54
      }
    ]
  },
  {
    "message": "Cannot query field \"att_nation_name\" on type \"WarAttack\".",
    "extensions": {
      "category": "graphql"
    },
    "locations": [
      {
        "line": 3,
        "column": 31
      }
    ]
  },
  {
    "message": "Cannot query field \"def_nation_name\" on type \"WarAttack\".",
    "extensions": {
      "category": "graphql"
    },
    "locations": [
      {
        "line": 3,
        "column": 47
      }
    ]
  }
]
[2026-08-30 09:00:10] INFO: Vacation alert: Khazak Republic entered vacation (guild 1394283356459503737)
[2026-08-30 09:00:11] WARN: P&W API errors: [
  {
    "message": "Unknown argument \"orderby\" on field \"warattacks\" of type \"Query\". Did you mean \"orderBy\"?",
    "extensions": {
      "category": "graphql"
    },
    "locations": [
      {
        "line": 2,
        "column": 54
      }
    ]
  },
  {
    "message": "Cannot query field \"att_nation_name\" on type \"WarAttack\".",
    "extensions": {
      "category": "graphql"
    },
    "locations": [
      {
        "line": 3,
        "column": 31
      }
    ]
  },
  {
    "message": "Cannot query field \"def_nation_name\" on type \"WarAttack\".",
    "extensions": {
      "category": "graphql"
    },
    "locations": [
      {
        "line": 3,
        "column": 47
      }
    ]
  }
]
[2026-08-30 09:00:11] INFO: Vacation alert: Land of harsha entered vacation (guild 1394283356459503737)
[2026-08-30 09:00:11] WARN: P&W API errors: [
  {
    "message": "Unknown argument \"orderby\" on field \"warattacks\" of type \"Query\". Did you mean \"orderBy\"?",
    "extensions": {
      "category": "graphql"
    },
    "locations": [
      {
        "line": 2,
        "column": 54
      }
    ]
  },
  {
    "message": "Cannot query field \"att_nation_name\" on type \"WarAttack\".",
    "extensions": {
      "category": "graphql"
    },
    "locations": [
      {
        "line": 3,
        "column": 31
      }
    ]
  },
  {
    "message": "Cannot query field \"def_nation_name\" on type \"WarAttack\".",
    "extensions": {
      "category": "graphql"
    },
    "locations": [
      {
        "line": 3,
        "column": 47
      }
    ]
  }
]
[2026-08-30 09:00:11] WARN: P&W API errors: [
  {
    "message": "Unknown argument \"orderby\" on field \"warattacks\" of type \"Query\". Did you mean \"orderBy\"?",
    "extensions": {
      "category": "graphql"
    },
    "locations": [
      {
        "line": 2,
        "column": 54
      }
    ]
  },
  {
    "message": "Cannot query field \"att_nation_name\" on type \"WarAttack\".",
    "extensions": {
      "category": "graphql"
    },
    "locations": [
      {
        "line": 3,
        "column": 31
      }
    ]
  },
  {
    "message": "Cannot query field \"def_nation_name\" on type \"WarAttack\".",
    "extensions": {
      "category": "graphql"
    },
    "locations": [
      {
        "line": 3,
        "column": 47
      }
    ]
  }
]
[2026-08-30 09:00:11] INFO: Vacation alert: Pax Union entered vacation (guild 1394283356459503737)
[2026-08-30 09:00:12] WARN: P&W API errors: [
  {
    "message": "Unknown argument \"orderby\" on field \"warattacks\" of type \"Query\". Did you mean \"orderBy\"?",
    "extensions": {
      "category": "graphql"
    },
    "locations": [
      {
        "line": 2,
        "column": 54
      }
    ]
  },
  {
    "message": "Cannot query field \"att_nation_name\" on type \"WarAttack\".",
    "extensions": {
      "category": "graphql"
    },
    "locations": [
      {
        "line": 3,
        "column": 31
      }
    ]
  },
  {
    "message": "Cannot query field \"def_nation_name\" on type \"WarAttack\".",
    "extensions": {
      "category": "graphql"
    },
    "locations": [
      {
        "line": 3,
        "column": 47
      }
    ]
  }
]
[2026-08-30 09:00:12] WARN: P&W API errors: [
  {
    "message": "Unknown argument \"orderby\" on field \"warattacks\" of type \"Query\". Did you mean \"orderBy\"?",
    "extensions": {
      "category": "graphql"
    },
    "locations": [
      {
        "line": 2,
        "column": 54
      }
    ]
  },
  {
    "message": "Cannot query field \"att_nation_name\" on type \"WarAttack\".",
    "extensions": {
      "category": "graphql"
    },
    "locations": [
      {
        "line": 3,
        "column": 31
      }
    ]
  },
  {
    "message": "Cannot query field \"def_nation_name\" on type \"WarAttack\".",
    "extensions": {
      "category": "graphql"
    },
    "locations": [
      {
        "line": 3,
        "column": 47
      }
    ]
  }
]
[2026-08-30 09:00:12] WARN: P&W API errors: [
  {
    "message": "Unknown argument \"orderby\" on field \"warattacks\" of type \"Query\". Did you mean \"orderBy\"?",
    "extensions": {
      "category": "graphql"
    },
    "locations": [
      {
        "line": 2,
        "column": 54
      }
    ]
  },
  {
    "message": "Cannot query field \"att_nation_name\" on type \"WarAttack\".",
    "extensions": {
      "category": "graphql"
    },
    "locations": [
      {
        "line": 3,
        "column": 31
      }
    ]
  },
  {
    "message": "Cannot query field \"def_nation_name\" on type \"WarAttack\".",
    "extensions": {
      "category": "graphql"
    },
    "locations": [
      {
        "line": 3,
        "column": 47
      }
    ]
  }
]
[2026-08-30 09:00:13] WARN: P&W API errors: [
  {
    "message": "Unknown argument \"orderby\" on field \"warattacks\" of type \"Query\". Did you mean \"orderBy\"?",
    "extensions": {
      "category": "graphql"
    },
    "locations": [
      {
        "line": 2,
        "column": 54
      }
    ]
  },
  {
    "message": "Cannot query field \"att_nation_name\" on type \"WarAttack\".",
    "extensions": {
      "category": "graphql"
    },
    "locations": [
      {
        "line": 3,
        "column": 31
      }
    ]
  },
  {
    "message": "Cannot query field \"def_nation_name\" on type \"WarAttack\".",
    "extensions": {
      "category": "graphql"
    },
    "locations": [
      {
        "line": 3,
        "column": 47
      }
    ]
  }
]
[2026-08-30 09:00:13] WARN: P&W API errors: [
  {
    "message": "Unknown argument \"orderby\" on field \"warattacks\" of type \"Query\". Did you mean \"orderBy\"?",
    "extensions": {
      "category": "graphql"
    },
    "locations": [
      {
        "line": 2,
        "column": 54
      }
    ]
  },
  {
    "message": "Cannot query field \"att_nation_name\" on type \"WarAttack\".",
    "extensions": {
      "category": "graphql"
    },
    "locations": [
      {
        "line": 3,
        "column": 31
      }
    ]
  },
  {
    "message": "Cannot query field \"def_nation_name\" on type \"WarAttack\".",
    "extensions": {
      "category": "graphql"
    },
    "locations": [
      {
        "line": 3,
        "column": 47
      }
    ]
  }
]
[2026-08-30 09:00:14] WARN: P&W API errors: [
  {
    "message": "Unknown argument \"orderby\" on field \"warattacks\" of type \"Query\". Did you mean \"orderBy\"?",
    "extensions": {
      "category": "graphql"
    },
    "locations": [
      {
        "line": 2,
        "column": 54
      }
    ]
  },
  {
    "message": "Cannot query field \"att_nation_name\" on type \"WarAttack\".",
    "extensions": {
      "category": "graphql"
    },
    "locations": [
      {
        "line": 3,
        "column": 31
      }
    ]
  },
  {
    "message": "Cannot query field \"def_nation_name\" on type \"WarAttack\".",
    "extensions": {
      "category": "graphql"
    },
    "locations": [
      {
        "line": 3,
        "column": 47
      }
    ]
  }
]
[2026-08-30 09:00:14] WARN: P&W API errors: [
  {
    "message": "Unknown argument \"orderby\" on field \"warattacks\" of type \"Query\". Did you mean \"orderBy\"?",
    "extensions": {
      "category": "graphql"
    },
    "locations": [
      {
        "line": 2,
        "column": 54
      }
    ]
  },
  {
    "message": "Cannot query field \"att_nation_name\" on type \"WarAttack\".",
    "extensions": {
      "category": "graphql"
    },
    "locations": [
      {
        "line": 3,
        "column": 31
      }
    ]
  },
  {
    "message": "Cannot query field \"def_nation_name\" on type \"WarAttack\".",
    "extensions": {
      "category": "graphql"
    },
    "locations": [
      {
        "line": 3,
        "column": 47
      }
    ]
  }
]
[2026-08-30 09:00:14] WARN: P&W API errors: [
  {
    "message": "Unknown argument \"orderby\" on field \"warattacks\" of type \"Query\". Did you mean \"orderBy\"?",
    "extensions": {
      "category": "graphql"
    },
    "locations": [
      {
        "line": 2,
        "column": 54
      }
    ]
  },
  {
    "message": "Cannot query field \"att_nation_name\" on type \"WarAttack\".",
    "extensions": {
      "category": "graphql"
    },
    "locations": [
      {
        "line": 3,
        "column": 31
      }
    ]
  },
  {
    "message": "Cannot query field \"def_nation_name\" on type \"WarAttack\".",
    "extensions": {
      "category": "graphql"
    },
    "locations": [
      {
        "line": 3,
        "column": 47
      }
    ]
  }
]
[2026-08-30 09:00:15] INFO: Vacation alert: Scuba Land entered vacation (guild 1394283356459503737)
[2026-08-30 09:00:15] INFO: Vacation alert: Destinyah entered vacation (guild 1394283356459503737)
[2026-08-30 09:00:49] INFO: Bot shut down. Database saved.
[2026-08-30 09:09:40] INFO: Loaded existing database from disk
[2026-08-30 09:09:40] INFO: All database tables ready
[2026-08-30 09:09:41] INFO: Database ready at: C:\Users\hp\Desktop\pw-bot\data\bot.db
[2026-08-30 09:11:51] INFO: Starting PW Defense Bot...
[2026-08-30 09:11:51] INFO: Loaded existing database from disk
[2026-08-30 09:11:51] INFO: All database tables ready
[2026-08-30 09:11:51] INFO: Database ready at: C:\Users\hp\Desktop\pw-bot\data\bot.db
[2026-08-30 09:11:51] INFO: ✅ Database ready
[2026-08-30 09:11:51] DEBUG: Loaded command: /backup
[2026-08-30 09:11:51] DEBUG: Loaded command: /config
[2026-08-30 09:11:51] DEBUG: Loaded command: /alerts
[2026-08-30 09:11:51] DEBUG: Loaded command: /help
[2026-08-30 09:11:51] DEBUG: Loaded command: /ping
[2026-08-30 09:11:51] DEBUG: Loaded command: /beige
[2026-08-30 09:11:51] DEBUG: Loaded command: /coalition
[2026-08-30 09:11:51] DEBUG: Loaded command: /dnr
[2026-08-30 09:11:51] DEBUG: Loaded command: /enemy
[2026-08-30 09:11:51] DEBUG: Loaded command: /intel
[2026-08-30 09:11:51] DEBUG: Loaded command: /nation
[2026-08-30 09:11:51] DEBUG: Loaded command: /targets
[2026-08-30 09:11:51] DEBUG: Loaded command: /treaty
[2026-08-30 09:11:51] DEBUG: Loaded command: /watch
[2026-08-30 09:11:51] DEBUG: Loaded command: /assign
[2026-08-30 09:11:52] DEBUG: Loaded command: /blitz
[2026-08-30 09:11:52] DEBUG: Loaded command: /blitzplan
[2026-08-30 09:11:52] DEBUG: Loaded command: /compliance
[2026-08-30 09:11:52] DEBUG: Loaded command: /counter
[2026-08-30 09:11:52] DEBUG: Loaded command: /hq
[2026-08-30 09:11:52] DEBUG: Loaded command: /operation
[2026-08-30 09:11:52] DEBUG: Loaded command: /readiness
[2026-08-30 09:11:52] DEBUG: Loaded command: /reserve
[2026-08-30 09:11:52] DEBUG: Loaded command: /war
[2026-08-30 09:11:52] DEBUG: Loaded command: /warroom
[2026-08-30 09:11:52] DEBUG: Loaded command: /gov-dashboard
[2026-08-30 09:11:52] DEBUG: Loaded command: /health
[2026-08-30 09:11:52] DEBUG: Loaded command: /participation
[2026-08-30 09:11:52] DEBUG: Loaded command: /report
[2026-08-30 09:11:52] DEBUG: Loaded command: /link
[2026-08-30 09:11:52] INFO: Total commands loaded: 30
[2026-08-30 09:11:52] INFO: ✅ Commands loaded
[2026-08-30 09:11:52] DEBUG: Loaded event: interactionCreate
[2026-08-30 09:11:52] DEBUG: Loaded event: clientReady
[2026-08-30 09:11:52] INFO: ✅ Events loaded
[2026-08-30 09:11:54] INFO: ✅ Bot is online! Logged in as: TUN Defence System Bot#4166
[2026-08-30 09:11:54] INFO:    Serving 1 server(s)
[2026-08-30 09:11:54] INFO: Starting background job scheduler...
[2026-08-30 09:11:54] INFO: ✅ Scheduler — defense 60s | attacks 2min | DNR 3min | beige 5min | military/vacation 15min | expiry 30min | backup 6h | daily 08:00 UTC
[2026-08-30 09:11:54] INFO: ✅ Background jobs started
[2026-08-30 09:12:00] DEBUG: 🚫 Checking DNR violations...
[2026-08-30 09:12:02] DEBUG: Treaty sync: 10 treaties for 14124
[2026-08-30 09:12:03] DEBUG: Alliance 14124: 67 total nations, 51 actual members, 16 applicants excluded
[2026-08-30 09:12:04] INFO: Running startup checks...
[2026-08-30 09:12:04] DEBUG: Running beige exit check...
[2026-08-30 09:12:05] DEBUG: Beige: 122 total, 14 in beige
[2026-08-30 09:12:05] DEBUG: Beige check guild 1394283356459503737: 14 in beige, intervals: 60,30,15,5
[2026-08-30 09:12:05] DEBUG:   Ubermericus: 3000min remaining
[2026-08-30 09:12:05] DEBUG:   Mithrados: 3840min remaining
[2026-08-30 09:12:05] DEBUG:   Shadow Empire 1: 2880min remaining
[2026-08-30 09:12:05] DEBUG:   Saltana: 840min remaining
[2026-08-30 09:12:05] DEBUG:   United Kingdoms of bobia: 1800min remaining
[2026-08-30 09:12:05] DEBUG:   Respublik ow Wehlen: 4920min remaining
[2026-08-30 09:12:05] DEBUG:   Great Sheddy: 720min remaining
[2026-08-30 09:12:05] DEBUG:   Destinyah: 1440min remaining
[2026-08-30 09:12:05] DEBUG:   Seraphid Empire: 600min remaining
[2026-08-30 09:12:05] DEBUG:   United Afrikaan Republic: 3600min remaining
[2026-08-30 09:12:05] DEBUG:   The Null: 12480min remaining
[2026-08-30 09:12:05] DEBUG:   Independent Kwelder Republic: 12720min remaining
[2026-08-30 09:12:05] DEBUG:   Svea Imperie: 13560min remaining
[2026-08-30 09:12:05] DEBUG:   IDONTKNOWLEAVEMEALONE: 15240min remaining
[2026-08-30 09:12:20] ERROR: DB query error:
[2026-08-30 09:12:20] ERROR: SQL:
[2026-08-30 09:13:49] INFO: War room created: ⚔️-bobworld for war 2694599
[2026-08-30 09:13:54] INFO: War room created: ⚔️-takistan for war 2694434
[2026-08-30 09:13:59] INFO: War room created: ⚔️-slaughternation for war 2694139
[2026-08-30 09:14:02] ERROR: processRoomAttacks: successOutcome.includes is not a function
[2026-08-30 09:14:03] ERROR: processRoomAttacks: successOutcome.includes is not a function
[2026-08-30 09:14:05] INFO: War room created: ⚔️-turestan for war 2694111
[2026-08-30 09:14:10] INFO: War room created: ⚔️-the-crimson-sun for war 2693629
[2026-08-30 09:14:14] INFO: War room created: ⚔️-jizawiyoun for war 2694462
[2026-08-30 09:14:20] INFO: War room created: ⚔️-oriental for war 2694459
[2026-08-30 09:14:25] INFO: War room created: ⚔️-indian-king for war 2694458
[2026-08-30 09:14:31] INFO: War room created: ⚔️-heiliges-abendland for war 2694457
[2026-08-30 09:14:36] INFO: War room created: ⚔️-frealand for war 2694296
[2026-08-30 09:14:40] INFO: War room created: ⚔️-new-shayland for war 2694292
[2026-08-30 09:14:45] INFO: War room created: ⚔️-the-commonweaith for war 2694238
[2026-08-30 09:14:50] INFO: War room created: ⚔️-7th-cavalry for war 2694167
[2026-08-30 09:14:54] INFO: War room created: ⚔️-hispania for war 2694164
[2026-08-30 09:14:59] INFO: War room created: ⚔️-the-planes-democracy for war 2693999
[2026-08-30 09:15:00] DEBUG: 🚫 Checking DNR violations...
[2026-08-30 09:15:00] DEBUG: ⏰ Running beige check...
[2026-08-30 09:15:00] DEBUG: Running beige exit check...
[2026-08-30 09:15:00] DEBUG: 🔍 Checking military changes...
[2026-08-30 09:15:00] DEBUG: 🏖️ Checking vacation mode changes...
[2026-08-30 09:15:00] DEBUG: Beige: 122 total, 14 in beige
[2026-08-30 09:15:01] DEBUG: Beige check guild 1394283356459503737: 14 in beige, intervals: 60,30,15,5
[2026-08-30 09:15:01] DEBUG:   Ubermericus: 3000min remaining
[2026-08-30 09:15:01] DEBUG:   Mithrados: 3840min remaining
[2026-08-30 09:15:01] DEBUG:   Shadow Empire 1: 2880min remaining
[2026-08-30 09:15:01] DEBUG:   Saltana: 840min remaining
[2026-08-30 09:15:01] DEBUG:   United Kingdoms of bobia: 1800min remaining
[2026-08-30 09:15:01] DEBUG:   Respublik ow Wehlen: 4920min remaining
[2026-08-30 09:15:01] DEBUG:   Great Sheddy: 720min remaining
[2026-08-30 09:15:01] DEBUG:   Destinyah: 1440min remaining
[2026-08-30 09:15:01] DEBUG:   Seraphid Empire: 600min remaining
[2026-08-30 09:15:01] DEBUG:   United Afrikaan Republic: 3600min remaining
[2026-08-30 09:15:01] DEBUG:   The Null: 12480min remaining
[2026-08-30 09:15:01] DEBUG:   Independent Kwelder Republic: 12720min remaining
[2026-08-30 09:15:01] DEBUG:   Svea Imperie: 13560min remaining
[2026-08-30 09:15:01] DEBUG:   IDONTKNOWLEAVEMEALONE: 15240min remaining
[2026-08-30 09:15:06] INFO: Vacation alert: Destinyah exited vacation (guild 1394283356459503737)
[2026-08-30 09:15:09] INFO: War room created: ⚔️-falkland-islands for war 2693905
[2026-08-30 09:15:15] INFO: War room created: ⚔️-sanctara for war 2693886
[2026-08-30 09:15:20] INFO: War room created: ⚔️-renni for war 2693637
[2026-08-30 09:15:25] INFO: War room created: ⚔️-kingdom-of-far-far-away for war 2693635
[2026-08-30 09:15:31] INFO: War room created: ⚔️-the-iron-atlantic for war 2693634
[2026-08-30 09:15:35] INFO: War room created: ⚔️-greece for war 2693633
[2026-08-30 09:15:40] ERROR: P&W API HTTP error: E8320000:error:0A0003FC:SSL routines:ssl3_read_bytes:ssl/tls alert bad record mac:c:\ws\deps\openssl\openssl\ssl\record\rec_layer_s3.c:918:SSL alert number 20

[2026-08-30 09:15:42] INFO: War room created: ⚔️-numen0r for war 2693632
[2026-08-30 09:15:47] INFO: War room created: ⚔️-stormwind for war 2693475
[2026-08-30 09:15:52] INFO: War room created: ⚔️-schwarzland for war 2693465
[2026-08-30 09:16:00] INFO: War room created: ⚔️-the-cell-games-arena for war 2693378
[2026-08-30 09:16:00] ERROR: processRoomAttacks: successOutcome.includes is not a function
[2026-08-30 09:16:01] ERROR: processRoomAttacks: successOutcome.includes is not a function
[2026-08-30 09:16:03] ERROR: processRoomAttacks: successOutcome.includes is not a function
[2026-08-30 09:16:04] ERROR: processRoomAttacks: successOutcome.includes is not a function
[2026-08-30 09:16:04] ERROR: processRoomAttacks: successOutcome.includes is not a function
[2026-08-30 09:16:04] ERROR: processRoomAttacks: successOutcome.includes is not a function
[2026-08-30 09:16:05] ERROR: processRoomAttacks: successOutcome.includes is not a function
[2026-08-30 09:16:05] ERROR: processRoomAttacks: successOutcome.includes is not a function
[2026-08-30 09:16:05] ERROR: processRoomAttacks: successOutcome.includes is not a function
[2026-08-30 09:16:06] ERROR: processRoomAttacks: successOutcome.includes is not a function
[2026-08-30 09:16:07] ERROR: processRoomAttacks: successOutcome.includes is not a function
[2026-08-30 09:16:07] ERROR: processRoomAttacks: successOutcome.includes is not a function
[2026-08-30 09:16:08] ERROR: processRoomAttacks: successOutcome.includes is not a function
[2026-08-30 09:16:08] ERROR: processRoomAttacks: successOutcome.includes is not a function
[2026-08-30 09:16:09] ERROR: processRoomAttacks: successOutcome.includes is not a function
[2026-08-30 09:16:09] ERROR: processRoomAttacks: successOutcome.includes is not a function
[2026-08-30 09:16:09] ERROR: processRoomAttacks: successOutcome.includes is not a function
[2026-08-30 09:16:10] ERROR: processRoomAttacks: successOutcome.includes is not a function
[2026-08-30 09:16:10] ERROR: processRoomAttacks: successOutcome.includes is not a function
[2026-08-30 09:16:10] ERROR: processRoomAttacks: successOutcome.includes is not a function
[2026-08-30 09:16:11] ERROR: processRoomAttacks: successOutcome.includes is not a function
[2026-08-30 09:16:11] ERROR: processRoomAttacks: successOutcome.includes is not a function
[2026-08-30 09:16:11] ERROR: processRoomAttacks: successOutcome.includes is not a function
[2026-08-30 09:18:00] DEBUG: 🚫 Checking DNR violations...
[2026-08-30 09:18:01] ERROR: processRoomAttacks: successOutcome.includes is not a function
[2026-08-30 09:18:03] ERROR: processRoomAttacks: successOutcome.includes is not a function
[2026-08-30 09:18:03] ERROR: processRoomAttacks: successOutcome.includes is not a function
[2026-08-30 09:18:04] ERROR: processRoomAttacks: successOutcome.includes is not a function
[2026-08-30 09:18:04] ERROR: processRoomAttacks: successOutcome.includes is not a function
[2026-08-30 09:18:05] ERROR: processRoomAttacks: successOutcome.includes is not a function
[2026-08-30 09:18:05] ERROR: processRoomAttacks: successOutcome.includes is not a function
[2026-08-30 09:18:06] ERROR: processRoomAttacks: successOutcome.includes is not a function
[2026-08-30 09:18:06] ERROR: processRoomAttacks: successOutcome.includes is not a function
[2026-08-30 09:18:06] ERROR: processRoomAttacks: successOutcome.includes is not a function
[2026-08-30 09:18:07] ERROR: processRoomAttacks: successOutcome.includes is not a function
[2026-08-30 09:18:07] ERROR: processRoomAttacks: successOutcome.includes is not a function
[2026-08-30 09:18:08] ERROR: processRoomAttacks: successOutcome.includes is not a function
[2026-08-30 09:18:08] ERROR: processRoomAttacks: successOutcome.includes is not a function
[2026-08-30 09:18:08] ERROR: processRoomAttacks: successOutcome.includes is not a function
[2026-08-30 09:18:09] ERROR: processRoomAttacks: successOutcome.includes is not a function
[2026-08-30 09:18:09] ERROR: processRoomAttacks: successOutcome.includes is not a function
[2026-08-30 09:18:10] ERROR: processRoomAttacks: successOutcome.includes is not a function
[2026-08-30 09:18:10] ERROR: processRoomAttacks: successOutcome.includes is not a function
[2026-08-30 09:18:10] ERROR: processRoomAttacks: successOutcome.includes is not a function
[2026-08-30 09:18:11] ERROR: processRoomAttacks: successOutcome.includes is not a function
[2026-08-30 09:18:11] ERROR: processRoomAttacks: successOutcome.includes is not a function
[2026-08-30 09:18:12] ERROR: processRoomAttacks: successOutcome.includes is not a function
[2026-08-30 09:20:00] DEBUG: ⏰ Running beige check...
[2026-08-30 09:20:00] DEBUG: Running beige exit check...
[2026-08-30 09:20:02] DEBUG: Beige: 122 total, 15 in beige
[2026-08-30 09:20:02] DEBUG: Beige check guild 1394283356459503737: 15 in beige, intervals: 60,30,15,5
[2026-08-30 09:20:02] DEBUG:   Ubermericus: 3000min remaining
[2026-08-30 09:20:02] DEBUG:   Mithrados: 3840min remaining
[2026-08-30 09:20:02] DEBUG:   Shadow Empire 1: 2880min remaining
[2026-08-30 09:20:03] DEBUG:   Saltana: 840min remaining
[2026-08-30 09:20:03] DEBUG:   United Kingdoms of bobia: 1800min remaining
[2026-08-30 09:20:03] DEBUG:   Paruna: 2880min remaining
[2026-08-30 09:20:03] DEBUG:   Respublik ow Wehlen: 4920min remaining
[2026-08-30 09:20:03] DEBUG:   Great Sheddy: 720min remaining
[2026-08-30 09:20:03] DEBUG:   Destinyah: 1440min remaining
[2026-08-30 09:20:03] DEBUG:   Seraphid Empire: 600min remaining
[2026-08-30 09:20:03] DEBUG:   United Afrikaan Republic: 3600min remaining
[2026-08-30 09:20:03] DEBUG:   The Null: 12480min remaining
[2026-08-30 09:20:03] DEBUG:   Independent Kwelder Republic: 12720min remaining
[2026-08-30 09:20:03] DEBUG:   Svea Imperie: 13560min remaining
[2026-08-30 09:20:03] DEBUG:   IDONTKNOWLEAVEMEALONE: 15240min remaining
[2026-08-30 09:20:03] ERROR: processRoomAttacks: successOutcome.includes is not a function
[2026-08-30 09:20:04] ERROR: processRoomAttacks: successOutcome.includes is not a function
[2026-08-30 09:20:05] ERROR: processRoomAttacks: successOutcome.includes is not a function
[2026-08-30 09:20:05] ERROR: processRoomAttacks: successOutcome.includes is not a function
[2026-08-30 09:20:06] ERROR: processRoomAttacks: successOutcome.includes is not a function
[2026-08-30 09:20:06] ERROR: processRoomAttacks: successOutcome.includes is not a function
[2026-08-30 09:20:07] ERROR: processRoomAttacks: successOutcome.includes is not a function
[2026-08-30 09:20:07] ERROR: processRoomAttacks: successOutcome.includes is not a function
[2026-08-30 09:20:07] ERROR: processRoomAttacks: successOutcome.includes is not a function
[2026-08-30 09:20:08] ERROR: processRoomAttacks: successOutcome.includes is not a function
[2026-08-30 09:20:08] ERROR: processRoomAttacks: successOutcome.includes is not a function
[2026-08-30 09:20:09] ERROR: processRoomAttacks: successOutcome.includes is not a function
[2026-08-30 09:20:09] ERROR: processRoomAttacks: successOutcome.includes is not a function
[2026-08-30 09:20:09] ERROR: processRoomAttacks: successOutcome.includes is not a function
[2026-08-30 09:20:10] ERROR: processRoomAttacks: successOutcome.includes is not a function
[2026-08-30 09:20:10] ERROR: processRoomAttacks: successOutcome.includes is not a function
[2026-08-30 09:20:11] ERROR: processRoomAttacks: successOutcome.includes is not a function
[2026-08-30 09:20:11] ERROR: processRoomAttacks: successOutcome.includes is not a function
[2026-08-30 09:20:11] ERROR: processRoomAttacks: successOutcome.includes is not a function
[2026-08-30 09:20:12] ERROR: processRoomAttacks: successOutcome.includes is not a function
[2026-08-30 09:20:12] ERROR: processRoomAttacks: successOutcome.includes is not a function
[2026-08-30 09:20:13] ERROR: processRoomAttacks: successOutcome.includes is not a function
[2026-08-30 09:20:13] ERROR: processRoomAttacks: successOutcome.includes is not a function
[2026-08-30 09:21:00] DEBUG: 🚫 Checking DNR violations...
[2026-08-30 09:22:13] DEBUG: Alliance 14124: 67 total nations, 51 actual members, 16 applicants excluded
[2026-08-30 09:22:14] ERROR: P&W API HTTP error: E8320000:error:0A0003FC:SSL routines:ssl3_read_bytes:ssl/tls alert bad record mac:c:\ws\deps\openssl\openssl\ssl\record\rec_layer_s3.c:918:SSL alert number 20

[2026-08-30 09:22:14] ERROR: fetchNewAttacks: E8320000:error:0A0003FC:SSL routines:ssl3_read_bytes:ssl/tls alert bad record mac:c:\ws\deps\openssl\openssl\ssl\record\rec_layer_s3.c:918:SSL alert number 20

[2026-08-30 09:22:16] ERROR: processRoomAttacks: successOutcome.includes is not a function
[2026-08-30 09:22:16] ERROR: processRoomAttacks: successOutcome.includes is not a function
[2026-08-30 09:22:18] ERROR: processRoomAttacks: successOutcome.includes is not a function
[2026-08-30 09:22:19] ERROR: processRoomAttacks: successOutcome.includes is not a function
[2026-08-30 09:22:20] ERROR: processRoomAttacks: successOutcome.includes is not a function
[2026-08-30 09:22:20] ERROR: processRoomAttacks: successOutcome.includes is not a function
[2026-08-30 09:22:20] ERROR: processRoomAttacks: successOutcome.includes is not a function
[2026-08-30 09:22:21] ERROR: processRoomAttacks: successOutcome.includes is not a function
[2026-08-30 09:22:21] ERROR: processRoomAttacks: successOutcome.includes is not a function
[2026-08-30 09:22:22] ERROR: processRoomAttacks: successOutcome.includes is not a function
[2026-08-30 09:22:23] ERROR: processRoomAttacks: successOutcome.includes is not a function
[2026-08-30 09:22:24] ERROR: processRoomAttacks: successOutcome.includes is not a function
[2026-08-30 09:22:26] ERROR: processRoomAttacks: successOutcome.includes is not a function
[2026-08-30 09:22:26] ERROR: processRoomAttacks: successOutcome.includes is not a function
[2026-08-30 09:22:26] ERROR: processRoomAttacks: successOutcome.includes is not a function
[2026-08-30 09:22:27] ERROR: processRoomAttacks: successOutcome.includes is not a function
[2026-08-30 09:22:27] ERROR: processRoomAttacks: successOutcome.includes is not a function
[2026-08-30 09:22:28] ERROR: processRoomAttacks: successOutcome.includes is not a function
[2026-08-30 09:22:29] ERROR: processRoomAttacks: successOutcome.includes is not a function
[2026-08-30 09:22:29] ERROR: processRoomAttacks: successOutcome.includes is not a function
[2026-08-30 09:22:30] ERROR: processRoomAttacks: successOutcome.includes is not a function
[2026-08-30 09:22:31] ERROR: processRoomAttacks: successOutcome.includes is not a function
[2026-08-30 09:24:00] DEBUG: 🚫 Checking DNR violations...
[2026-08-30 09:24:03] ERROR: processRoomAttacks: successOutcome.includes is not a function
[2026-08-30 09:24:04] ERROR: processRoomAttacks: successOutcome.includes is not a function
[2026-08-30 09:24:04] ERROR: processRoomAttacks: successOutcome.includes is not a function
[2026-08-30 09:24:05] ERROR: processRoomAttacks: successOutcome.includes is not a function
[2026-08-30 09:24:06] ERROR: processRoomAttacks: successOutcome.includes is not a function
[2026-08-30 09:24:06] ERROR: processRoomAttacks: successOutcome.includes is not a function
[2026-08-30 09:24:07] ERROR: processRoomAttacks: successOutcome.includes is not a function
[2026-08-30 09:24:08] ERROR: processRoomAttacks: successOutcome.includes is not a function
[2026-08-30 09:24:08] ERROR: processRoomAttacks: successOutcome.includes is not a function
[2026-08-30 09:24:10] ERROR: processRoomAttacks: successOutcome.includes is not a function
[2026-08-30 09:24:10] ERROR: processRoomAttacks: successOutcome.includes is not a function
[2026-08-30 09:24:11] ERROR: processRoomAttacks: successOutcome.includes is not a function
[2026-08-30 09:24:13] ERROR: processRoomAttacks: successOutcome.includes is not a function
[2026-08-30 09:24:14] ERROR: processRoomAttacks: successOutcome.includes is not a function
[2026-08-30 09:24:16] ERROR: processRoomAttacks: successOutcome.includes is not a function
[2026-08-30 09:24:16] ERROR: processRoomAttacks: successOutcome.includes is not a function
[2026-08-30 09:24:17] ERROR: processRoomAttacks: successOutcome.includes is not a function
[2026-08-30 09:24:18] ERROR: processRoomAttacks: successOutcome.includes is not a function
[2026-08-30 09:24:20] ERROR: processRoomAttacks: successOutcome.includes is not a function
[2026-08-30 09:24:21] ERROR: processRoomAttacks: successOutcome.includes is not a function
[2026-08-30 09:24:22] ERROR: processRoomAttacks: successOutcome.includes is not a function
[2026-08-30 09:24:22] ERROR: processRoomAttacks: successOutcome.includes is not a function
[2026-08-30 09:24:23] ERROR: processRoomAttacks: successOutcome.includes is not a function
[2026-08-30 09:25:00] DEBUG: ⏰ Running beige check...
[2026-08-30 09:25:00] DEBUG: Running beige exit check...
[2026-08-30 09:25:02] DEBUG: Beige: 122 total, 15 in beige
[2026-08-30 09:25:03] DEBUG: Beige check guild 1394283356459503737: 15 in beige, intervals: 60,30,15,5
[2026-08-30 09:25:04] DEBUG:   Ubermericus: 3000min remaining
[2026-08-30 09:25:04] DEBUG:   Mithrados: 3840min remaining
[2026-08-30 09:25:04] DEBUG:   Shadow Empire 1: 2880min remaining
[2026-08-30 09:25:04] DEBUG:   Saltana: 840min remaining
[2026-08-30 09:25:04] DEBUG:   United Kingdoms of bobia: 1800min remaining
[2026-08-30 09:25:04] DEBUG:   Paruna: 2880min remaining
[2026-08-30 09:25:04] DEBUG:   Respublik ow Wehlen: 4920min remaining
[2026-08-30 09:25:04] DEBUG:   Great Sheddy: 720min remaining
[2026-08-30 09:25:04] DEBUG:   Destinyah: 1440min remaining
[2026-08-30 09:25:04] DEBUG:   Seraphid Empire: 600min remaining
[2026-08-30 09:25:04] DEBUG:   United Afrikaan Republic: 3600min remaining
[2026-08-30 09:25:04] DEBUG:   The Null: 12480min remaining
[2026-08-30 09:25:04] DEBUG:   Independent Kwelder Republic: 12720min remaining
[2026-08-30 09:25:04] DEBUG:   Svea Imperie: 13560min remaining
[2026-08-30 09:25:04] DEBUG:   IDONTKNOWLEAVEMEALONE: 15240min remaining
[2026-08-30 09:26:03] ERROR: processRoomAttacks: successOutcome.includes is not a function
[2026-08-30 09:26:04] ERROR: processRoomAttacks: successOutcome.includes is not a function
[2026-08-30 09:26:05] ERROR: processRoomAttacks: successOutcome.includes is not a function
[2026-08-30 09:26:06] ERROR: processRoomAttacks: successOutcome.includes is not a function
[2026-08-30 09:26:06] ERROR: processRoomAttacks: successOutcome.includes is not a function
[2026-08-30 09:26:07] ERROR: processRoomAttacks: successOutcome.includes is not a function
[2026-08-30 09:26:08] ERROR: processRoomAttacks: successOutcome.includes is not a function
[2026-08-30 09:26:08] ERROR: processRoomAttacks: successOutcome.includes is not a function
[2026-08-30 09:26:09] ERROR: processRoomAttacks: successOutcome.includes is not a function
[2026-08-30 09:26:09] ERROR: processRoomAttacks: successOutcome.includes is not a function
[2026-08-30 09:26:11] ERROR: processRoomAttacks: successOutcome.includes is not a function
[2026-08-30 09:26:11] ERROR: processRoomAttacks: successOutcome.includes is not a function
[2026-08-30 09:26:12] ERROR: processRoomAttacks: successOutcome.includes is not a function
[2026-08-30 09:26:12] ERROR: processRoomAttacks: successOutcome.includes is not a function
[2026-08-30 09:26:13] ERROR: processRoomAttacks: successOutcome.includes is not a function
[2026-08-30 09:26:13] ERROR: processRoomAttacks: successOutcome.includes is not a function
[2026-08-30 09:26:14] ERROR: processRoomAttacks: successOutcome.includes is not a function
[2026-08-30 09:26:14] ERROR: processRoomAttacks: successOutcome.includes is not a function
[2026-08-30 09:26:15] ERROR: processRoomAttacks: successOutcome.includes is not a function
[2026-08-30 09:26:15] ERROR: processRoomAttacks: successOutcome.includes is not a function
[2026-08-30 09:26:16] ERROR: processRoomAttacks: successOutcome.includes is not a function
[2026-08-30 09:26:17] ERROR: processRoomAttacks: successOutcome.includes is not a function
[2026-08-30 09:26:18] ERROR: processRoomAttacks: successOutcome.includes is not a function
[2026-08-30 09:27:00] DEBUG: 🚫 Checking DNR violations...
[2026-08-30 09:28:04] ERROR: processRoomAttacks: successOutcome.includes is not a function
[2026-08-30 09:28:05] ERROR: processRoomAttacks: successOutcome.includes is not a function
[2026-08-30 09:28:05] ERROR: processRoomAttacks: successOutcome.includes is not a function
[2026-08-30 09:28:06] ERROR: processRoomAttacks: successOutcome.includes is not a function
[2026-08-30 09:28:06] ERROR: processRoomAttacks: successOutcome.includes is not a function
[2026-08-30 09:28:07] ERROR: processRoomAttacks: successOutcome.includes is not a function
[2026-08-30 09:28:07] ERROR: processRoomAttacks: successOutcome.includes is not a function
[2026-08-30 09:28:08] ERROR: processRoomAttacks: successOutcome.includes is not a function
[2026-08-30 09:28:08] ERROR: processRoomAttacks: successOutcome.includes is not a function
[2026-08-30 09:28:09] ERROR: processRoomAttacks: successOutcome.includes is not a function
[2026-08-30 09:28:09] ERROR: processRoomAttacks: successOutcome.includes is not a function
[2026-08-30 09:28:10] ERROR: processRoomAttacks: successOutcome.includes is not a function
[2026-08-30 09:28:11] ERROR: processRoomAttacks: successOutcome.includes is not a function
[2026-08-30 09:28:11] ERROR: processRoomAttacks: successOutcome.includes is not a function
[2026-08-30 09:28:12] ERROR: processRoomAttacks: successOutcome.includes is not a function
[2026-08-30 09:28:13] ERROR: processRoomAttacks: successOutcome.includes is not a function
[2026-08-30 09:28:13] ERROR: processRoomAttacks: successOutcome.includes is not a function
[2026-08-30 09:28:14] ERROR: processRoomAttacks: successOutcome.includes is not a function
[2026-08-30 09:28:14] ERROR: processRoomAttacks: successOutcome.includes is not a function
[2026-08-30 09:28:15] ERROR: processRoomAttacks: successOutcome.includes is not a function
[2026-08-30 09:28:15] ERROR: processRoomAttacks: successOutcome.includes is not a function
[2026-08-30 09:28:15] ERROR: processRoomAttacks: successOutcome.includes is not a function
[2026-08-30 09:28:16] ERROR: processRoomAttacks: successOutcome.includes is not a function
[2026-08-30 09:28:36] INFO: Bot shut down. Database saved.
[2026-08-30 14:03:22] INFO: Starting PW Defense Bot...
[2026-08-30 14:03:23] INFO: Loaded existing database from disk
[2026-08-30 14:03:23] INFO: All database tables ready
[2026-08-30 14:03:23] INFO: Database ready at: C:\Users\hp\Desktop\pw-bot\data\bot.db
[2026-08-30 14:03:23] INFO: ✅ Database ready
[2026-08-30 14:03:23] DEBUG: Loaded command: /backup
[2026-08-30 14:03:23] DEBUG: Loaded command: /config
[2026-08-30 14:03:23] DEBUG: Loaded command: /alerts
[2026-08-30 14:03:23] DEBUG: Loaded command: /help
[2026-08-30 14:03:23] DEBUG: Loaded command: /ping
[2026-08-30 14:03:23] DEBUG: Loaded command: /beige
[2026-08-30 14:03:23] DEBUG: Loaded command: /coalition
[2026-08-30 14:03:23] DEBUG: Loaded command: /dnr
[2026-08-30 14:03:23] DEBUG: Loaded command: /enemy
[2026-08-30 14:03:23] DEBUG: Loaded command: /intel
[2026-08-30 14:03:23] DEBUG: Loaded command: /nation
[2026-08-30 14:03:23] DEBUG: Loaded command: /targets
[2026-08-30 14:03:23] DEBUG: Loaded command: /treaty
[2026-08-30 14:03:23] DEBUG: Loaded command: /watch
[2026-08-30 14:03:23] DEBUG: Loaded command: /assign
[2026-08-30 14:03:23] DEBUG: Loaded command: /blitz
[2026-08-30 14:03:23] DEBUG: Loaded command: /blitzplan
[2026-08-30 14:03:23] DEBUG: Loaded command: /compliance
[2026-08-30 14:03:23] DEBUG: Loaded command: /counter
[2026-08-30 14:03:23] DEBUG: Loaded command: /hq
[2026-08-30 14:03:23] DEBUG: Loaded command: /operation
[2026-08-30 14:03:23] DEBUG: Loaded command: /readiness
[2026-08-30 14:03:23] DEBUG: Loaded command: /reserve
[2026-08-30 14:03:23] DEBUG: Loaded command: /war
[2026-08-30 14:03:23] DEBUG: Loaded command: /warroom
[2026-08-30 14:03:23] DEBUG: Loaded command: /gov-dashboard
[2026-08-30 14:03:23] DEBUG: Loaded command: /health
[2026-08-30 14:03:23] DEBUG: Loaded command: /participation
[2026-08-30 14:03:23] DEBUG: Loaded command: /report
[2026-08-30 14:03:23] DEBUG: Loaded command: /link
[2026-08-30 14:03:23] INFO: Total commands loaded: 30
[2026-08-30 14:03:23] INFO: ✅ Commands loaded
[2026-08-30 14:03:23] DEBUG: Loaded event: interactionCreate
[2026-08-30 14:03:23] DEBUG: Loaded event: clientReady
[2026-08-30 14:03:23] INFO: ✅ Events loaded
[2026-08-30 14:03:26] INFO: ✅ Bot is online! Logged in as: TUN Defence System Bot#4166
[2026-08-30 14:03:26] INFO:    Serving 1 server(s)
[2026-08-30 14:03:26] INFO: Starting background job scheduler...
[2026-08-30 14:03:26] INFO: ✅ Scheduler — defense 60s | attacks 1min | DNR 3min | beige 5min | military/vacation 15min | expiry 30min | backup 6h | daily 08:00 UTC
[2026-08-30 14:03:26] INFO: ✅ Background jobs started
[2026-08-30 14:03:36] INFO: Running startup checks...
[2026-08-30 14:03:36] DEBUG: Running beige exit check...
[2026-08-30 14:03:37] DEBUG: Beige: 122 total, 14 in beige
[2026-08-30 14:03:37] DEBUG: Beige check guild 1394283356459503737: 14 in beige, intervals: 60,30,15,5
[2026-08-30 14:03:37] DEBUG:   Ubermericus: 2760min remaining
[2026-08-30 14:03:37] DEBUG:   Mithrados: 3600min remaining
[2026-08-30 14:03:37] DEBUG:   Shadow Empire 1: 2640min remaining
[2026-08-30 14:03:37] DEBUG:   Saltana: 600min remaining
[2026-08-30 14:03:37] DEBUG:   United Kingdoms of bobia: 1560min remaining
[2026-08-30 14:03:37] DEBUG:   Paruna: 2640min remaining
[2026-08-30 14:03:37] DEBUG:   Respublik ow Wehlen: 4680min remaining
[2026-08-30 14:03:37] DEBUG:   Great Sheddy: 3360min remaining
[2026-08-30 14:03:37] DEBUG:   Destinyah: 1200min remaining
[2026-08-30 14:03:37] DEBUG:   Seraphid Empire: 360min remaining
[2026-08-30 14:03:37] DEBUG:   United Afrikaan Republic: 3360min remaining
[2026-08-30 14:03:37] DEBUG:   The Null: 12240min remaining
[2026-08-30 14:03:37] DEBUG:   Independent Kwelder Republic: 12480min remaining
[2026-08-30 14:03:37] DEBUG:   IDONTKNOWLEAVEMEALONE: 15000min remaining
[2026-08-30 14:03:37] DEBUG: Treaty sync: 10 treaties for 14124
[2026-08-30 14:03:38] DEBUG: Alliance 14124: 67 total nations, 51 actual members, 16 applicants excluded
[2026-08-30 14:03:45] INFO: War room closed for inactivity: Jizawiyoun (71d inactive)
[2026-08-30 14:03:46] INFO: War room closed for inactivity: Oriental (32d inactive)
[2026-08-30 14:03:46] INFO: War room closed for inactivity: Heiliges Abendland (88d inactive)
[2026-08-30 14:03:47] INFO: War room closed for inactivity: New Shayland (20d inactive)
[2026-08-30 14:03:48] INFO: War room closed for inactivity: The CommonweaIth (77d inactive)
[2026-08-30 14:03:49] INFO: War room closed for inactivity: 7th Cavalry (90d inactive)
[2026-08-30 14:03:50] INFO: War room closed for inactivity: The Planes Democracy (60d inactive)
[2026-08-30 14:03:50] INFO: War room closed for inactivity: Falkland Islands (29d inactive)
[2026-08-30 14:03:51] INFO: War room closed for inactivity: Sanctara (31d inactive)
[2026-08-30 14:03:51] INFO: War room closed for inactivity: Renni (80d inactive)
[2026-08-30 14:03:52] INFO: War room closed for inactivity: Kingdom of Far Far Away (20d inactive)
[2026-08-30 14:03:53] INFO: War room closed for inactivity: The Iron Atlantic (71d inactive)
[2026-08-30 14:03:53] INFO: War room closed for inactivity: Greece (43d inactive)
[2026-08-30 14:03:54] INFO: War room closed for inactivity: Numen0r (84d inactive)
[2026-08-30 14:03:54] INFO: War room closed for inactivity: Stormwind (65d inactive)
[2026-08-30 14:05:00] DEBUG: ⏰ Running beige check...
[2026-08-30 14:05:00] DEBUG: Running beige exit check...
[2026-08-30 14:05:02] DEBUG: Beige: 122 total, 14 in beige
[2026-08-30 14:05:02] DEBUG: Beige check guild 1394283356459503737: 14 in beige, intervals: 60,30,15,5
[2026-08-30 14:05:02] DEBUG:   Ubermericus: 2760min remaining
[2026-08-30 14:05:02] DEBUG:   Mithrados: 3600min remaining
[2026-08-30 14:05:02] DEBUG:   Shadow Empire 1: 2640min remaining
[2026-08-30 14:05:02] DEBUG:   Saltana: 600min remaining
[2026-08-30 14:05:02] DEBUG:   United Kingdoms of bobia: 1560min remaining
[2026-08-30 14:05:02] DEBUG:   Paruna: 2640min remaining
[2026-08-30 14:05:02] DEBUG:   Respublik ow Wehlen: 4680min remaining
[2026-08-30 14:05:02] DEBUG:   Great Sheddy: 3360min remaining
[2026-08-30 14:05:02] DEBUG:   Destinyah: 1200min remaining
[2026-08-30 14:05:02] DEBUG:   Seraphid Empire: 360min remaining
[2026-08-30 14:05:02] DEBUG:   United Afrikaan Republic: 3360min remaining
[2026-08-30 14:05:02] DEBUG:   The Null: 12240min remaining
[2026-08-30 14:05:02] DEBUG:   Independent Kwelder Republic: 12480min remaining
[2026-08-30 14:05:02] DEBUG:   IDONTKNOWLEAVEMEALONE: 15000min remaining
[2026-08-30 14:06:00] DEBUG: 🚫 Checking DNR violations...
[2026-08-30 14:07:10] INFO: War room created: ⚔️-damesk for war 2694672
[2026-08-30 14:09:00] DEBUG: 🚫 Checking DNR violations...
[2026-08-30 14:10:00] DEBUG: ⏰ Running beige check...
[2026-08-30 14:10:00] DEBUG: Running beige exit check...
[2026-08-30 14:10:01] DEBUG: Beige: 122 total, 14 in beige
[2026-08-30 14:10:01] DEBUG: Beige check guild 1394283356459503737: 14 in beige, intervals: 60,30,15,5
[2026-08-30 14:10:01] DEBUG:   Ubermericus: 2760min remaining
[2026-08-30 14:10:01] DEBUG:   Mithrados: 3600min remaining
[2026-08-30 14:10:01] DEBUG:   Shadow Empire 1: 2640min remaining
[2026-08-30 14:10:01] DEBUG:   Saltana: 600min remaining
[2026-08-30 14:10:01] DEBUG:   United Kingdoms of bobia: 1560min remaining
[2026-08-30 14:10:01] DEBUG:   Paruna: 2640min remaining
[2026-08-30 14:10:01] DEBUG:   Respublik ow Wehlen: 4680min remaining
[2026-08-30 14:10:01] DEBUG:   Great Sheddy: 3360min remaining
[2026-08-30 14:10:01] DEBUG:   Destinyah: 1200min remaining
[2026-08-30 14:10:01] DEBUG:   Seraphid Empire: 360min remaining
[2026-08-30 14:10:01] DEBUG:   United Afrikaan Republic: 3360min remaining
[2026-08-30 14:10:01] DEBUG:   The Null: 12240min remaining
[2026-08-30 14:10:01] DEBUG:   Independent Kwelder Republic: 12480min remaining
[2026-08-30 14:10:01] DEBUG:   IDONTKNOWLEAVEMEALONE: 15000min remaining
[2026-08-30 14:12:00] DEBUG: 🚫 Checking DNR violations...
[2026-08-30 14:14:15] ERROR: P&W API HTTP error: timeout of 15000ms exceeded
[2026-08-30 14:14:15] ERROR: War monitor error for guild 1394283356459503737: timeout of 15000ms exceeded
[2026-08-30 14:14:15] ERROR: P&W API HTTP error: timeout of 15000ms exceeded
[2026-08-30 14:14:15] ERROR: fetchNewAttacks: timeout of 15000ms exceeded
[2026-08-30 14:14:30] ERROR: P&W API HTTP error: timeout of 15000ms exceeded
[2026-08-30 14:14:30] ERROR: fetchNewAttacks: timeout of 15000ms exceeded
[2026-08-30 14:15:00] DEBUG: 🚫 Checking DNR violations...
[2026-08-30 14:15:00] DEBUG: ⏰ Running beige check...
[2026-08-30 14:15:00] DEBUG: Running beige exit check...
[2026-08-30 14:15:00] DEBUG: 🔍 Checking military changes...
[2026-08-30 14:15:00] DEBUG: 🏖️ Checking vacation mode changes...
[2026-08-30 14:15:03] DEBUG: Beige: 122 total, 14 in beige
[2026-08-30 14:15:03] DEBUG: Beige check guild 1394283356459503737: 14 in beige, intervals: 60,30,15,5
[2026-08-30 14:15:03] DEBUG:   Ubermericus: 2760min remaining
[2026-08-30 14:15:03] DEBUG:   Mithrados: 3600min remaining
[2026-08-30 14:15:03] DEBUG:   Shadow Empire 1: 2640min remaining
[2026-08-30 14:15:03] DEBUG:   Saltana: 600min remaining
[2026-08-30 14:15:03] DEBUG:   United Kingdoms of bobia: 1560min remaining
[2026-08-30 14:15:03] DEBUG:   Paruna: 2640min remaining
[2026-08-30 14:15:03] DEBUG:   Respublik ow Wehlen: 4680min remaining
[2026-08-30 14:15:03] DEBUG:   Great Sheddy: 3360min remaining
[2026-08-30 14:15:03] DEBUG:   Destinyah: 1200min remaining
[2026-08-30 14:15:03] DEBUG:   Seraphid Empire: 360min remaining
[2026-08-30 14:15:03] DEBUG:   United Afrikaan Republic: 3360min remaining
[2026-08-30 14:15:03] DEBUG:   The Null: 12240min remaining
[2026-08-30 14:15:03] DEBUG:   Independent Kwelder Republic: 12480min remaining
[2026-08-30 14:15:03] DEBUG:   IDONTKNOWLEAVEMEALONE: 15000min remaining
[2026-08-30 14:15:17] ERROR: P&W API HTTP error: timeout of 15000ms exceeded
[2026-08-30 14:15:17] ERROR: fetchNewAttacks: timeout of 15000ms exceeded
[2026-08-30 14:15:17] ERROR: P&W API HTTP error: timeout of 15000ms exceeded
[2026-08-30 14:16:01] DEBUG: Alliance 14124: 67 total nations, 51 actual members, 16 applicants excluded
[2026-08-30 14:18:00] DEBUG: 🚫 Checking DNR violations...
[2026-08-30 14:20:00] DEBUG: ⏰ Running beige check...
[2026-08-30 14:20:00] DEBUG: Running beige exit check...
[2026-08-30 14:20:01] DEBUG: Beige: 122 total, 14 in beige
[2026-08-30 14:20:01] DEBUG: Beige check guild 1394283356459503737: 14 in beige, intervals: 60,30,15,5
[2026-08-30 14:20:01] DEBUG:   Ubermericus: 2760min remaining
[2026-08-30 14:20:01] DEBUG:   Mithrados: 3600min remaining
[2026-08-30 14:20:01] DEBUG:   Shadow Empire 1: 2640min remaining
[2026-08-30 14:20:01] DEBUG:   Saltana: 600min remaining
[2026-08-30 14:20:01] DEBUG:   United Kingdoms of bobia: 1560min remaining
[2026-08-30 14:20:01] DEBUG:   Paruna: 2640min remaining
[2026-08-30 14:20:01] DEBUG:   Respublik ow Wehlen: 4680min remaining
[2026-08-30 14:20:01] DEBUG:   Great Sheddy: 3360min remaining
[2026-08-30 14:20:01] DEBUG:   Destinyah: 1200min remaining
[2026-08-30 14:20:01] DEBUG:   Seraphid Empire: 360min remaining
[2026-08-30 14:20:01] DEBUG:   United Afrikaan Republic: 3360min remaining
[2026-08-30 14:20:01] DEBUG:   The Null: 12240min remaining
[2026-08-30 14:20:01] DEBUG:   Independent Kwelder Republic: 12480min remaining
[2026-08-30 14:20:01] DEBUG:   IDONTKNOWLEAVEMEALONE: 15000min remaining
[2026-08-30 14:21:00] DEBUG: 🚫 Checking DNR violations...
[2026-08-30 14:23:48] INFO: Bot shut down. Database saved.
[2026-08-30 15:23:08] INFO: Loaded existing database from disk
[2026-08-30 15:23:08] INFO: All database tables ready
[2026-08-30 15:23:08] INFO: Database ready at: C:\Users\hp\Desktop\pw-bot\data\bot.db
[2026-08-30 18:54:00] INFO: Starting PW Defense Bot...
[2026-08-30 18:54:00] INFO: Loaded existing database from disk
[2026-08-30 18:54:00] INFO: All database tables ready
[2026-08-30 18:54:00] INFO: Database ready at: C:\Users\hp\Desktop\pw-bot\data\bot.db
[2026-08-30 18:54:00] INFO: ✅ Database ready
[2026-08-30 18:54:00] DEBUG: Loaded command: /backup
[2026-08-30 18:54:00] DEBUG: Loaded command: /config
[2026-08-30 18:54:00] DEBUG: Loaded command: /alerts
[2026-08-30 18:54:00] DEBUG: Loaded command: /help
[2026-08-30 18:54:00] DEBUG: Loaded command: /ping
[2026-08-30 18:54:01] DEBUG: Loaded command: /beige
[2026-08-30 18:54:01] DEBUG: Loaded command: /coalition
[2026-08-30 18:54:01] DEBUG: Loaded command: /dnr
[2026-08-30 18:54:01] DEBUG: Loaded command: /enemy
[2026-08-30 18:54:01] DEBUG: Loaded command: /intel
[2026-08-30 18:54:01] DEBUG: Loaded command: /nation
[2026-08-30 18:54:01] DEBUG: Loaded command: /targets
[2026-08-30 18:54:01] DEBUG: Loaded command: /treaty
[2026-08-30 18:54:01] DEBUG: Loaded command: /watch
[2026-08-30 18:54:01] DEBUG: Loaded command: /assign
[2026-08-30 18:54:01] DEBUG: Loaded command: /blitz
[2026-08-30 18:54:01] DEBUG: Loaded command: /blitzplan
[2026-08-30 18:54:01] DEBUG: Loaded command: /compliance
[2026-08-30 18:54:01] DEBUG: Loaded command: /counter
[2026-08-30 18:54:01] DEBUG: Loaded command: /hq
[2026-08-30 18:54:01] DEBUG: Loaded command: /operation
[2026-08-30 18:54:01] DEBUG: Loaded command: /readiness
[2026-08-30 18:54:01] DEBUG: Loaded command: /reserve
[2026-08-30 18:54:01] DEBUG: Loaded command: /war
[2026-08-30 18:54:01] DEBUG: Loaded command: /warroom
[2026-08-30 18:54:01] DEBUG: Loaded command: /gov-dashboard
[2026-08-30 18:54:01] DEBUG: Loaded command: /health
[2026-08-30 18:54:01] DEBUG: Loaded command: /participation
[2026-08-30 18:54:01] DEBUG: Loaded command: /report
[2026-08-30 18:54:01] DEBUG: Loaded command: /link
[2026-08-30 18:54:01] INFO: Total commands loaded: 30
[2026-08-30 18:54:01] INFO: ✅ Commands loaded
[2026-08-30 18:54:01] DEBUG: Loaded event: interactionCreate
[2026-08-30 18:54:01] DEBUG: Loaded event: clientReady
[2026-08-30 18:54:01] INFO: ✅ Events loaded
[2026-08-30 18:54:04] INFO: ✅ Bot is online! Logged in as: TUN Defence System Bot#4166
[2026-08-30 18:54:04] INFO:    Serving 1 server(s)
[2026-08-30 18:54:04] INFO: Starting background job scheduler...
[2026-08-30 18:54:04] INFO: ✅ Scheduler — defense 60s | attacks 1min | DNR 3min | beige 5min | military/vacation 15min | expiry 30min | backup 6h | daily 08:00 UTC
[2026-08-30 18:54:04] INFO: ✅ Background jobs started
[2026-08-30 18:54:14] INFO: Running startup checks...
[2026-08-30 18:54:14] DEBUG: Running beige exit check...
[2026-08-30 18:54:15] DEBUG: Beige: 122 total, 14 in beige
[2026-08-30 18:54:15] DEBUG: Beige check guild 1394283356459503737: 14 in beige, intervals: 60,30,15,5
[2026-08-30 18:54:15] DEBUG:   Ubermericus: 2520min remaining
[2026-08-30 18:54:15] DEBUG:   Mithrados: 3360min remaining
[2026-08-30 18:54:15] DEBUG:   Shadow Empire 1: 2400min remaining
[2026-08-30 18:54:15] DEBUG:   Saltana: 360min remaining
[2026-08-30 18:54:15] DEBUG:   United Kingdoms of bobia: 1320min remaining
[2026-08-30 18:54:15] DEBUG:   Paruna: 2400min remaining
[2026-08-30 18:54:15] DEBUG:   Respublik ow Wehlen: 4440min remaining
[2026-08-30 18:54:15] DEBUG:   Great Sheddy: 3120min remaining
[2026-08-30 18:54:15] DEBUG:   Destinyah: 960min remaining
[2026-08-30 18:54:15] DEBUG:   Seraphid Empire: 120min remaining
[2026-08-30 18:54:15] DEBUG:   United Afrikaan Republic: 3120min remaining
[2026-08-30 18:54:15] DEBUG:   The Null: 12000min remaining
[2026-08-30 18:54:15] DEBUG:   Independent Kwelder Republic: 12240min remaining
[2026-08-30 18:54:15] DEBUG:   IDONTKNOWLEAVEMEALONE: 14760min remaining
[2026-08-30 18:54:15] DEBUG: Treaty sync: 10 treaties for 14124
[2026-08-30 18:54:17] DEBUG: Alliance 14124: 67 total nations, 51 actual members, 16 applicants excluded
[2026-08-30 18:54:42] ERROR: Error in /backup: Interaction has already been acknowledged. Interaction has already been acknowledged.
DiscordAPIError[40060]: Interaction has already been acknowledged.
    at handleErrors (C:\Users\hp\Desktop\pw-bot\node_modules\@discordjs\rest\dist\index.js:762:13)
    at process.processTicksAndRejections (node:internal/process/task_queues:103:5)
    at async BurstHandler.runRequest (C:\Users\hp\Desktop\pw-bot\node_modules\@discordjs\rest\dist\index.js:866:23)
    at async _REST.request (C:\Users\hp\Desktop\pw-bot\node_modules\@discordjs\rest\dist\index.js:1307:22)
    at async ChatInputCommandInteraction.deferReply (C:\Users\hp\Desktop\pw-bot\node_modules\discord.js\src\structures\interfaces\InteractionResponses.js:122:22)
    at async Object.execute (C:\Users\hp\Desktop\pw-bot\src\commands\admin\backup.js:205:7)
    at async Object.execute (C:\Users\hp\Desktop\pw-bot\src\events\interactionCreate.js:26:9)
[2026-08-30 18:54:57] ERROR: Error in /warroom: Interaction has already been acknowledged. Interaction has already been acknowledged.
DiscordAPIError[40060]: Interaction has already been acknowledged.
    at handleErrors (C:\Users\hp\Desktop\pw-bot\node_modules\@discordjs\rest\dist\index.js:762:13)
    at process.processTicksAndRejections (node:internal/process/task_queues:103:5)
    at async BurstHandler.runRequest (C:\Users\hp\Desktop\pw-bot\node_modules\@discordjs\rest\dist\index.js:866:23)
    at async _REST.request (C:\Users\hp\Desktop\pw-bot\node_modules\@discordjs\rest\dist\index.js:1307:22)
    at async ChatInputCommandInteraction.reply (C:\Users\hp\Desktop\pw-bot\node_modules\discord.js\src\structures\interfaces\InteractionResponses.js:193:22)
    at async Object.execute (C:\Users\hp\Desktop\pw-bot\src\events\interactionCreate.js:26:9)
[2026-08-30 18:55:00] DEBUG: ⏰ Running beige check...
[2026-08-30 18:55:00] DEBUG: Running beige exit check...
[2026-08-30 18:55:02] DEBUG: Beige: 122 total, 14 in beige
[2026-08-30 18:55:02] DEBUG: Beige check guild 1394283356459503737: 14 in beige, intervals: 60,30,15,5
[2026-08-30 18:55:02] DEBUG:   Ubermericus: 2520min remaining
[2026-08-30 18:55:02] DEBUG:   Mithrados: 3360min remaining
[2026-08-30 18:55:02] DEBUG:   Shadow Empire 1: 2400min remaining
[2026-08-30 18:55:02] DEBUG:   Saltana: 360min remaining
[2026-08-30 18:55:02] DEBUG:   United Kingdoms of bobia: 1320min remaining
[2026-08-30 18:55:02] DEBUG:   Paruna: 2400min remaining
[2026-08-30 18:55:02] DEBUG:   Respublik ow Wehlen: 4440min remaining
[2026-08-30 18:55:02] DEBUG:   Great Sheddy: 3120min remaining
[2026-08-30 18:55:02] DEBUG:   Destinyah: 960min remaining
[2026-08-30 18:55:02] DEBUG:   Seraphid Empire: 120min remaining
[2026-08-30 18:55:02] DEBUG:   United Afrikaan Republic: 3120min remaining
[2026-08-30 18:55:02] DEBUG:   The Null: 12000min remaining
[2026-08-30 18:55:02] DEBUG:   Independent Kwelder Republic: 12240min remaining
[2026-08-30 18:55:02] DEBUG:   IDONTKNOWLEAVEMEALONE: 14760min remaining
[2026-08-30 18:55:05] ERROR: Error in /warroom: Interaction has already been acknowledged. Interaction has already been acknowledged.
DiscordAPIError[40060]: Interaction has already been acknowledged.
    at handleErrors (C:\Users\hp\Desktop\pw-bot\node_modules\@discordjs\rest\dist\index.js:762:13)
    at process.processTicksAndRejections (node:internal/process/task_queues:103:5)
    at async BurstHandler.runRequest (C:\Users\hp\Desktop\pw-bot\node_modules\@discordjs\rest\dist\index.js:866:23)
    at async _REST.request (C:\Users\hp\Desktop\pw-bot\node_modules\@discordjs\rest\dist\index.js:1307:22)
    at async ChatInputCommandInteraction.deferReply (C:\Users\hp\Desktop\pw-bot\node_modules\discord.js\src\structures\interfaces\InteractionResponses.js:122:22)
    at async Object.execute (C:\Users\hp\Desktop\pw-bot\src\commands\military\warroom.js:75:7)
    at async Object.execute (C:\Users\hp\Desktop\pw-bot\src\events\interactionCreate.js:26:9)
[2026-08-30 18:57:00] DEBUG: 🚫 Checking DNR violations...
[2026-08-30 18:59:28] INFO: Bot shut down. Database saved.
[2026-08-30 18:59:34] INFO: Starting PW Defense Bot...
[2026-08-30 18:59:35] INFO: Loaded existing database from disk
[2026-08-30 18:59:35] INFO: All database tables ready
[2026-08-30 18:59:35] INFO: Database ready at: C:\Users\hp\Desktop\pw-bot\data\bot.db
[2026-08-30 18:59:35] INFO: ✅ Database ready
[2026-08-30 18:59:35] DEBUG: Loaded command: /backup
[2026-08-30 18:59:35] DEBUG: Loaded command: /config
[2026-08-30 18:59:35] DEBUG: Loaded command: /alerts
[2026-08-30 18:59:35] DEBUG: Loaded command: /help
[2026-08-30 18:59:35] DEBUG: Loaded command: /ping
[2026-08-30 18:59:35] DEBUG: Loaded command: /beige
[2026-08-30 18:59:35] DEBUG: Loaded command: /coalition
[2026-08-30 18:59:35] DEBUG: Loaded command: /dnr
[2026-08-30 18:59:35] DEBUG: Loaded command: /enemy
[2026-08-30 18:59:35] DEBUG: Loaded command: /intel
[2026-08-30 18:59:35] DEBUG: Loaded command: /nation
[2026-08-30 18:59:35] DEBUG: Loaded command: /targets
[2026-08-30 18:59:35] DEBUG: Loaded command: /treaty
[2026-08-30 18:59:35] DEBUG: Loaded command: /watch
[2026-08-30 18:59:35] DEBUG: Loaded command: /assign
[2026-08-30 18:59:35] DEBUG: Loaded command: /blitz
[2026-08-30 18:59:35] DEBUG: Loaded command: /blitzplan
[2026-08-30 18:59:35] DEBUG: Loaded command: /compliance
[2026-08-30 18:59:35] DEBUG: Loaded command: /counter
[2026-08-30 18:59:35] DEBUG: Loaded command: /hq
[2026-08-30 18:59:35] DEBUG: Loaded command: /operation
[2026-08-30 18:59:35] DEBUG: Loaded command: /readiness
[2026-08-30 18:59:35] DEBUG: Loaded command: /reserve
[2026-08-30 18:59:35] DEBUG: Loaded command: /war
[2026-08-30 18:59:35] DEBUG: Loaded command: /warroom
[2026-08-30 18:59:35] DEBUG: Loaded command: /gov-dashboard
[2026-08-30 18:59:35] DEBUG: Loaded command: /health
[2026-08-30 18:59:35] DEBUG: Loaded command: /participation
[2026-08-30 18:59:35] DEBUG: Loaded command: /report
[2026-08-30 18:59:35] DEBUG: Loaded command: /link
[2026-08-30 18:59:35] INFO: Total commands loaded: 30
[2026-08-30 18:59:35] INFO: ✅ Commands loaded
[2026-08-30 18:59:35] DEBUG: Loaded event: interactionCreate
[2026-08-30 18:59:35] DEBUG: Loaded event: clientReady
[2026-08-30 18:59:35] INFO: ✅ Events loaded
[2026-08-30 18:59:37] INFO: ✅ Bot is online! Logged in as: TUN Defence System Bot#4166
[2026-08-30 18:59:37] INFO:    Serving 1 server(s)
[2026-08-30 18:59:37] INFO: Starting background job scheduler...
[2026-08-30 18:59:37] INFO: ✅ Scheduler — defense 60s | attacks 1min | DNR 3min | beige 5min | military/vacation 15min | expiry 30min | backup 6h | daily 08:00 UTC
[2026-08-30 18:59:37] INFO: ✅ Background jobs started
[2026-08-30 18:59:47] INFO: Running startup checks...
[2026-08-30 18:59:47] DEBUG: Running beige exit check...
[2026-08-30 18:59:49] DEBUG: Beige: 122 total, 14 in beige
[2026-08-30 18:59:49] DEBUG: Beige check guild 1394283356459503737: 14 in beige, intervals: 60,30,15,5
[2026-08-30 18:59:49] DEBUG:   Ubermericus: 2520min remaining
[2026-08-30 18:59:49] DEBUG:   Mithrados: 3360min remaining
[2026-08-30 18:59:49] DEBUG:   Shadow Empire 1: 2400min remaining
[2026-08-30 18:59:49] DEBUG:   Saltana: 360min remaining
[2026-08-30 18:59:49] DEBUG:   United Kingdoms of bobia: 1320min remaining
[2026-08-30 18:59:49] DEBUG:   Paruna: 2400min remaining
[2026-08-30 18:59:49] DEBUG:   Respublik ow Wehlen: 4440min remaining
[2026-08-30 18:59:49] DEBUG:   Great Sheddy: 3120min remaining
[2026-08-30 18:59:49] DEBUG:   Destinyah: 960min remaining
[2026-08-30 18:59:49] DEBUG:   Seraphid Empire: 120min remaining
[2026-08-30 18:59:49] DEBUG:   United Afrikaan Republic: 3120min remaining
[2026-08-30 18:59:49] DEBUG:   The Null: 12000min remaining
[2026-08-30 18:59:49] DEBUG:   Independent Kwelder Republic: 12240min remaining
[2026-08-30 18:59:49] DEBUG:   IDONTKNOWLEAVEMEALONE: 14760min remaining
[2026-08-30 18:59:50] DEBUG: Treaty sync: 10 treaties for 14124
[2026-08-30 18:59:51] DEBUG: Alliance 14124: 67 total nations, 51 actual members, 16 applicants excluded
[2026-08-30 19:00:00] DEBUG: 🚫 Checking DNR violations...
[2026-08-30 19:00:00] DEBUG: ⏰ Running beige check...
[2026-08-30 19:00:00] DEBUG: Running beige exit check...
[2026-08-30 19:00:00] DEBUG: 🔍 Checking military changes...
[2026-08-30 19:00:00] DEBUG: 🏖️ Checking vacation mode changes...
[2026-08-30 19:00:00] DEBUG: ⏰ Checking war expiry...
[2026-08-30 19:00:01] INFO: Military change alert sent for nation 773165 in guild 1394283356459503737
[2026-08-30 19:00:04] DEBUG: Beige: 122 total, 14 in beige
[2026-08-30 19:00:04] DEBUG: Beige check guild 1394283356459503737: 14 in beige, intervals: 60,30,15,5
[2026-08-30 19:00:04] DEBUG:   Ubermericus: 2400min remaining
[2026-08-30 19:00:04] DEBUG:   Mithrados: 3240min remaining
[2026-08-30 19:00:04] DEBUG:   Shadow Empire 1: 2400min remaining
[2026-08-30 19:00:04] DEBUG:   Saltana: 360min remaining
[2026-08-30 19:00:04] DEBUG:   United Kingdoms of bobia: 1320min remaining
[2026-08-30 19:00:04] DEBUG:   Paruna: 2400min remaining
[2026-08-30 19:00:04] DEBUG:   Respublik ow Wehlen: 4440min remaining
[2026-08-30 19:00:04] DEBUG:   Great Sheddy: 3120min remaining
[2026-08-30 19:00:04] DEBUG:   Destinyah: 960min remaining
[2026-08-30 19:00:04] DEBUG:   Seraphid Empire: 120min remaining
[2026-08-30 19:00:04] DEBUG:   United Afrikaan Republic: 3120min remaining
[2026-08-30 19:00:04] DEBUG:   The Null: 12000min remaining
[2026-08-30 19:00:04] DEBUG:   Independent Kwelder Republic: 12240min remaining
[2026-08-30 19:00:04] DEBUG:   IDONTKNOWLEAVEMEALONE: 14760min remaining
[2026-08-30 19:00:06] INFO: Military change alert sent for nation 775839 in guild 1394283356459503737
[2026-08-30 19:00:07] INFO: Military change alert sent for nation 784876 in guild 1394283356459503737
[2026-08-30 19:00:51] INFO: War room created: ⚔️-bobworld for war 2694599
[2026-08-30 19:00:57] INFO: War room created: ⚔️-takistan for war 2694434
[2026-08-30 19:01:03] INFO: War room created: ⚔️-slaughternation for war 2694139
[2026-08-30 19:01:11] INFO: War room created: ⚔️-turestan for war 2694111
[2026-08-30 19:01:17] INFO: War room created: ⚔️-the-crimson-sun for war 2693629
[2026-08-30 19:01:22] INFO: War room created: ⚔️-iran-persian for war 2694801
[2026-08-30 19:01:27] INFO: War room created: ⚔️-frealand for war 2694296
[2026-08-30 19:01:33] INFO: War room created: ⚔️-hispania for war 2694164
[2026-08-30 19:03:00] DEBUG: 🚫 Checking DNR violations...
[2026-08-30 19:05:00] DEBUG: ⏰ Running beige check...
[2026-08-30 19:05:00] DEBUG: Running beige exit check...
[2026-08-30 19:05:07] DEBUG: Beige: 122 total, 13 in beige
[2026-08-30 19:05:07] DEBUG: Beige check guild 1394283356459503737: 13 in beige, intervals: 60,30,15,5
[2026-08-30 19:05:07] DEBUG:   Ubermericus: 2400min remaining
[2026-08-30 19:05:07] DEBUG:   Mithrados: 3240min remaining
[2026-08-30 19:05:07] DEBUG:   Shadow Empire 1: 2280min remaining
[2026-08-30 19:05:07] DEBUG:   Saltana: 240min remaining
[2026-08-30 19:05:07] DEBUG:   United Kingdoms of bobia: 1200min remaining
[2026-08-30 19:05:07] DEBUG:   Paruna: 2280min remaining
[2026-08-30 19:05:07] DEBUG:   Respublik ow Wehlen: 4320min remaining
[2026-08-30 19:05:07] DEBUG:   Great Sheddy: 3000min remaining
[2026-08-30 19:05:07] DEBUG:   Destinyah: 840min remaining
[2026-08-30 19:05:07] DEBUG:   United Afrikaan Republic: 3000min remaining
[2026-08-30 19:05:07] DEBUG:   The Null: 11880min remaining
[2026-08-30 19:05:07] DEBUG:   Independent Kwelder Republic: 12120min remaining
[2026-08-30 19:05:07] DEBUG:   IDONTKNOWLEAVEMEALONE: 14640min remaining
[2026-08-30 19:06:00] DEBUG: 🚫 Checking DNR violations...
[2026-08-30 19:09:00] DEBUG: 🚫 Checking DNR violations...
[2026-08-30 19:10:00] DEBUG: ⏰ Running beige check...
[2026-08-30 19:10:00] DEBUG: Running beige exit check...
[2026-08-30 19:10:02] DEBUG: Beige: 122 total, 13 in beige
[2026-08-30 19:10:02] DEBUG: Beige check guild 1394283356459503737: 13 in beige, intervals: 60,30,15,5
[2026-08-30 19:10:02] DEBUG:   Ubermericus: 2400min remaining
[2026-08-30 19:10:02] DEBUG:   Mithrados: 3240min remaining
[2026-08-30 19:10:02] DEBUG:   Shadow Empire 1: 2280min remaining
[2026-08-30 19:10:02] DEBUG:   Saltana: 240min remaining
[2026-08-30 19:10:02] DEBUG:   United Kingdoms of bobia: 1200min remaining
[2026-08-30 19:10:02] DEBUG:   Paruna: 2280min remaining
[2026-08-30 19:10:02] DEBUG:   Respublik ow Wehlen: 4320min remaining
[2026-08-30 19:10:02] DEBUG:   Great Sheddy: 3000min remaining
[2026-08-30 19:10:02] DEBUG:   Destinyah: 840min remaining
[2026-08-30 19:10:02] DEBUG:   United Afrikaan Republic: 3000min remaining
[2026-08-30 19:10:02] DEBUG:   The Null: 11880min remaining
[2026-08-30 19:10:02] DEBUG:   Independent Kwelder Republic: 12120min remaining
[2026-08-30 19:10:02] DEBUG:   IDONTKNOWLEAVEMEALONE: 14640min remaining
[2026-08-30 19:10:03] DEBUG: Alliance 14124: 67 total nations, 51 actual members, 16 applicants excluded
[2026-08-30 19:12:00] DEBUG: 🚫 Checking DNR violations...
[2026-08-30 19:13:00] ERROR: P&W API HTTP error: write EPROTO 94470000:error:0A00041B:SSL routines:ssl3_read_bytes:tlsv1 alert decrypt error:c:\ws\deps\openssl\openssl\ssl\record\rec_layer_s3.c:918:SSL alert number 51

[2026-08-30 19:13:00] ERROR: fetchNewAttacks: write EPROTO 94470000:error:0A00041B:SSL routines:ssl3_read_bytes:tlsv1 alert decrypt error:c:\ws\deps\openssl\openssl\ssl\record\rec_layer_s3.c:918:SSL alert number 51

[2026-08-30 19:15:00] DEBUG: 🔍 Checking military changes...
[2026-08-30 19:15:00] DEBUG: 🏖️ Checking vacation mode changes...
[2026-08-30 19:15:00] DEBUG: 🚫 Checking DNR violations...
[2026-08-30 19:15:00] DEBUG: ⏰ Running beige check...
[2026-08-30 19:15:00] DEBUG: Running beige exit check...
[2026-08-30 19:15:01] INFO: Military change alert sent for nation 773165 in guild 1394283356459503737
[2026-08-30 19:15:03] DEBUG: Beige: 122 total, 13 in beige
[2026-08-30 19:15:03] DEBUG: Beige check guild 1394283356459503737: 13 in beige, intervals: 60,30,15,5
[2026-08-30 19:15:03] DEBUG:   Ubermericus: 2400min remaining
[2026-08-30 19:15:03] DEBUG:   Mithrados: 3240min remaining
[2026-08-30 19:15:03] DEBUG:   Shadow Empire 1: 2280min remaining
[2026-08-30 19:15:03] DEBUG:   Saltana: 240min remaining
[2026-08-30 19:15:03] DEBUG:   United Kingdoms of bobia: 1200min remaining
[2026-08-30 19:15:03] DEBUG:   Paruna: 2280min remaining
[2026-08-30 19:15:03] DEBUG:   Respublik ow Wehlen: 4320min remaining
[2026-08-30 19:15:03] DEBUG:   Great Sheddy: 3000min remaining
[2026-08-30 19:15:03] DEBUG:   Destinyah: 840min remaining
[2026-08-30 19:15:03] DEBUG:   United Afrikaan Republic: 3000min remaining
[2026-08-30 19:15:03] DEBUG:   The Null: 11880min remaining
[2026-08-30 19:15:03] DEBUG:   Independent Kwelder Republic: 12120min remaining
[2026-08-30 19:15:03] DEBUG:   IDONTKNOWLEAVEMEALONE: 14640min remaining
[2026-08-30 19:15:04] INFO: Military change alert sent for nation 774782 in guild 1394283356459503737
[2026-08-30 19:15:05] INFO: Military change alert sent for nation 776245 in guild 1394283356459503737
[2026-08-30 19:15:05] INFO: Military change alert sent for nation 791373 in guild 1394283356459503737
[2026-08-30 19:15:30] INFO: Bot shut down. Database saved.
[2026-08-31 01:54:15] INFO: Starting PW Defense Bot...
[2026-08-31 01:54:15] INFO: Loaded existing database from disk
[2026-08-31 01:54:15] INFO: All database tables ready
[2026-08-31 01:54:15] INFO: Database ready at: C:\Users\hp\Desktop\pw-bot\data\bot.db
[2026-08-31 01:54:15] INFO: ✅ Database ready
[2026-08-31 01:54:15] DEBUG: Loaded command: /backup
[2026-08-31 01:54:15] DEBUG: Loaded command: /config
[2026-08-31 01:54:15] DEBUG: Loaded command: /alerts
[2026-08-31 01:54:15] DEBUG: Loaded command: /help
[2026-08-31 01:54:15] DEBUG: Loaded command: /ping
[2026-08-31 01:54:15] DEBUG: Loaded command: /beige
[2026-08-31 01:54:15] DEBUG: Loaded command: /coalition
[2026-08-31 01:54:15] DEBUG: Loaded command: /dnr
[2026-08-31 01:54:15] DEBUG: Loaded command: /enemy
[2026-08-31 01:54:15] DEBUG: Loaded command: /intel
[2026-08-31 01:54:15] DEBUG: Loaded command: /nation
[2026-08-31 01:54:15] DEBUG: Loaded command: /targets
[2026-08-31 01:54:15] DEBUG: Loaded command: /treaty
[2026-08-31 01:54:15] DEBUG: Loaded command: /watch
[2026-08-31 01:54:15] DEBUG: Loaded command: /assign
[2026-08-31 01:54:15] DEBUG: Loaded command: /blitz
[2026-08-31 01:54:15] DEBUG: Loaded command: /blitzplan
[2026-08-31 01:54:15] DEBUG: Loaded command: /compliance
[2026-08-31 01:54:15] DEBUG: Loaded command: /counter
[2026-08-31 01:54:15] DEBUG: Loaded command: /hq
[2026-08-31 01:54:15] DEBUG: Loaded command: /operation
[2026-08-31 01:54:15] DEBUG: Loaded command: /readiness
[2026-08-31 01:54:15] DEBUG: Loaded command: /reserve
[2026-08-31 01:54:15] DEBUG: Loaded command: /war
[2026-08-31 01:54:15] DEBUG: Loaded command: /warroom
[2026-08-31 01:54:15] DEBUG: Loaded command: /gov-dashboard
[2026-08-31 01:54:15] DEBUG: Loaded command: /health
[2026-08-31 01:54:15] DEBUG: Loaded command: /participation
[2026-08-31 01:54:15] DEBUG: Loaded command: /report
[2026-08-31 01:54:15] DEBUG: Loaded command: /link
[2026-08-31 01:54:15] INFO: Total commands loaded: 30
[2026-08-31 01:54:15] INFO: ✅ Commands loaded
[2026-08-31 01:54:15] DEBUG: Loaded event: interactionCreate
[2026-08-31 01:54:16] DEBUG: Loaded event: clientReady
[2026-08-31 01:54:16] INFO: ✅ Events loaded
[2026-08-31 01:54:18] INFO: ✅ Bot is online! Logged in as: TUN Defence System Bot#4166
[2026-08-31 01:54:18] INFO:    Serving 1 server(s)
[2026-08-31 01:54:18] INFO: Starting background job scheduler...
[2026-08-31 01:54:18] INFO: ✅ Scheduler — defense 60s | attacks 1min | DNR 3min | beige 5min | military/vacation 15min | expiry 30min | backup 6h | daily 08:00 UTC
[2026-08-31 01:54:18] INFO: ✅ Background jobs started
[2026-08-31 01:54:28] INFO: Running startup checks...
[2026-08-31 01:54:28] DEBUG: Running beige exit check...
[2026-08-31 01:54:29] DEBUG: Beige: 120 total, 13 in beige
[2026-08-31 01:54:29] DEBUG: Beige check guild 1394283356459503737: 13 in beige, intervals: 60,30,15,5
[2026-08-31 01:54:29] DEBUG:   Ubermericus: 2040min remaining
[2026-08-31 01:54:29] DEBUG:   Mithrados: 2880min remaining
[2026-08-31 01:54:29] DEBUG:   Shadow Empire 1: 1920min remaining
[2026-08-31 01:54:29] DEBUG:   United Kingdoms of bobia: 840min remaining
[2026-08-31 01:54:29] DEBUG:   Paruna: 1920min remaining
[2026-08-31 01:54:29] DEBUG:   Respublik ow Wehlen: 3960min remaining
[2026-08-31 01:54:29] DEBUG:   Great Sheddy: 5520min remaining
[2026-08-31 01:54:29] DEBUG:   Destinyah: 480min remaining
[2026-08-31 01:54:29] DEBUG:   Valencian Empire: 2880min remaining
[2026-08-31 01:54:29] DEBUG:   United Afrikaan Republic: 2640min remaining
[2026-08-31 01:54:29] DEBUG:   The Null: 11520min remaining
[2026-08-31 01:54:29] DEBUG:   Independent Kwelder Republic: 11760min remaining
[2026-08-31 01:54:29] DEBUG:   IDONTKNOWLEAVEMEALONE: 14280min remaining
[2026-08-31 01:54:30] DEBUG: Treaty sync: 10 treaties for 14124
[2026-08-31 01:54:31] DEBUG: Alliance 14124: 67 total nations, 51 actual members, 16 applicants excluded
[2026-08-31 01:55:00] DEBUG: ⏰ Running beige check...
[2026-08-31 01:55:00] DEBUG: Running beige exit check...
[2026-08-31 01:55:02] DEBUG: Beige: 120 total, 13 in beige
[2026-08-31 01:55:02] DEBUG: Beige check guild 1394283356459503737: 13 in beige, intervals: 60,30,15,5
[2026-08-31 01:55:02] DEBUG:   Ubermericus: 2040min remaining
[2026-08-31 01:55:02] DEBUG:   Mithrados: 2880min remaining
[2026-08-31 01:55:02] DEBUG:   Shadow Empire 1: 1920min remaining
[2026-08-31 01:55:02] DEBUG:   United Kingdoms of bobia: 840min remaining
[2026-08-31 01:55:02] DEBUG:   Paruna: 1920min remaining
[2026-08-31 01:55:02] DEBUG:   Respublik ow Wehlen: 3960min remaining
[2026-08-31 01:55:02] DEBUG:   Great Sheddy: 5520min remaining
[2026-08-31 01:55:02] DEBUG:   Destinyah: 480min remaining
[2026-08-31 01:55:02] DEBUG:   Valencian Empire: 2880min remaining
[2026-08-31 01:55:02] DEBUG:   United Afrikaan Republic: 2640min remaining
[2026-08-31 01:55:02] DEBUG:   The Null: 11520min remaining
[2026-08-31 01:55:02] DEBUG:   Independent Kwelder Republic: 11760min remaining
[2026-08-31 01:55:02] DEBUG:   IDONTKNOWLEAVEMEALONE: 14280min remaining
[2026-08-31 01:56:07] INFO: War room created: ⚔️-soviet-federation for war 2694973
[2026-08-31 01:57:00] DEBUG: 🚫 Checking DNR violations...
[2026-08-31 01:58:03] ERROR: P&W API HTTP error: B82B0000:error:0A0003FC:SSL routines:ssl3_read_bytes:ssl/tls alert bad record mac:c:\ws\deps\openssl\openssl\ssl\record\rec_layer_s3.c:918:SSL alert number 20

[2026-08-31 01:58:03] ERROR: fetchNewAttacks: B82B0000:error:0A0003FC:SSL routines:ssl3_read_bytes:ssl/tls alert bad record mac:c:\ws\deps\openssl\openssl\ssl\record\rec_layer_s3.c:918:SSL alert number 20

[2026-08-31 02:00:00] DEBUG: 🚫 Checking DNR violations...
[2026-08-31 02:00:00] DEBUG: ⏰ Running beige check...
[2026-08-31 02:00:00] DEBUG: Running beige exit check...
[2026-08-31 02:00:00] DEBUG: 🔍 Checking military changes...
[2026-08-31 02:00:00] DEBUG: 🏖️ Checking vacation mode changes...
[2026-08-31 02:00:00] DEBUG: ⏰ Checking war expiry...
[2026-08-31 02:00:04] DEBUG: Beige: 120 total, 13 in beige
[2026-08-31 02:00:04] DEBUG: Beige check guild 1394283356459503737: 13 in beige, intervals: 60,30,15,5
[2026-08-31 02:00:04] DEBUG:   Ubermericus: 2040min remaining
[2026-08-31 02:00:04] DEBUG:   Mithrados: 2880min remaining
[2026-08-31 02:00:04] DEBUG:   Shadow Empire 1: 1920min remaining
[2026-08-31 02:00:04] DEBUG:   United Kingdoms of bobia: 840min remaining
[2026-08-31 02:00:04] DEBUG:   Paruna: 1920min remaining
[2026-08-31 02:00:04] DEBUG:   Respublik ow Wehlen: 3960min remaining
[2026-08-31 02:00:04] DEBUG:   Great Sheddy: 5520min remaining
[2026-08-31 02:00:04] DEBUG:   Destinyah: 480min remaining
[2026-08-31 02:00:04] DEBUG:   Valencian Empire: 2880min remaining
[2026-08-31 02:00:04] DEBUG:   United Afrikaan Republic: 2640min remaining
[2026-08-31 02:00:04] DEBUG:   The Null: 11520min remaining
[2026-08-31 02:00:04] DEBUG:   Independent Kwelder Republic: 11760min remaining
[2026-08-31 02:00:04] DEBUG:   IDONTKNOWLEAVEMEALONE: 14280min remaining
[2026-08-31 02:00:05] INFO: Vacation alert: Brimloth entered vacation (guild 1394283356459503737)
[2026-08-31 02:03:00] DEBUG: 🚫 Checking DNR violations...
[2026-08-31 02:04:00] ERROR: P&W API HTTP error: write EPROTO B82B0000:error:0A00041B:SSL routines:ssl3_read_bytes:tlsv1 alert decrypt error:c:\ws\deps\openssl\openssl\ssl\record\rec_layer_s3.c:918:SSL alert number 51

[2026-08-31 02:04:00] ERROR: War monitor error for guild 1394283356459503737: write EPROTO B82B0000:error:0A00041B:SSL routines:ssl3_read_bytes:tlsv1 alert decrypt error:c:\ws\deps\openssl\openssl\ssl\record\rec_layer_s3.c:918:SSL alert number 51

[2026-08-31 02:05:00] DEBUG: ⏰ Running beige check...
[2026-08-31 02:05:00] DEBUG: Running beige exit check...
[2026-08-31 02:05:01] DEBUG: Beige: 120 total, 13 in beige
[2026-08-31 02:05:01] DEBUG: Beige check guild 1394283356459503737: 13 in beige, intervals: 60,30,15,5
[2026-08-31 02:05:01] DEBUG:   Ubermericus: 2040min remaining
[2026-08-31 02:05:01] DEBUG:   Mithrados: 2880min remaining
[2026-08-31 02:05:01] DEBUG:   Shadow Empire 1: 1920min remaining
[2026-08-31 02:05:01] DEBUG:   United Kingdoms of bobia: 840min remaining
[2026-08-31 02:05:01] DEBUG:   Paruna: 1920min remaining
[2026-08-31 02:05:01] DEBUG:   Respublik ow Wehlen: 3960min remaining
[2026-08-31 02:05:01] DEBUG:   Great Sheddy: 5520min remaining
[2026-08-31 02:05:01] DEBUG:   Destinyah: 480min remaining
[2026-08-31 02:05:01] DEBUG:   Valencian Empire: 2880min remaining
[2026-08-31 02:05:01] DEBUG:   United Afrikaan Republic: 2640min remaining
[2026-08-31 02:05:01] DEBUG:   The Null: 11520min remaining
[2026-08-31 02:05:01] DEBUG:   Independent Kwelder Republic: 11760min remaining
[2026-08-31 02:05:01] DEBUG:   IDONTKNOWLEAVEMEALONE: 14280min remaining
[2026-08-31 02:05:01] DEBUG: Alliance 14124: 67 total nations, 51 actual members, 16 applicants excluded
[2026-08-31 02:06:00] DEBUG: 🚫 Checking DNR violations...
[2026-08-31 02:07:00] ERROR: P&W API HTTP error: write EPROTO B82B0000:error:0A00041B:SSL routines:ssl3_read_bytes:tlsv1 alert decrypt error:c:\ws\deps\openssl\openssl\ssl\record\rec_layer_s3.c:918:SSL alert number 51

[2026-08-31 02:07:00] ERROR: fetchNewAttacks: write EPROTO B82B0000:error:0A00041B:SSL routines:ssl3_read_bytes:tlsv1 alert decrypt error:c:\ws\deps\openssl\openssl\ssl\record\rec_layer_s3.c:918:SSL alert number 51

[2026-08-31 02:09:00] DEBUG: 🚫 Checking DNR violations...
[2026-08-31 02:10:00] DEBUG: ⏰ Running beige check...
[2026-08-31 02:10:00] DEBUG: Running beige exit check...
[2026-08-31 02:10:02] DEBUG: Beige: 120 total, 13 in beige
[2026-08-31 02:10:02] DEBUG: Beige check guild 1394283356459503737: 13 in beige, intervals: 60,30,15,5
[2026-08-31 02:10:02] DEBUG:   Ubermericus: 2040min remaining
[2026-08-31 02:10:02] DEBUG:   Mithrados: 2880min remaining
[2026-08-31 02:10:02] DEBUG:   Shadow Empire 1: 1920min remaining
[2026-08-31 02:10:02] DEBUG:   United Kingdoms of bobia: 840min remaining
[2026-08-31 02:10:02] DEBUG:   Paruna: 1920min remaining
[2026-08-31 02:10:02] DEBUG:   Respublik ow Wehlen: 3960min remaining
[2026-08-31 02:10:02] DEBUG:   Great Sheddy: 5520min remaining
[2026-08-31 02:10:02] DEBUG:   Destinyah: 480min remaining
[2026-08-31 02:10:02] DEBUG:   Valencian Empire: 2880min remaining
[2026-08-31 02:10:02] DEBUG:   United Afrikaan Republic: 2640min remaining
[2026-08-31 02:10:02] DEBUG:   The Null: 11520min remaining
[2026-08-31 02:10:02] DEBUG:   Independent Kwelder Republic: 11760min remaining
[2026-08-31 02:10:02] DEBUG:   IDONTKNOWLEAVEMEALONE: 14280min remaining
[2026-08-31 02:11:27] INFO: Bot shut down. Database saved.
[2026-08-31 02:11:34] INFO: Starting PW Defense Bot...
[2026-08-31 02:11:34] INFO: Loaded existing database from disk
[2026-08-31 02:11:34] INFO: All database tables ready
[2026-08-31 02:11:34] INFO: Database ready at: C:\Users\hp\Desktop\pw-bot\data\bot.db
[2026-08-31 02:11:34] INFO: ✅ Database ready
[2026-08-31 02:11:34] DEBUG: Loaded command: /backup
[2026-08-31 02:11:34] DEBUG: Loaded command: /config
[2026-08-31 02:11:34] DEBUG: Loaded command: /alerts
[2026-08-31 02:11:34] DEBUG: Loaded command: /help
[2026-08-31 02:11:34] DEBUG: Loaded command: /ping
[2026-08-31 02:11:34] DEBUG: Loaded command: /beige
[2026-08-31 02:11:34] DEBUG: Loaded command: /coalition
[2026-08-31 02:11:34] DEBUG: Loaded command: /dnr
[2026-08-31 02:11:34] DEBUG: Loaded command: /enemy
[2026-08-31 02:11:34] DEBUG: Loaded command: /intel
[2026-08-31 02:11:34] DEBUG: Loaded command: /nation
[2026-08-31 02:11:34] DEBUG: Loaded command: /targets
[2026-08-31 02:11:34] DEBUG: Loaded command: /treaty
[2026-08-31 02:11:34] DEBUG: Loaded command: /watch
[2026-08-31 02:11:34] DEBUG: Loaded command: /assign
[2026-08-31 02:11:34] DEBUG: Loaded command: /blitz
[2026-08-31 02:11:34] DEBUG: Loaded command: /blitzplan
[2026-08-31 02:11:34] DEBUG: Loaded command: /compliance
[2026-08-31 02:11:34] DEBUG: Loaded command: /counter
[2026-08-31 02:11:34] DEBUG: Loaded command: /hq
[2026-08-31 02:11:34] DEBUG: Loaded command: /operation
[2026-08-31 02:11:34] DEBUG: Loaded command: /readiness
[2026-08-31 02:11:34] DEBUG: Loaded command: /reserve
[2026-08-31 02:11:34] DEBUG: Loaded command: /war
[2026-08-31 02:11:34] DEBUG: Loaded command: /warroom
[2026-08-31 02:11:34] DEBUG: Loaded command: /gov-dashboard
[2026-08-31 02:11:34] DEBUG: Loaded command: /health
[2026-08-31 02:11:34] DEBUG: Loaded command: /participation
[2026-08-31 02:11:34] DEBUG: Loaded command: /report
[2026-08-31 02:11:34] DEBUG: Loaded command: /link
[2026-08-31 02:11:34] INFO: Total commands loaded: 30
[2026-08-31 02:11:34] INFO: ✅ Commands loaded
[2026-08-31 02:11:34] DEBUG: Loaded event: interactionCreate
[2026-08-31 02:11:35] DEBUG: Loaded event: clientReady
[2026-08-31 02:11:35] INFO: ✅ Events loaded
[2026-08-31 02:11:37] INFO: ✅ Bot is online! Logged in as: TUN Defence System Bot#4166
[2026-08-31 02:11:37] INFO:    Serving 1 server(s)
[2026-08-31 02:11:37] INFO: Starting background job scheduler...
[2026-08-31 02:11:37] INFO: ✅ Scheduler — defense 60s | attacks 1min | DNR 3min | beige 5min | military/vacation 15min | expiry 30min | backup 6h | daily 08:00 UTC
[2026-08-31 02:11:37] INFO: ✅ Background jobs started
[2026-08-31 02:11:47] INFO: Running startup checks...
[2026-08-31 02:11:47] DEBUG: Running beige exit check...
[2026-08-31 02:11:49] DEBUG: Beige: 120 total, 13 in beige
[2026-08-31 02:11:49] DEBUG: Beige check guild 1394283356459503737: 13 in beige, intervals: 60,30,15,5
[2026-08-31 02:11:49] DEBUG:   Ubermericus: 2040min remaining
[2026-08-31 02:11:49] DEBUG:   Mithrados: 2880min remaining
[2026-08-31 02:11:49] DEBUG:   Shadow Empire 1: 1920min remaining
[2026-08-31 02:11:49] DEBUG:   United Kingdoms of bobia: 840min remaining
[2026-08-31 02:11:49] DEBUG:   Paruna: 1920min remaining
[2026-08-31 02:11:49] DEBUG:   Respublik ow Wehlen: 3960min remaining
[2026-08-31 02:11:49] DEBUG:   Great Sheddy: 5520min remaining
[2026-08-31 02:11:49] DEBUG:   Destinyah: 480min remaining
[2026-08-31 02:11:49] DEBUG:   Valencian Empire: 2880min remaining
[2026-08-31 02:11:49] DEBUG:   United Afrikaan Republic: 2640min remaining
[2026-08-31 02:11:49] DEBUG:   The Null: 11520min remaining
[2026-08-31 02:11:49] DEBUG:   Independent Kwelder Republic: 11760min remaining
[2026-08-31 02:11:49] DEBUG:   IDONTKNOWLEAVEMEALONE: 14280min remaining
[2026-08-31 02:11:49] DEBUG: Treaty sync: 10 treaties for 14124
[2026-08-31 02:11:51] DEBUG: Alliance 14124: 67 total nations, 51 actual members, 16 applicants excluded
[2026-08-31 02:12:00] DEBUG: 🚫 Checking DNR violations...
[2026-08-31 02:14:31] INFO: Bot shut down. Database saved.
[2026-08-31 02:15:49] INFO: Starting PW Defense Bot...
[2026-08-31 02:15:49] INFO: Loaded existing database from disk
[2026-08-31 02:15:49] INFO: All database tables ready
[2026-08-31 02:15:49] INFO: Database ready at: C:\Users\hp\Desktop\pw-bot\data\bot.db
[2026-08-31 02:15:49] INFO: ✅ Database ready
[2026-08-31 02:15:49] DEBUG: Loaded command: /backup
[2026-08-31 02:15:49] DEBUG: Loaded command: /config
[2026-08-31 02:15:49] DEBUG: Loaded command: /alerts
[2026-08-31 02:15:49] DEBUG: Loaded command: /help
[2026-08-31 02:15:49] DEBUG: Loaded command: /ping
[2026-08-31 02:15:50] DEBUG: Loaded command: /beige
[2026-08-31 02:15:50] DEBUG: Loaded command: /coalition
[2026-08-31 02:15:50] DEBUG: Loaded command: /dnr
[2026-08-31 02:15:50] DEBUG: Loaded command: /enemy
[2026-08-31 02:15:50] DEBUG: Loaded command: /intel
[2026-08-31 02:15:50] DEBUG: Loaded command: /nation
[2026-08-31 02:15:50] DEBUG: Loaded command: /targets
[2026-08-31 02:15:50] DEBUG: Loaded command: /treaty
[2026-08-31 02:15:50] DEBUG: Loaded command: /watch
[2026-08-31 02:15:50] DEBUG: Loaded command: /assign
[2026-08-31 02:15:50] DEBUG: Loaded command: /blitz
[2026-08-31 02:15:50] DEBUG: Loaded command: /blitzplan
[2026-08-31 02:15:50] DEBUG: Loaded command: /compliance
[2026-08-31 02:15:50] DEBUG: Loaded command: /counter
[2026-08-31 02:15:50] DEBUG: Loaded command: /hq
[2026-08-31 02:15:50] DEBUG: Loaded command: /operation
[2026-08-31 02:15:50] DEBUG: Loaded command: /readiness
[2026-08-31 02:15:50] DEBUG: Loaded command: /reserve
[2026-08-31 02:15:50] DEBUG: Loaded command: /war
[2026-08-31 02:15:50] DEBUG: Loaded command: /warroom
[2026-08-31 02:15:50] DEBUG: Loaded command: /gov-dashboard
[2026-08-31 02:15:50] DEBUG: Loaded command: /health
[2026-08-31 02:15:50] DEBUG: Loaded command: /participation
[2026-08-31 02:15:50] DEBUG: Loaded command: /report
[2026-08-31 02:15:50] DEBUG: Loaded command: /link
[2026-08-31 02:15:50] INFO: Total commands loaded: 30
[2026-08-31 02:15:50] INFO: ✅ Commands loaded
[2026-08-31 02:15:50] DEBUG: Loaded event: interactionCreate
[2026-08-31 02:15:50] DEBUG: Loaded event: clientReady
[2026-08-31 02:15:50] INFO: ✅ Events loaded
[2026-08-31 02:15:52] INFO: ✅ Bot is online! Logged in as: TUN Defence System Bot#4166
[2026-08-31 02:15:52] INFO:    Serving 1 server(s)
[2026-08-31 02:15:52] INFO: Starting background job scheduler...
[2026-08-31 02:15:52] INFO: ✅ Scheduler — defense 60s | attacks 1min | DNR 3min | beige 5min | military/vacation 15min | expiry 30min | backup 6h | daily 08:00 UTC
[2026-08-31 02:15:52] INFO: ✅ Background jobs started
[2026-08-31 02:16:01] DEBUG: Treaty sync: 10 treaties for 14124
[2026-08-31 02:16:02] INFO: Running startup checks...
[2026-08-31 02:16:02] DEBUG: Running beige exit check...
[2026-08-31 02:16:03] DEBUG: Alliance 14124: 67 total nations, 51 actual members, 16 applicants excluded
[2026-08-31 02:16:04] DEBUG: Beige: 120 total, 13 in beige
[2026-08-31 02:16:04] DEBUG: Beige check guild 1394283356459503737: 13 in beige, intervals: 60,30,15,5
[2026-08-31 02:16:04] DEBUG:   Ubermericus: 2040min remaining
[2026-08-31 02:16:04] DEBUG:   Mithrados: 2880min remaining
[2026-08-31 02:16:04] DEBUG:   Shadow Empire 1: 1920min remaining
[2026-08-31 02:16:04] DEBUG:   United Kingdoms of bobia: 840min remaining
[2026-08-31 02:16:04] DEBUG:   Paruna: 1920min remaining
[2026-08-31 02:16:04] DEBUG:   Respublik ow Wehlen: 3960min remaining
[2026-08-31 02:16:04] DEBUG:   Great Sheddy: 5520min remaining
[2026-08-31 02:16:04] DEBUG:   Destinyah: 480min remaining
[2026-08-31 02:16:04] DEBUG:   Valencian Empire: 2880min remaining
[2026-08-31 02:16:04] DEBUG:   United Afrikaan Republic: 2640min remaining
[2026-08-31 02:16:04] DEBUG:   The Null: 11520min remaining
[2026-08-31 02:16:04] DEBUG:   Independent Kwelder Republic: 11760min remaining
[2026-08-31 02:16:04] DEBUG:   IDONTKNOWLEAVEMEALONE: 14280min remaining
[2026-08-31 02:16:58] ERROR: Error in /warroom: other side closed other side closed
SocketError: other side closed
    at TLSSocket.<anonymous> (C:\Users\hp\Desktop\pw-bot\node_modules\undici\lib\dispatcher\client-h1.js:701:24)
    at TLSSocket.emit (node:events:531:35)
    at endReadableNT (node:internal/streams/readable:1698:12)
    at process.processTicksAndRejections (node:internal/process/task_queues:89:21)
[2026-08-31 02:17:00] WARN: P&W API transient network error (FC1D0000:error:0A0003FC:SSL routines:ssl3_read_bytes:ssl/tls alert bad record mac:c:\ws\deps\openssl\openssl\ssl\record\rec_layer_s3.c:918:SSL alert number 20
) — retrying in 1500ms (attempt 1/2)
[2026-08-31 02:18:00] DEBUG: 🚫 Checking DNR violations...
[2026-08-31 02:20:00] DEBUG: ⏰ Running beige check...
[2026-08-31 02:20:00] DEBUG: Running beige exit check...
[2026-08-31 02:20:02] WARN: P&W API transient network error (FC1D0000:error:0A0003FC:SSL routines:ssl3_read_bytes:ssl/tls alert bad record mac:c:\ws\deps\openssl\openssl\ssl\record\rec_layer_s3.c:918:SSL alert number 20
) — retrying in 1500ms (attempt 1/2)
[2026-08-31 02:20:05] DEBUG: Beige: 120 total, 13 in beige
[2026-08-31 02:20:05] DEBUG: Beige check guild 1394283356459503737: 13 in beige, intervals: 60,30,15,5
[2026-08-31 02:20:05] DEBUG:   Ubermericus: 2040min remaining
[2026-08-31 02:20:05] DEBUG:   Mithrados: 2880min remaining
[2026-08-31 02:20:05] DEBUG:   Shadow Empire 1: 1920min remaining
[2026-08-31 02:20:05] DEBUG:   United Kingdoms of bobia: 840min remaining
[2026-08-31 02:20:05] DEBUG:   Paruna: 1920min remaining
[2026-08-31 02:20:05] DEBUG:   Respublik ow Wehlen: 3960min remaining
[2026-08-31 02:20:05] DEBUG:   Great Sheddy: 5520min remaining
[2026-08-31 02:20:05] DEBUG:   Destinyah: 480min remaining
[2026-08-31 02:20:05] DEBUG:   Valencian Empire: 2880min remaining
[2026-08-31 02:20:05] DEBUG:   United Afrikaan Republic: 2640min remaining
[2026-08-31 02:20:05] DEBUG:   The Null: 11520min remaining
[2026-08-31 02:20:05] DEBUG:   Independent Kwelder Republic: 11760min remaining
[2026-08-31 02:20:05] DEBUG:   IDONTKNOWLEAVEMEALONE: 14280min remaining
[2026-08-31 02:21:00] DEBUG: 🚫 Checking DNR violations...
[2026-08-31 02:21:00] WARN: P&W API transient network error (write EPROTO FC1D0000:error:0A00041B:SSL routines:ssl3_read_bytes:tlsv1 alert decrypt error:c:\ws\deps\openssl\openssl\ssl\record\rec_layer_s3.c:918:SSL alert number 51
) — retrying in 1500ms (attempt 1/2)
[2026-08-31 02:24:00] DEBUG: 🚫 Checking DNR violations...
[2026-08-31 02:25:00] DEBUG: ⏰ Running beige check...
[2026-08-31 02:25:00] DEBUG: Running beige exit check...
[2026-08-31 02:25:01] DEBUG: Beige: 120 total, 13 in beige
[2026-08-31 02:25:01] DEBUG: Beige check guild 1394283356459503737: 13 in beige, intervals: 60,30,15,5
[2026-08-31 02:25:01] DEBUG:   Ubermericus: 2040min remaining
[2026-08-31 02:25:01] DEBUG:   Mithrados: 2880min remaining
[2026-08-31 02:25:01] DEBUG:   Shadow Empire 1: 1920min remaining
[2026-08-31 02:25:01] DEBUG:   United Kingdoms of bobia: 840min remaining
[2026-08-31 02:25:01] DEBUG:   Paruna: 1920min remaining
[2026-08-31 02:25:01] DEBUG:   Respublik ow Wehlen: 3960min remaining
[2026-08-31 02:25:01] DEBUG:   Great Sheddy: 5520min remaining
[2026-08-31 02:25:01] DEBUG:   Destinyah: 480min remaining
[2026-08-31 02:25:01] DEBUG:   Valencian Empire: 2880min remaining
[2026-08-31 02:25:01] DEBUG:   United Afrikaan Republic: 2640min remaining
[2026-08-31 02:25:01] DEBUG:   The Null: 11520min remaining
[2026-08-31 02:25:01] DEBUG:   Independent Kwelder Republic: 11760min remaining
[2026-08-31 02:25:01] DEBUG:   IDONTKNOWLEAVEMEALONE: 14280min remaining
[2026-08-31 02:27:00] DEBUG: 🚫 Checking DNR violations...
[2026-08-31 02:27:02] DEBUG: Alliance 14124: 67 total nations, 51 actual members, 16 applicants excluded
[2026-08-31 02:28:04] WARN: P&W API transient network error (FC1D0000:error:0A0003FC:SSL routines:ssl3_read_bytes:ssl/tls alert bad record mac:c:\ws\deps\openssl\openssl\ssl\record\rec_layer_s3.c:918:SSL alert number 20
) — retrying in 1500ms (attempt 1/2)
[2026-08-31 02:30:00] DEBUG: 🚫 Checking DNR violations...
[2026-08-31 02:30:00] DEBUG: ⏰ Running beige check...
[2026-08-31 02:30:00] DEBUG: Running beige exit check...
[2026-08-31 02:30:00] DEBUG: 🔍 Checking military changes...
[2026-08-31 02:30:00] DEBUG: 🏖️ Checking vacation mode changes...
[2026-08-31 02:30:00] DEBUG: ⏰ Checking war expiry...
[2026-08-31 02:30:01] INFO: Military change alert sent for nation 773165 in guild 1394283356459503737
[2026-08-31 02:30:01] DEBUG: Beige: 120 total, 13 in beige
[2026-08-31 02:30:01] DEBUG: Beige check guild 1394283356459503737: 13 in beige, intervals: 60,30,15,5
[2026-08-31 02:30:01] DEBUG:   Ubermericus: 2040min remaining
[2026-08-31 02:30:01] DEBUG:   Mithrados: 2880min remaining
[2026-08-31 02:30:01] DEBUG:   Shadow Empire 1: 1920min remaining
[2026-08-31 02:30:01] DEBUG:   United Kingdoms of bobia: 840min remaining
[2026-08-31 02:30:01] DEBUG:   Paruna: 1920min remaining
[2026-08-31 02:30:01] DEBUG:   Respublik ow Wehlen: 3960min remaining
[2026-08-31 02:30:01] DEBUG:   Great Sheddy: 5520min remaining
[2026-08-31 02:30:01] DEBUG:   Destinyah: 480min remaining
[2026-08-31 02:30:01] DEBUG:   Valencian Empire: 2880min remaining
[2026-08-31 02:30:01] DEBUG:   United Afrikaan Republic: 2640min remaining
[2026-08-31 02:30:01] DEBUG:   The Null: 11520min remaining
[2026-08-31 02:30:01] DEBUG:   Independent Kwelder Republic: 11760min remaining
[2026-08-31 02:30:01] DEBUG:   IDONTKNOWLEAVEMEALONE: 14280min remaining
[2026-08-31 02:30:02] INFO: Military change alert sent for nation 786691 in guild 1394283356459503737
[2026-08-31 02:30:03] INFO: Military change alert sent for nation 790035 in guild 1394283356459503737
[2026-08-31 02:30:04] INFO: Military change alert sent for nation 790157 in guild 1394283356459503737
[2026-08-31 02:30:04] INFO: Military change alert sent for nation 791373 in guild 1394283356459503737
[2026-08-31 02:31:01] WARN: P&W API transient network error (FC1D0000:error:0A0003FC:SSL routines:ssl3_read_bytes:ssl/tls alert bad record mac:c:\ws\deps\openssl\openssl\ssl\record\rec_layer_s3.c:918:SSL alert number 20
) — retrying in 1500ms (attempt 1/2)
[2026-08-31 02:32:56] INFO: Bot shut down. Database saved.
[2026-08-31 02:37:58] INFO: Loaded existing database from disk
[2026-08-31 02:37:58] INFO: All database tables ready
[2026-08-31 02:37:58] INFO: Database ready at: C:\Users\hp\Desktop\pw-bot\data\bot.db
